release_id	corrected_date	source	old_date
55	1979-06-01	wikidata:Q55623053	1979-01-01
99	1980-12-01	wikidata:Q88649	1980-01-01
100	1980-05-05	wikidata:Q1751498	1980-01-01
220	1981-09-01	wikidata:Q1886140	1981-01-01
280	1982-05-01	wikidata:Q1076255	1982-01-01
281	1982-05-01	wikidata:Q1076255	1982-01-01
294	1982-03-11	wikidata:Q1180916	1982-01-01
295	1982-03-11	wikidata:Q1180916	1982-01-01
306	1982-05-21	wikidata:Q5305362	1982-01-01
345	1982-10-01	wikidata:Q1800074	1982-01-01
417	1982-09-01	wikidata:Q1419773	1982-01-01
448	1982-02-01	wikidata:Q4053202	1982-01-01
615	1983-03-29	wikidata:Q30694052	1983-01-01
617	1983-08-01	wikidata:Q48560650	1983-01-01
618	1983-08-01	wikidata:Q48560650	1983-01-01
679	1983-03-01	wikidata:Q923826	1983-01-01
747	1983-02-25	regional:jp	1983-01-01
748	1983-02-25	regional:jp	1983-01-01
749	1983-02-25	regional:jp	1983-01-01
750	1983-02-25	regional:jp	1983-01-01
751	1983-02-25	regional:jp	1983-01-01
797	1983-04-01	wikidata:Q25395036	1983-01-01
798	1983-04-01	wikidata:Q25395036	1983-01-01
806	1983-07-15	wikidata:Q12384	1983-01-01
807	1983-07-15	regional:jp	1983-01-01
808	1983-07-15	regional:jp	1983-01-01
828	1983-08-10	wikidata:Q5375394	1983-01-01
924	1983-09-16	wikidata:Q13476157	1983-01-01
963	1983-06-01	wikidata:Q1800074	1983-01-01
974	1983-06-23	wikidata:Q1197566	1983-01-01
975	1983-06-23	wikidata:Q1197566	1983-01-01
976	1983-06-23	wikidata:Q1197566	1983-01-01
1043	1983-02-01	wikidata:Q109358272	1983-01-01
1107	1983-12-31	wikidata:Q2095418	1983-01-01
1116	1983-07-08	wikidata:Q2098196	1983-01-01
1207	1983-12-31	wikidata:Q7540179	1983-01-01
1217	1983-12-31	wikidata:Q2299128	1983-01-01
1245	1983-12-31	wikidata:Q3496992	1983-01-01
1246	1983-12-31	wikidata:Q3496992	1983-01-01
1288	1983-02-22	wikidata:Q7649171	1983-01-01
1361	1983-12-31	wikidata:Q115251523	1983-01-01
1365	1983-05-24	wikidata:Q2415289	1983-01-01
1445	1984-05-01	wikidata:Q7968352	1984-01-01
1622	1984-06-01	wikidata:Q2552890	1984-01-01
1650	1984-07-14	wikidata:Q2294890	1984-01-01
1658	1984-06-01	wikidata:Q4955790	1984-01-01
1700	1984-04-01	wikidata:Q2732183	1984-01-01
1735	1984-08-09	wikidata:Q5196965	1984-01-01
1761	1984-09-01	wikidata:Q2752913	1984-01-01
1807	1984-03-01	wikidata:Q5420074	1984-01-01
1859	1984-09-07	regional:jp	1984-01-01
1860	1984-09-07	regional:jp	1984-01-01
1861	1984-09-07	regional:jp	1984-01-01
1887	1984-07-01	wikidata:Q5625472	1984-01-01
1915	1984-09-14	wikidata:Q756513	1984-01-01
1934	1984-05-12	regional:jp	1984-01-01
1935	1984-05-12	wikidata:Q532200	1984-01-01
1966	1984-06-01	wikidata:Q2737362	1984-01-01
1992	1984-12-07	wikidata:Q2422991	1984-01-01
2015	1984-09-15	regional:jp	1984-01-01
2031	1984-11-14	regional:jp	1984-01-01
2107	1984-07-28	wikidata:Q5410234	1984-01-01
2131	1984-11-02	wikidata:Q173626	1984-01-01
2132	1984-11-02	wikidata:Q173626	1984-01-01
2196	1984-12-31	wikidata:Q2851830	1984-01-01
2202	1984-07-01	wikidata:Q2568153	1984-01-01
2203	1984-07-01	wikidata:Q2568153	1984-01-01
2216	1984-08-15	wikidata:Q7317933	1984-01-01
2250	1984-05-01	wikidata:Q7441958	1984-01-01
2259	1984-12-31	wikidata:Q55676	1984-01-01
2260	1984-12-31	wikidata:Q55676	1984-01-01
2283	1984-01-31	wikidata:Q7563358	1984-01-01
2342	1984-10-05	wikidata:Q1308062	1984-01-01
2351	1984-08-30	wikidata:Q2008839	1984-01-01
2368	1984-09-14	wikidata:Q756513	1984-01-01
2440	1984-06-01	wikidata:Q25387958	1984-01-01
2494	1984-06-08	regional:na	1984-01-01
2496	1984-06-08	regional:na	1984-01-01
2498	1984-06-08	regional:na	1984-01-01
2499	1984-06-08	regional:na	1984-01-01
2500	1984-06-08	regional:na	1984-01-01
2502	1984-06-08	regional:na	1984-01-01
2575	1985-09-01	wikidata:Q804628	1985-01-01
2579	1985-12-15	wikidata:Q805415	1985-01-01
2681	1985-05-01	wikidata:Q1115150	1985-01-01
2682	1985-05-01	wikidata:Q1115150	1985-01-01
2733	1985-07-15	wikidata:Q5305280	1985-01-01
2735	1985-02-23	wikidata:Q28126844	1985-01-01
2742	1985-06-28	wikidata:Q3049160	1985-01-01
2749	1985-06-28	wikidata:Q591171	1985-01-01
2794	1985-04-04	wikidata:Q5470030	1985-01-01
2822	1985-11-01	wikidata:Q734758	1985-01-01
2873	1985-09-27	wikidata:Q532200	1985-01-01
2886	1985-11-01	wikidata:Q1328570	1985-01-01
2909	1985-12-05	wikidata:Q2353348	1985-01-01
2921	1985-05-23	regional:jp	1985-01-01
2928	1985-06-21	wikidata:Q1319139	1985-01-01
2955	1985-12-21	regional:jp	1985-01-01
2957	1985-12-05	regional:jp	1985-01-01
2986	1985-04-01	wikidata:Q6849871	1985-01-01
2990	1985-04-06	wikidata:Q11342365	1985-01-01
3019	1985-12-01	wikidata:Q1859666	1985-01-01
3037	1985-11-21	wikidata:Q7122035	1985-01-01
3060	1985-12-01	wikidata:Q3926658	1985-01-01
3086	1985-07-11	regional:jp	1985-01-01
3104	1985-07-01	wikidata:Q1514023	1985-01-01
3148	1985-04-01	wikidata:Q3491157	1985-01-01
3153	1985-04-17	wikidata:Q220665	1985-01-01
3159	1985-09-16	wikidata:Q7575870	1985-01-01
3176	1985-03-04	wikidata:Q7601004	1985-01-01
3238	1985-12-21	regional:jp	1985-01-01
3305	1985-10-01	wikidata:Q1790249	1985-01-01
3307	1985-05-01	wikidata:Q1941016	1985-01-01
3310	1985-09-01	wikidata:Q8028760	1985-01-01
3325	1985-04-22	regional:jp	1985-01-01
3326	1985-04-22	regional:jp	1985-01-01
3350	1985-05-22	regional:na	1985-01-01
3351	1985-05-24	regional:na	1985-01-01
3358	1985-07-03	regional:na	1985-01-01
3420	1986-12-06	wikidata:Q2669580	1986-01-01
3458	1986-02-01	wikidata:Q3613155	1986-01-01
3459	1986-02-01	wikidata:Q3613155	1986-01-01
3477	1986-12-26	regional:jp	1986-01-01
3549	1986-11-28	regional:jp	1986-01-01
3552	1986-06-01	wikidata:Q90985	1986-01-01
3581	1986-08-05	wikidata:Q138331892	1986-01-01
3607	1986-10-06	wikidata:Q5245060	1986-01-01
3616	1986-10-01	wikidata:Q5265364	1986-01-01
3626	1986-06-01	wikidata:Q12384	1986-01-01
3627	1986-06-01	wikidata:Q12384	1986-01-01
3628	1986-06-01	wikidata:Q12384	1986-01-01
3629	1986-11-01	wikidata:Q25396413	1986-01-01
3631	1986-05-27	wikidata:Q2313869	1986-01-01
3632	1986-05-27	wikidata:Q2313869	1986-01-01
3680	1986-03-20	wikidata:Q2962094	1986-01-01
3685	1986-12-01	wikidata:Q5451889	1986-01-01
3686	1986-12-01	wikidata:Q5451889	1986-01-01
3728	1986-06-13	wikidata:Q956303	1986-01-01
3729	1986-06-13	wikidata:Q956303	1986-01-01
3777	1986-12-15	wikidata:Q13630627	1986-01-01
3832	1986-12-30	wikidata:Q1844732	1986-01-01
3840	1986-09-18	wikidata:Q6410984	1986-01-01
3845	1986-12-19	regional:jp	1986-01-01
3874	1986-02-03	wikidata:Q138331775	1986-01-01
3877	1986-07-11	wikidata:Q1671179	1986-01-01
3879	1986-04-18	wikidata:Q2585558	1986-01-01
3936	1986-12-16	regional:jp	1986-01-01
3964	1986-09-18	wikidata:Q1946760	1986-01-01
4023	1986-10-28	wikidata:Q2110492	1986-01-01
4038	1986-06-01	wikidata:Q2303119	1986-01-01
4125	1986-10-01	wikidata:Q15036769	1986-01-01
4129	1986-12-31	wikidata:Q7489456	1986-01-01
4159	1986-12-01	wikidata:Q1707792	1986-01-01
4185	1986-06-13	wikidata:Q1756741	1986-01-01
4187	1986-04-04	wikidata:Q7601023	1986-01-01
4190	1986-08-15	wikidata:Q1462499	1986-01-01
4198	1986-12-31	wikidata:Q3392090	1986-01-01
4239	1986-09-27	regional:jp	1986-01-01
4240	1986-09-27	regional:jp	1986-01-01
4249	1986-11-01	wikidata:Q25396413	1986-01-01
4256	1986-04-18	wikidata:Q2585558	1986-01-01
4294	1986-05-09	wikidata:Q2453548	1986-01-01
4301	1986-04-01	wikidata:Q950084	1986-01-01
4305	1986-05-01	wikidata:Q3397426	1986-01-01
4306	1986-05-01	wikidata:Q3397426	1986-01-01
4308	1986-01-04	regional:jp	1986-01-01
4323	1986-10-30	wikidata:Q2320111	1986-01-01
4379	1986-11-28	wikidata:Q2379922	1986-01-01
4414	1986-05-16	regional:na	1986-01-01
4426	1986-07-02	regional:na	1986-01-01
4427	1986-07-02	regional:na	1986-01-01
4554	1987-06-10	wikidata:Q20707450	1987-01-01
4596	1987-06-05	wikidata:Q55610	1987-01-01
4597	1987-06-05	wikidata:Q55610	1987-01-01
4656	1987-10-08	wikidata:Q893416	1987-01-01
4678	1987-10-30	wikidata:Q88759	1987-01-01
4679	1987-10-30	wikidata:Q88759	1987-01-01
4680	1987-10-30	wikidata:Q88759	1987-01-01
4681	1987-10-30	wikidata:Q88759	1987-01-01
4687	1987-02-12	wikidata:Q304643	1987-01-01
4731	1987-04-02	wikidata:Q5150671	1987-01-01
4732	1987-04-02	wikidata:Q5150671	1987-01-01
4768	1987-05-30	wikidata:Q5250165	1987-01-01
4787	1987-06-01	wikidata:Q147789	1987-01-01
4801	1987-01-07	regional:jp	1987-01-01
4818	1987-05-24	regional:jp	1987-01-01
4821	1987-06-02	wikidata:Q30899907	1987-01-01
4884	1987-03-06	regional:jp	1987-01-01
4885	1987-03-06	regional:jp	1987-01-01
4908	1987-03-01	wikidata:Q3094765	1987-01-01
4982	1987-08-01	wikidata:Q392948	1987-01-01
4983	1987-08-01	wikidata:Q392948	1987-01-01
4994	1987-04-14	wikidata:Q11673876	1987-01-01
5024	1987-05-01	wikidata:Q2796607	1987-01-01
5025	1987-05-01	wikidata:Q2796607	1987-01-01
5026	1987-05-01	wikidata:Q2796607	1987-01-01
5027	1987-05-01	wikidata:Q2796607	1987-01-01
5088	1987-10-02	regional:jp	1987-01-01
5110	1987-12-31	wikidata:Q6422357	1987-01-01
5139	1987-08-01	wikidata:Q2585558	1987-01-01
5144	1987-07-05	wikidata:Q590699	1987-01-01
5160	1987-05-06	wikidata:Q2412633	1987-01-01
5173	1987-10-05	wikidata:Q240143	1987-01-01
5190	1987-04-18	wikidata:Q3303109	1987-01-01
5208	1987-10-18	regional:jp	1987-01-01
5209	1987-10-18	wikidata:Q6872454	1987-01-01
5240	1987-08-22	wikidata:Q1142748	1987-01-01
5255	1987-07-22	wikidata:Q1536551	1987-01-01
5267	1987-07-01	wikidata:Q113961935	1987-01-01
5300	1987-07-30	wikidata:Q7205503	1987-01-01
5333	1987-07-01	wikidata:Q55673	1987-01-01
5359	1987-04-17	wikidata:Q88947	1987-01-01
5360	1987-04-17	wikidata:Q88947	1987-01-01
5381	1987-12-31	wikidata:Q7355233	1987-01-01
5382	1987-12-31	wikidata:Q7355233	1987-01-01
5389	1987-04-17	regional:jp	1987-01-01
5390	1987-04-17	regional:jp	1987-01-01
5398	1987-12-31	wikidata:Q55533	1987-01-01
5408	1987-12-31	wikidata:Q53124832	1987-01-01
5419	1987-07-30	wikidata:Q537381	1987-01-01
5424	1987-12-14	wikidata:Q2278333	1987-01-01
5457	1987-07-01	wikidata:Q1075814	1987-01-01
5458	1987-07-01	wikidata:Q1075814	1987-01-01
5459	1987-12-01	wikidata:Q15197255	1987-01-01
5495	1987-04-30	wikidata:Q7604356	1987-01-01
5519	1987-06-06	wikidata:Q1234583	1987-01-01
5595	1987-09-03	wikidata:Q1171208	1987-01-01
5596	1987-10-01	wikidata:Q131917654	1987-01-01
5601	1987-05-06	wikidata:Q2412633	1987-01-01
5679	1987-09-01	wikidata:Q1790249	1987-01-01
5692	1987-03-22	wikidata:Q780496	1987-01-01
5717	1987-06-21	wikidata:Q1142839	1987-01-01
5746	1987-01-18	regional:jp	1987-01-01
5762	1987-03-22	regional:jp	1987-01-01
5779	1987-07-01	regional:jp	1987-01-01
5785	1989-08-25	wikidata:Q1985756	1989-01-01
5788	1987-07-17	regional:na	1987-01-01
5796	1987-07-31	regional:na	1987-01-01
5800	1987-08-01	regional:na	1987-01-01
5801	1986-11-01	wikidata:Q1182594	1986-01-01
5802	1987-08-01	regional:na	1987-01-01
5803	1991-07-25	wikidata:Q1182594	1991-01-01
5804	1989-07-01	wikidata:Q1182594	1989-01-01
5807	1987-08-01	regional:na	1987-01-01
5808	1987-03-29	regional:jp	1987-01-01
5894	1987-03-29	regional:jp	1987-01-01
5929	1988-06-20	wikidata:Q55535	1988-01-01
5930	1988-06-20	regional:jp	1988-01-01
5966	1988-01-05	wikidata:Q1089369	1988-01-01
5982	1988-02-29	wikidata:Q598908	1988-01-01
5983	1988-12-02	regional:jp	1988-01-01
5984	1988-12-02	regional:jp	1988-01-01
5985	1988-12-02	regional:jp	1988-01-01
5987	1988-11-27	wikidata:Q1355850	1988-01-01
6009	1988-03-08	wikidata:Q2459946	1988-01-01
6010	1988-03-08	regional:jp	1988-01-01
6012	1988-03-08	regional:jp	1988-01-01
6038	1988-03-04	wikidata:Q205508	1988-01-01
6064	1988-10-01	wikidata:Q2891842	1988-01-01
6235	1988-08-01	wikidata:Q5256184	1988-01-01
6236	1988-08-01	wikidata:Q5256184	1988-01-01
6264	1988-04-08	wikidata:Q698705	1988-01-01
6301	1988-01-15	wikidata:Q55815	1988-01-01
6331	1988-11-10	wikidata:Q3255718	1988-01-01
6380	1988-06-17	wikidata:Q61942965	1988-01-01
6381	1988-06-17	wikidata:Q61942965	1988-01-01
6425	1988-11-01	wikidata:Q122372839	1988-01-01
6426	1988-11-01	wikidata:Q122372839	1988-01-01
6427	1988-11-01	wikidata:Q122372839	1988-01-01
6471	1988-12-26	wikidata:Q2042716	1988-01-01
6472	1988-12-26	wikidata:Q2042716	1988-01-01
6539	1988-04-16	regional:jp	1988-01-01
6592	1988-06-01	wikidata:Q2073676	1988-01-01
6657	1988-10-01	wikidata:Q2417526	1988-01-01
6698	1988-09-13	regional:jp	1988-01-01
6857	1988-04-28	wikidata:Q2660370	1988-01-01
6869	1988-12-31	wikidata:Q7172732	1988-01-01
6870	1988-12-31	wikidata:Q7172732	1988-01-01
6871	1988-12-31	wikidata:Q7172732	1988-01-01
6872	1988-12-31	wikidata:Q7172732	1988-01-01
6880	1988-09-16	regional:jp	1988-01-01
6889	1988-12-31	wikidata:Q21406781	1988-01-01
6893	1988-12-01	wikidata:Q3392005	1988-01-01
6894	1988-12-01	wikidata:Q3392005	1988-01-01
6918	1988-03-10	wikidata:Q3910069	1988-01-01
6919	1988-03-10	wikidata:Q3910069	1988-01-01
6957	1988-12-01	wikidata:Q1192318	1988-01-01
7083	1988-11-26	wikidata:Q1288651	1988-01-01
7128	1988-12-31	wikidata:Q7601024	1988-01-01
7130	1988-12-31	wikidata:Q7601024	1988-01-01
7223	1988-06-01	wikidata:Q3984595	1988-01-01
7224	1988-06-01	wikidata:Q3984595	1988-01-01
7230	1988-01-27	wikidata:Q131386411	1988-01-01
7231	1988-01-27	wikidata:Q131386411	1988-01-01
7233	1988-01-27	wikidata:Q131386411	1988-01-01
7234	1988-01-27	wikidata:Q131386411	1988-01-01
7244	1988-11-01	wikidata:Q122372839	1988-01-01
7295	1988-12-01	wikidata:Q2197045	1988-01-01
7355	1988-08-01	wikidata:Q7937965	1988-01-01
7356	1988-08-01	wikidata:Q7937965	1988-01-01
7436	1988-10-01	wikidata:Q144559	1988-01-01
7437	1988-10-01	wikidata:Q144559	1988-01-01
7448	1988-10-19	wikidata:Q979567	1988-01-01
7500	1988-01-31	regional:jp	1988-01-01
7509	1988-05-25	regional:na	1988-01-01
7521	1988-06-22	regional:na	1988-01-01
7522	1988-06-22	regional:na	1988-01-01
7523	1988-06-22	regional:na	1988-01-01
7527	1988-03-10	regional:jp	1988-01-01
7531	1988-07-01	regional:na	1988-01-01
7533	1988-02-29	regional:jp	1988-01-01
7553	1988-01-31	regional:jp	1988-01-01
7567	1988-03-26	regional:jp	1988-01-01
7609	1988-10-01	regional:jp	1988-01-01
7630	1988-08-14	regional:jp	1988-01-01
7638	1988-02-29	regional:jp	1988-01-01
7676	1989-04-20	wikidata:Q55538	1989-01-01
7677	1989-04-20	wikidata:Q55538	1989-01-01
7739	1989-12-01	wikidata:Q91268	1989-01-01
7748	1989-06-06	wikidata:Q4797735	1989-01-01
7750	1989-06-06	wikidata:Q4797735	1989-01-01
7797	1989-09-04	wikidata:Q4034913	1989-01-01
7820	1989-10-01	wikidata:Q884654	1989-01-01
7822	1989-01-06	wikidata:Q1406407	1989-01-01
7823	1989-01-06	wikidata:Q1406407	1989-01-01
7833	1989-02-04	regional:jp	1989-01-01
7872	1989-06-01	wikidata:Q88855	1989-01-01
7895	1989-12-08	regional:jp	1989-01-01
7896	1989-12-08	regional:jp	1989-01-01
7897	1989-12-08	regional:jp	1989-01-01
7898	1989-12-08	regional:jp	1989-01-01
7921	1989-10-01	wikidata:Q2268000	1989-01-01
7922	1989-10-01	wikidata:Q2268000	1989-01-01
8039	1989-11-01	wikidata:Q16267544	1989-01-01
8123	1989-10-01	wikidata:Q83115	1989-01-01
8124	1989-10-01	wikidata:Q83115	1989-01-01
8178	1989-10-01	wikidata:Q5527133	1989-01-01
8187	1989-04-20	wikidata:Q17190863	1989-01-01
8201	1989-01-27	wikidata:Q1046574	1989-01-01
8212	1989-04-01	wikidata:Q57837873	1989-01-01
8222	1989-06-01	wikidata:Q2042716	1989-01-01
8225	1989-02-23	wikidata:Q1995635	1989-01-01
8233	1989-02-01	wikidata:Q2333387	1989-01-01
8234	1989-02-01	wikidata:Q2333387	1989-01-01
8235	1989-02-01	wikidata:Q2333387	1989-01-01
8289	1989-07-01	wikidata:Q1571232	1989-01-01
8325	1989-03-14	wikidata:Q6131400	1989-01-01
8371	1989-10-01	wikidata:Q6422459	1989-01-01
8391	1989-07-01	wikidata:Q1892615	1989-01-01
8402	1989-11-01	wikidata:Q2498436	1989-01-01
8569	1989-05-01	wikidata:Q288958	1989-01-01
8570	1989-05-01	wikidata:Q288958	1989-01-01
8580	1989-03-18	wikidata:Q785278	1989-01-01
8635	1989-06-05	wikidata:Q1239244	1989-01-01
8636	1989-06-05	wikidata:Q1239244	1989-01-01
8656	1989-10-03	wikidata:Q4047361	1989-01-01
8701	1989-06-01	regional:eu	1989-01-01
8733	1989-12-31	wikidata:Q1872394	1989-01-01
8734	1989-12-31	wikidata:Q1872394	1989-01-01
8735	1989-12-31	wikidata:Q1872394	1989-01-01
8736	1989-12-31	wikidata:Q1872394	1989-01-01
8743	1989-08-25	wikidata:Q1985756	1989-01-01
8754	1989-10-01	wikidata:Q3440992	1989-01-01
8798	1989-11-01	wikidata:Q2651563	1989-01-01
8806	1989-12-01	wikidata:Q2468410	1989-01-01
8807	1989-12-01	wikidata:Q2468410	1989-01-01
8810	1989-12-01	wikidata:Q2468410	1989-01-01
8812	1989-07-06	wikidata:Q3482630	1989-01-01
8813	1989-07-06	wikidata:Q3482630	1989-01-01
8828	1989-10-03	wikidata:Q7798922	1989-01-01
8857	1989-01-06	regional:jp	1989-01-01
8858	1989-01-06	regional:jp	1989-01-01
8862	1989-12-21	wikidata:Q2040456	1989-01-01
8910	1989-03-07	wikidata:Q1780344	1989-01-01
8913	1989-03-07	wikidata:Q1780344	1989-01-01
8966	1989-05-12	wikidata:Q2172154	1989-01-01
9049	1989-02-11	wikidata:Q2567511	1989-01-01
9050	1989-02-11	wikidata:Q2567511	1989-01-01
9051	1989-02-11	wikidata:Q2567511	1989-01-01
9106	1989-12-01	wikidata:Q7981796	1989-01-01
9173	1989-02-01	regional:na	1989-01-01
9191	1988-06-02	regional:jp	1988-01-01
9192	1989-03-01	regional:na	1989-01-01
9194	1989-03-01	regional:na	1989-01-01
9266	1989-05-24	regional:na	1989-01-01
9267	1989-05-24	regional:na	1989-01-01
9268	1989-05-24	regional:na	1989-01-01
9291	1989-06-16	regional:na	1989-01-01
9292	1989-06-16	regional:na	1989-01-01
9293	1989-06-16	regional:na	1989-01-01
9294	1989-06-16	regional:na	1989-01-01
9313	1989-07-14	regional:na	1989-01-01
9314	1989-07-14	regional:na	1989-01-01
9315	1989-07-14	regional:na	1989-01-01
9333	1989-08-01	regional:na	1989-01-01
9363	1988-07-02	regional:jp	1988-01-01
9372	1989-06-30	regional:jp	1989-01-01
9378	1989-09-01	regional:na	1989-01-01
9380	1989-09-01	regional:na	1989-01-01
9400	1989-10-01	regional:na	1989-01-01
9440	1989-11-17	regional:na	1989-01-01
9445	1991-11-11	regional:eu	1991-01-01
9529	1990-11-29	regional:jp	1990-01-01
9554	1990-07-20	regional:jp	1990-01-01
9555	1990-10-01	wikidata:Q4736302	1990-01-01
9631	1990-11-23	wikidata:Q2710703	1990-01-01
9632	1990-11-23	wikidata:Q2710703	1990-01-01
9643	1990-09-21	regional:jp	1990-01-01
9655	1990-11-01	wikidata:Q88742	1990-01-01
9666	1990-10-19	regional:jp	1990-01-01
9672	1990-04-16	wikidata:Q97658108	1990-01-01
9735	1990-06-29	wikidata:Q1112940	1990-01-01
9757	1990-12-20	wikidata:Q2742747	1990-01-01
9759	1990-12-20	wikidata:Q2742747	1990-01-01
9786	1990-05-19	regional:jp	1990-01-01
9794	1990-03-16	wikidata:Q374820	1990-01-01
9800	1990-10-01	wikidata:Q5243398	1990-01-01
9801	1990-10-01	wikidata:Q5243398	1990-01-01
9802	1990-10-01	wikidata:Q5243398	1990-01-01
10008	1990-11-16	regional:jp	1990-01-01
10032	1990-12-21	regional:jp	1990-01-01
10080	1990-11-01	wikidata:Q2592213	1990-01-01
10081	1990-11-01	wikidata:Q2592213	1990-01-01
10110	1990-04-01	wikidata:Q2017774	1990-01-01
10114	1990-03-01	wikidata:Q6114335	1990-01-01
10116	1990-09-14	regional:jp	1990-01-01
10130	1990-03-23	regional:jp	1990-01-01
10177	1990-12-14	wikidata:Q677764	1990-01-01
10179	1990-12-14	wikidata:Q677764	1990-01-01
10180	1990-12-14	wikidata:Q677764	1990-01-01
10181	1990-12-14	wikidata:Q677764	1990-01-01
10182	1990-12-14	wikidata:Q677764	1990-01-01
10183	1990-12-14	wikidata:Q677764	1990-01-01
10184	1990-12-14	wikidata:Q677764	1990-01-01
10186	1990-05-01	wikidata:Q46993156	1990-01-01
10194	1990-11-01	wikidata:Q6450419	1990-01-01
10195	1990-11-01	wikidata:Q6450419	1990-01-01
10203	1990-11-10	regional:jp	1990-01-01
10244	1990-10-01	wikidata:Q512624	1990-01-01
10245	1990-04-01	wikidata:Q4043185	1990-01-01
10298	1990-07-20	wikidata:Q1995422	1990-01-01
10347	1990-08-01	wikidata:Q2403130	1990-01-01
10348	1990-08-01	wikidata:Q2403130	1990-01-01
10349	1990-08-01	wikidata:Q2403130	1990-01-01
10367	1990-10-01	wikidata:Q448882	1990-01-01
10368	1990-10-01	wikidata:Q448882	1990-01-01
10408	1990-02-09	regional:jp	1990-01-01
10418	1990-07-06	wikidata:Q7126660	1990-01-01
10425	1990-11-01	regional:eu	1990-01-01
10437	1990-09-01	wikidata:Q1131067	1990-01-01
10450	1990-11-01	regional:eu	1990-01-01
10459	1990-12-31	wikidata:Q681057	1990-01-01
10460	1990-12-31	wikidata:Q681057	1990-01-01
10486	1990-11-01	wikidata:Q2182742	1990-01-01
10488	1990-11-01	wikidata:Q2182742	1990-01-01
10492	1990-04-13	regional:jp	1990-01-01
10498	1990-08-01	wikidata:Q2783679	1990-01-01
10532	1990-12-31	wikidata:Q3935000	1990-01-01
10564	1990-04-27	wikidata:Q7389524	1990-01-01
10585	1990-10-01	wikidata:Q179247	1990-01-01
10586	1990-10-01	wikidata:Q179247	1990-01-01
10587	1990-05-18	wikidata:Q3477254	1990-01-01
10593	1990-08-10	regional:jp	1990-01-01
10594	1990-12-01	regional:jp	1990-01-01
10607	1990-01-30	regional:jp	1990-01-01
10632	1990-12-31	wikidata:Q2982608	1990-01-01
10633	1990-12-31	wikidata:Q2982608	1990-01-01
10653	1990-02-24	wikidata:Q2746704	1990-01-01
10680	1990-07-01	wikidata:Q614831	1990-01-01
10681	1990-07-01	wikidata:Q614831	1990-01-01
10708	1990-10-01	wikidata:Q1758350	1990-01-01
10720	1990-04-01	wikidata:Q2017774	1990-01-01
10745	1990-08-17	wikidata:Q2172154	1990-01-01
10820	1990-06-23	regional:jp	1990-01-01
10872	1990-10-01	wikidata:Q389344	1990-01-01
10900	1990-12-30	wikidata:Q3570039	1990-01-01
10932	1990-01-13	regional:jp	1990-01-01
10972	1990-03-01	regional:na	1990-01-01
10977	1990-03-01	regional:na	1990-01-01
11038	1990-04-01	regional:na	1990-01-01
11104	1990-04-13	regional:jp	1990-01-01
11106	1990-03-23	regional:jp	1990-01-01
11112	1990-06-01	regional:na	1990-01-01
11119	1990-06-01	regional:na	1990-01-01
11133	1990-06-15	regional:na	1990-01-01
11134	1991-02-21	wikidata:Q3116412	1991-01-01
11135	1990-06-15	regional:na	1990-01-01
11136	1990-06-15	regional:na	1990-01-01
11137	1990-06-15	regional:na	1990-01-01
11142	1990-06-22	regional:na	1990-01-01
11143	1990-06-22	regional:na	1990-01-01
11144	1991-04-01	wikidata:Q3939307	1991-01-01
11153	1990-07-01	regional:na	1990-01-01
11154	1990-03-23	regional:jp	1990-01-01
11164	1990-06-15	regional:jp	1990-01-01
11172	1990-05-11	regional:jp	1990-01-01
11174	1990-07-01	regional:na	1990-01-01
11175	1990-03-30	regional:jp	1990-01-01
11180	1990-07-01	regional:na	1990-01-01
11204	1990-07-28	regional:jp	1990-01-01
11206	1990-07-20	regional:jp	1990-01-01
11210	1990-03-02	regional:jp	1990-01-01
11213	1990-08-01	regional:na	1990-01-01
11214	1990-08-01	regional:na	1990-01-01
11245	1990-06-30	regional:jp	1990-01-01
11255	1990-06-29	regional:jp	1990-01-01
11268	1990-09-01	regional:na	1990-01-01
11274	1990-09-01	regional:na	1990-01-01
11276	1990-08-03	regional:jp	1990-01-01
11281	1990-09-01	regional:na	1990-01-01
11316	1990-07-14	regional:jp	1990-01-01
11324	1990-04-27	regional:jp	1990-01-01
11331	1990-04-28	regional:jp	1990-01-01
11369	1990-11-01	regional:na	1990-01-01
11384	1990-04-20	regional:jp	1990-01-01
11388	1990-09-21	regional:jp	1990-01-01
11398	1990-09-29	regional:jp	1990-01-01
11411	1990-11-21	regional:na	1990-01-01
11438	1990-12-01	regional:na	1990-01-01
11447	1990-12-01	regional:na	1990-01-01
11527	1991-06-01	wikidata:Q55561	1991-01-01
11528	1991-06-01	wikidata:Q55561	1991-01-01
11531	1991-06-15	wikidata:Q2413273	1991-01-01
11533	1991-09-01	regional:eu	1991-01-01
11551	1991-03-08	regional:jp	1991-01-01
11563	1991-06-28	regional:jp	1991-01-01
11564	1991-06-28	regional:jp	1991-01-01
11565	1991-06-28	regional:jp	1991-01-01
11635	1991-11-01	regional:jp	1991-01-01
11636	1991-07-01	regional:eu	1991-01-01
11641	1991-05-17	regional:jp	1991-01-01
11678	1991-09-01	wikidata:Q2937645	1991-01-01
11689	1991-11-01	wikidata:Q269487	1991-01-01
11722	1991-10-25	regional:jp	1991-01-01
11756	1991-03-29	regional:jp	1991-01-01
11759	1991-10-23	wikidata:Q1142344	1991-01-01
11774	1991-02-01	wikidata:Q583063	1991-01-01
11778	1991-10-16	regional:eu	1991-01-01
11793	1991-03-29	regional:jp	1991-01-01
11805	1991-04-01	wikidata:Q5285113	1991-01-01
11807	1991-12-01	wikidata:Q279938	1991-01-01
11825	1991-10-25	regional:jp	1991-01-01
11829	1991-07-01	wikidata:Q1264433	1991-01-01
11857	1991-12-06	regional:jp	1991-01-01
11874	1991-06-21	regional:jp	1991-01-01
11880	1991-07-19	regional:jp	1991-01-01
11885	1991-11-01	regional:eu	1991-01-01
11896	1991-09-01	wikidata:Q1141946	1991-01-01
11897	1991-09-01	wikidata:Q1141946	1991-01-01
11903	1991-04-01	wikidata:Q593781	1991-01-01
11907	1991-06-07	regional:jp	1991-01-01
11913	1991-07-01	regional:eu	1991-01-01
11932	1991-01-03	regional:jp	1991-01-01
11933	1991-01-03	wikidata:Q851032	1991-01-01
11949	1991-04-01	regional:eu	1991-01-01
11962	1991-04-12	regional:jp	1991-01-01
11969	1991-11-15	regional:jp	1991-01-01
11975	1991-06-21	regional:jp	1991-01-01
11997	1991-03-08	wikidata:Q88582	1991-01-01
12005	1991-04-01	wikidata:Q1631643	1991-01-01
12007	1991-12-27	wikidata:Q15036792	1991-01-01
12008	1991-12-27	wikidata:Q15036792	1991-01-01
12044	1991-08-30	regional:jp	1991-01-01
12051	1991-12-06	regional:jp	1991-01-01
12052	1991-03-01	regional:jp	1991-01-01
12059	1991-02-24	regional:jp	1991-01-01
12081	1991-05-23	regional:jp	1991-01-01
12094	1991-09-07	wikidata:Q2623667	1991-01-01
12095	1991-02-14	wikidata:Q864177	1991-01-01
12096	1991-02-14	wikidata:Q864177	1991-01-01
12143	1991-06-28	regional:jp	1991-01-01
12199	1991-07-05	wikidata:Q86743848	1991-01-01
12205	1991-09-01	wikidata:Q1872675	1991-01-01
12239	1991-08-09	regional:jp	1991-01-01
12240	1991-08-09	regional:jp	1991-01-01
12253	1991-01-29	regional:jp	1991-01-01
12258	1991-01-30	wikidata:Q1330205	1991-01-01
12259	1991-11-01	wikidata:Q3283252	1991-01-01
12317	1991-02-02	regional:jp	1991-01-01
12319	1991-09-27	regional:jp	1991-01-01
12320	1991-10-25	wikidata:Q11286214	1991-01-01
12323	1991-08-06	regional:jp	1991-01-01
12347	1991-12-31	wikidata:Q3933343	1991-01-01
12361	1991-12-31	wikidata:Q7353247	1991-01-01
12395	1991-12-31	wikidata:Q55070867	1991-01-01
12413	1991-12-31	wikidata:Q3481164	1991-01-01
12414	1991-12-31	wikidata:Q3481164	1991-01-01
12424	1991-04-26	wikidata:Q7798922	1991-01-01
12428	1991-02-01	wikidata:Q1837967	1991-01-01
12429	1991-02-01	wikidata:Q1837967	1991-01-01
12440	1991-04-26	regional:jp	1991-01-01
12447	1991-09-01	wikidata:Q1668079	1991-01-01
12448	1991-09-01	wikidata:Q1668079	1991-01-01
12454	1991-05-31	regional:jp	1991-01-01
12466	1991-11-11	wikidata:Q7575868	1991-01-01
12472	1991-02-12	wikidata:Q7577947	1991-01-01
12473	1991-02-12	wikidata:Q7577947	1991-01-01
12496	1991-07-19	regional:jp	1991-01-01
12508	1991-02-01	wikidata:Q1421178	1991-01-01
12511	1991-04-19	regional:jp	1991-01-01
12550	1991-06-01	wikidata:Q2340473	1991-01-01
12569	1991-02-01	wikidata:Q1837967	1991-01-01
12571	1991-12-20	regional:jp	1991-01-01
12586	1991-07-19	wikidata:Q2300687	1991-01-01
12611	1991-06-01	wikidata:Q7770100	1991-01-01
12672	1991-03-01	regional:jp	1991-01-01
12707	1991-01-18	regional:na	1991-01-01
12719	1991-02-01	regional:na	1991-01-01
12723	1991-02-01	regional:na	1991-01-01
12729	1991-02-01	regional:na	1991-01-01
12735	1991-02-01	regional:na	1991-01-01
12750	1991-02-08	regional:na	1991-01-01
12770	1991-02-15	regional:jp	1991-01-01
12780	1991-03-01	regional:na	1991-01-01
12838	1991-04-01	regional:na	1991-01-01
12844	1991-04-01	regional:na	1991-01-01
12845	1991-04-01	regional:na	1991-01-01
12850	1991-04-01	regional:na	1991-01-01
12885	1991-05-01	regional:na	1991-01-01
12888	1991-05-01	regional:na	1991-01-01
12892	1991-02-01	regional:eu	1991-01-01
12894	1991-05-01	regional:na	1991-01-01
12895	1991-03-19	regional:jp	1991-01-01
12925	1991-06-01	regional:na	1991-01-01
12934	1991-04-26	regional:jp	1991-01-01
12941	1991-06-01	regional:na	1991-01-01
12945	1991-06-01	regional:na	1991-01-01
12947	1991-06-01	regional:na	1991-01-01
12948	1991-04-26	regional:jp	1991-01-01
12975	1991-06-28	regional:jp	1991-01-01
12980	1991-07-01	regional:na	1991-01-01
12983	1991-07-01	regional:na	1991-01-01
12998	1991-07-03	regional:na	1991-01-01
12999	1991-07-03	regional:na	1991-01-01
13001	1991-07-03	regional:na	1991-01-01
13027	1991-08-01	regional:na	1991-01-01
13029	1991-08-01	regional:na	1991-01-01
13031	1991-08-01	regional:na	1991-01-01
13076	1991-06-28	regional:jp	1991-01-01
13077	1991-09-01	regional:na	1991-01-01
13081	1991-06-21	regional:jp	1991-01-01
13085	1991-02-26	regional:jp	1991-01-01
13086	1991-09-01	regional:na	1991-01-01
13093	1991-09-01	regional:na	1991-01-01
13094	1991-09-01	regional:na	1991-01-01
13100	1991-09-01	regional:na	1991-01-01
13110	1991-01-08	regional:jp	1991-01-01
13111	1991-09-01	regional:na	1991-01-01
13137	1991-10-01	regional:na	1991-01-01
13142	1991-10-01	regional:na	1991-01-01
13153	1991-10-01	regional:na	1991-01-01
13182	1991-11-01	regional:na	1991-01-01
13192	1991-11-01	regional:na	1991-01-01
13208	1991-11-01	regional:na	1991-01-01
13213	1991-11-01	regional:na	1991-01-01
13218	1991-11-01	regional:na	1991-01-01
13223	1991-11-01	regional:na	1991-01-01
13262	1991-12-01	regional:na	1991-01-01
13267	1991-08-09	regional:jp	1991-01-01
13276	1991-12-01	regional:na	1991-01-01
13283	1991-11-01	regional:jp	1991-01-01
13405	1992-01-24	wikidata:Q339348	1992-01-01
13406	1992-01-24	wikidata:Q339348	1992-01-01
13411	1992-03-01	wikidata:Q1989599	1992-01-01
13416	1992-06-05	regional:jp	1992-01-01
13422	1992-10-01	wikidata:Q2828229	1992-01-01
13455	1992-03-01	regional:eu	1992-01-01
13459	1992-06-01	regional:eu	1992-01-01
13481	1992-12-01	wikidata:Q3362541	1992-01-01
13482	1992-12-01	wikidata:Q3362541	1992-01-01
13521	1992-10-12	wikidata:Q1025416	1992-01-01
13522	1992-10-12	wikidata:Q1025416	1992-01-01
13523	1992-12-01	wikidata:Q2933418	1992-01-01
13547	1992-06-01	regional:eu	1992-01-01
13550	1992-09-01	wikidata:Q1083317	1992-01-01
13556	1992-08-01	regional:eu	1992-01-01
13557	1992-08-01	regional:eu	1992-01-01
13607	1992-12-01	wikidata:Q639080	1992-01-01
13613	1992-03-01	wikidata:Q2129223	1992-01-01
13614	1992-03-01	wikidata:Q2129223	1992-01-01
13634	1992-07-01	regional:eu	1992-01-01
13690	1992-08-01	regional:eu	1992-01-01
13704	1992-05-15	regional:jp	1992-01-01
13735	1992-10-21	regional:eu	1992-01-01
13740	1992-03-01	wikidata:Q2398028	1992-01-01
13742	1992-02-07	wikidata:Q3101570	1992-01-01
13766	1992-10-07	regional:eu	1992-01-01
13797	1992-04-01	wikidata:Q3140324	1992-01-01
13803	1992-11-01	wikidata:Q93655	1992-01-01
13842	1992-05-22	regional:jp	1992-01-01
13844	1992-01-17	wikidata:Q3181985	1992-01-01
13847	1992-04-01	regional:eu	1992-01-01
13860	1992-09-30	wikidata:Q1742200	1992-01-01
13866	1992-12-17	regional:eu	1992-01-01
13876	1992-09-01	wikidata:Q6517712	1992-01-01
13881	1992-12-01	regional:eu	1992-01-01
13894	1992-06-01	wikidata:Q2023451	1992-01-01
13895	1992-06-01	wikidata:Q2023451	1992-01-01
13898	1992-02-01	wikidata:Q6712166	1992-01-01
13907	1992-10-23	wikidata:Q3387150	1992-01-01
13910	1992-10-01	wikidata:Q3851793	1992-01-01
13912	1992-03-06	regional:jp	1992-01-01
13947	1992-11-19	regional:eu	1992-01-01
13966	1992-07-24	regional:jp	1992-01-01
13982	1992-07-03	regional:jp	1992-01-01
13989	1992-03-13	wikidata:Q683630	1992-01-01
14014	1992-10-29	regional:eu	1992-01-01
14017	1992-07-24	regional:jp	1992-01-01
14018	1992-07-03	wikidata:Q4047361	1992-01-01
14019	1992-08-07	regional:jp	1992-01-01
14022	1992-12-01	wikidata:Q7246756	1992-01-01
14029	1992-12-01	wikidata:Q1785007	1992-01-01
14032	1992-02-01	wikidata:Q3411064	1992-01-01
14037	1992-08-01	wikidata:Q3014196	1992-01-01
14039	1992-12-11	regional:jp	1992-01-01
14044	1992-12-11	regional:jp	1992-01-01
14050	1992-04-01	wikidata:Q2482386	1992-01-01
14057	1992-11-01	wikidata:Q3428838	1992-01-01
14059	1992-02-01	regional:eu	1992-01-01
14062	1992-12-31	wikidata:Q599426	1992-01-01
14063	1992-12-17	regional:eu	1992-01-01
14073	1992-11-08	regional:jp	1992-01-01
14098	1992-03-27	regional:jp	1992-01-01
14108	1992-12-31	wikidata:Q7505686	1992-01-01
14135	1992-12-31	wikidata:Q21170301	1992-01-01
14136	1992-12-31	wikidata:Q21170301	1992-01-01
14137	1992-12-31	wikidata:Q21170301	1992-01-01
14139	1992-06-01	wikidata:Q3965792	1992-01-01
14140	1992-06-01	wikidata:Q3965792	1992-01-01
14141	1992-06-01	wikidata:Q3965792	1992-01-01
14142	1992-06-01	wikidata:Q3965792	1992-01-01
14147	1992-09-18	wikidata:Q921220	1992-01-01
14160	1992-11-01	wikidata:Q3968290	1992-01-01
14162	1992-02-01	wikidata:Q1766193	1992-01-01
14163	1992-02-01	wikidata:Q3968313	1992-01-01
14184	1992-12-31	wikidata:Q7628779	1992-01-01
14191	1992-01-14	regional:jp	1992-01-01
14221	1992-08-03	wikidata:Q52798319	1992-01-01
14228	1992-10-23	regional:jp	1992-01-01
14229	1992-12-01	regional:eu	1992-01-01
14230	1992-10-15	regional:eu	1992-01-01
14234	1992-12-01	wikidata:Q3521145	1992-01-01
14235	1992-11-01	wikidata:Q93655	1992-01-01
14236	1992-11-01	wikidata:Q93655	1992-01-01
14254	1992-10-01	regional:eu	1992-01-01
14275	1992-03-06	regional:jp	1992-01-01
14281	1992-04-03	wikidata:Q2521841	1992-01-01
14303	1992-07-23	regional:jp	1992-01-01
14308	1992-09-01	wikidata:Q13390015	1992-01-01
14319	1992-03-27	regional:jp	1992-01-01
14320	1992-09-25	regional:jp	1992-01-01
14322	1992-05-01	wikidata:Q4020810	1992-01-01
14372	1992-02-01	regional:na	1992-01-01
14373	1991-08-23	regional:jp	1991-01-01
14378	1992-02-01	regional:na	1992-01-01
14385	1992-02-01	regional:na	1992-01-01
14388	1992-02-01	regional:na	1992-01-01
14389	1992-01-14	regional:jp	1992-01-01
14394	1992-02-01	regional:na	1992-01-01
14395	1992-02-01	regional:na	1992-01-01
14403	1992-02-01	regional:jp	1992-01-01
14443	1992-03-01	regional:na	1992-01-01
14445	1992-03-01	regional:na	1992-01-01
14446	1992-03-01	regional:na	1992-01-01
14449	1992-03-01	regional:na	1992-01-01
14454	1992-03-01	regional:na	1992-01-01
14461	1992-03-01	regional:na	1992-01-01
14462	1992-03-01	regional:na	1992-01-01
14518	1992-04-01	regional:na	1992-01-01
14519	1992-03-27	regional:jp	1992-01-01
14521	1992-04-01	regional:na	1992-01-01
14522	1992-04-01	regional:na	1992-01-01
14526	1992-04-01	regional:na	1992-01-01
14533	1992-04-01	regional:na	1992-01-01
14562	1992-03-28	regional:jp	1992-01-01
14565	1992-05-01	regional:na	1992-01-01
14566	1992-05-01	regional:na	1992-01-01
14568	1992-05-01	regional:na	1992-01-01
14571	1992-05-01	regional:na	1992-01-01
14573	1992-03-13	regional:jp	1992-01-01
14576	1992-05-01	regional:na	1992-01-01
14582	1992-05-22	regional:na	1992-01-01
14605	1992-06-01	regional:na	1992-01-01
14608	1992-06-01	regional:na	1992-01-01
14614	1992-03-27	regional:jp	1992-01-01
14623	1992-06-19	regional:na	1992-01-01
14626	1993-03-01	regional:eu	1993-01-01
14646	1992-07-01	regional:na	1992-01-01
14672	1992-07-10	regional:na	1992-01-01
14673	1992-07-10	regional:na	1992-01-01
14717	1992-08-01	regional:na	1992-01-01
14718	1992-08-01	regional:na	1992-01-01
14731	1992-08-01	regional:na	1992-01-01
14736	1992-08-01	regional:na	1992-01-01
14772	1992-09-01	regional:na	1992-01-01
14775	1992-09-01	regional:na	1992-01-01
14776	1992-07-17	regional:jp	1992-01-01
14778	1992-02-21	regional:jp	1992-01-01
14780	1992-09-01	regional:na	1992-01-01
14781	1992-09-01	regional:na	1992-01-01
14783	1992-06-12	regional:jp	1992-01-01
14784	1992-09-01	regional:na	1992-01-01
14794	1992-05-02	regional:jp	1992-01-01
14801	1992-09-01	regional:na	1992-01-01
14802	1992-09-01	regional:na	1992-01-01
14806	1992-07-17	regional:jp	1992-01-01
14807	1992-09-01	regional:na	1992-01-01
14836	1992-10-01	regional:na	1992-01-01
14839	1992-07-24	regional:jp	1992-01-01
14847	1992-10-01	regional:na	1992-01-01
14853	1992-10-01	regional:na	1992-01-01
14854	1992-10-01	regional:na	1992-01-01
14856	1992-07-17	regional:jp	1992-01-01
14857	1992-10-01	regional:na	1992-01-01
14858	1992-07-31	regional:jp	1992-01-01
14859	1992-10-01	regional:na	1992-01-01
14861	1992-10-01	regional:na	1992-01-01
14868	1992-08-07	regional:jp	1992-01-01
14876	1992-04-28	regional:jp	1992-01-01
14877	1992-10-01	regional:na	1992-01-01
14878	1992-10-01	regional:na	1992-01-01
14882	1992-08-07	regional:jp	1992-01-01
14884	1992-10-01	regional:na	1992-01-01
14885	1992-10-01	regional:na	1992-01-01
14893	1992-10-01	regional:na	1992-01-01
14894	1992-10-01	regional:na	1992-01-01
14896	1992-10-01	regional:na	1992-01-01
14935	1992-11-01	regional:na	1992-01-01
14942	1992-11-01	regional:na	1992-01-01
14945	1992-11-01	regional:na	1992-01-01
14949	1992-09-25	regional:jp	1992-01-01
14954	1992-11-01	regional:na	1992-01-01
14955	1992-11-01	regional:na	1992-01-01
14960	1992-11-01	regional:na	1992-01-01
14961	1992-06-26	regional:jp	1992-01-01
14964	1992-11-01	regional:na	1992-01-01
14975	1992-11-01	regional:na	1992-01-01
14977	1992-11-01	regional:na	1992-01-01
14979	1992-11-01	regional:na	1992-01-01
14984	1992-11-01	regional:na	1992-01-01
14996	1992-11-20	regional:na	1992-01-01
15016	1992-11-06	regional:jp	1992-01-01
15020	1992-12-01	regional:na	1992-01-01
15022	1992-11-27	regional:jp	1992-01-01
15023	1992-12-01	regional:na	1992-01-01
15027	1992-12-01	regional:na	1992-01-01
15029	1992-12-01	regional:na	1992-01-01
15030	1992-09-18	regional:jp	1992-01-01
15031	1992-12-01	regional:na	1992-01-01
15037	1992-04-24	regional:jp	1992-01-01
15038	1992-12-01	regional:na	1992-01-01
15043	1992-12-01	regional:na	1992-01-01
15046	1992-12-01	regional:na	1992-01-01
15056	1992-12-01	regional:na	1992-01-01
15064	1992-12-01	regional:na	1992-01-01
15065	1992-12-01	regional:na	1992-01-01
15067	1992-12-01	regional:na	1992-01-01
15073	1992-12-01	regional:na	1992-01-01
15074	1992-12-01	regional:na	1992-01-01
15082	1992-12-01	regional:na	1992-01-01
15089	1992-04-24	regional:jp	1992-01-01
15090	1992-12-01	regional:na	1992-01-01
15101	1992-12-08	regional:na	1992-01-01
15187	1993-12-20	wikidata:Q54254355	1993-01-01
15202	1993-02-01	wikidata:Q25396684	1993-01-01
15209	1993-05-01	wikidata:Q2836804	1993-01-01
15213	1993-07-09	regional:jp	1993-01-01
15220	1993-04-01	wikidata:Q2017429	1993-01-01
15226	1993-08-01	regional:eu	1993-01-01
15237	1993-11-01	regional:eu	1993-01-01
15245	1993-12-01	wikidata:Q2884690	1993-01-01
15246	1993-05-01	regional:eu	1993-01-01
15247	1993-08-01	regional:eu	1993-01-01
15257	1993-06-22	wikidata:Q831664	1993-01-01
15260	1993-12-03	wikidata:Q1059847	1993-01-01
15262	1993-09-01	wikidata:Q4927058	1993-01-01
15276	1993-09-01	wikidata:Q1406611	1993-01-01
15277	1993-11-26	regional:eu	1993-01-01
15284	1993-07-30	regional:jp	1993-01-01
15291	1993-03-11	wikidata:Q1018343	1993-01-01
15294	1993-10-01	wikidata:Q649422	1993-01-01
15295	1993-03-12	regional:jp	1993-01-01
15301	1993-09-01	wikidata:Q948387	1993-01-01
15321	1993-12-10	regional:jp	1993-01-01
15331	1993-10-01	regional:eu	1993-01-01
15344	1993-12-10	regional:jp	1993-01-01
15363	1993-06-25	wikidata:Q845645	1993-01-01
15371	1993-12-17	regional:jp	1993-01-01
15377	1993-03-26	regional:jp	1993-01-01
15378	1993-03-26	regional:jp	1993-01-01
15407	1993-12-10	wikidata:Q189784	1993-01-01
15416	1993-12-03	wikidata:Q1264434	1993-01-01
15432	1993-08-01	regional:eu	1993-01-01
15442	1993-11-06	wikidata:Q3726821	1993-01-01
15456	1993-10-01	regional:eu	1993-01-01
15465	1993-12-01	regional:eu	1993-01-01
15475	1993-12-22	regional:jp	1993-01-01
15478	1993-12-03	wikidata:Q5459780	1993-01-01
15485	1993-01-29	regional:jp	1993-01-01
15493	1993-10-01	wikidata:Q1470234	1993-01-01
15497	1993-12-17	wikidata:Q644433	1993-01-01
15498	1993-12-17	wikidata:Q644433	1993-01-01
15508	1993-03-25	regional:jp	1993-01-01
15509	1993-04-01	regional:eu	1993-01-01
15548	1993-09-01	regional:eu	1993-01-01
15549	1993-11-19	regional:eu	1993-01-01
15564	1993-12-01	wikidata:Q6084188	1993-01-01
15569	1993-07-01	wikidata:Q44346	1993-01-01
15575	1993-12-01	wikidata:Q6197587	1993-01-01
15582	1993-11-01	wikidata:Q5958463	1993-01-01
15587	1993-06-01	regional:eu	1993-01-01
15594	1993-06-01	wikidata:Q7745063	1993-01-01
15606	1993-06-15	wikidata:Q2527532	1993-01-01
15607	1993-05-19	wikidata:Q864177	1993-01-01
15611	1993-12-10	regional:jp	1993-01-01
15614	1993-10-10	wikidata:Q526015	1993-01-01
15623	1993-04-29	wikidata:Q1052386	1993-01-01
15632	1993-04-22	wikidata:Q2747251	1993-01-01
15642	1993-09-06	wikidata:Q1155454	1993-01-01
15649	1993-03-01	regional:eu	1993-01-01
15664	1993-04-09	wikidata:Q1651027	1993-01-01
15669	1993-09-13	wikidata:Q150294	1993-01-01
15670	1993-09-13	wikidata:Q150294	1993-01-01
15679	1993-10-01	wikidata:Q607073	1993-01-01
15684	1993-11-01	wikidata:Q7000867	1993-01-01
15693	1993-09-15	regional:jp	1993-01-01
15721	1993-09-29	regional:jp	1993-01-01
15724	1993-02-19	regional:eu	1993-01-01
15753	1993-02-05	regional:jp	1993-01-01
15754	1993-01-22	regional:jp	1993-01-01
15755	1993-05-28	regional:jp	1993-01-01
15756	1993-02-01	wikidata:Q55630342	1993-01-01
15757	1993-09-01	regional:eu	1993-01-01
15759	1993-10-01	regional:jp	1993-01-01
15760	1993-03-26	regional:jp	1993-01-01
15778	1993-03-26	wikidata:Q7262435	1993-01-01
15797	1993-08-20	wikidata:Q7317345	1993-01-01
15805	1993-05-21	regional:jp	1993-01-01
15806	1993-02-01	wikidata:Q7361080	1993-01-01
15813	1993-11-01	wikidata:Q1430706	1993-01-01
15820	1993-12-31	wikidata:Q48840687	1993-01-01
15821	1993-06-01	wikidata:Q7389547	1993-01-01
15827	1993-06-30	wikidata:Q17048660	1993-01-01
15830	1993-02-01	wikidata:Q1506817	1993-01-01
15834	1993-09-01	regional:eu	1993-01-01
15847	1993-09-27	wikidata:Q2043727	1993-01-01
15868	1993-12-31	wikidata:Q3964194	1993-01-01
15875	1993-06-01	wikidata:Q3492583	1993-01-01
15887	1993-06-25	regional:jp	1993-01-01
15890	1993-11-30	wikidata:Q7600978	1993-01-01
15894	1992-03-01	wikidata:Q54329	1992-01-01
15900	1993-02-01	wikidata:Q138331656	1993-01-01
15902	1993-04-01	wikidata:Q928987	1993-01-01
15928	1993-06-06	wikidata:Q1545458	1993-01-01
15929	1993-06-06	wikidata:Q1545458	1993-01-01
15955	1993-12-01	regional:eu	1993-01-01
15957	1993-11-01	regional:eu	1993-01-01
15960	1993-12-01	wikidata:Q117848002	1993-01-01
15961	1993-10-01	regional:jp	1993-01-01
15962	1993-05-01	regional:eu	1993-01-01
15966	1993-09-23	regional:jp	1993-01-01
15971	1992-07-24	regional:jp	1992-01-01
15972	1993-09-01	regional:eu	1993-01-01
16005	1993-03-19	regional:jp	1993-01-01
16027	1993-10-29	regional:jp	1993-01-01
16044	1993-07-01	regional:eu	1993-01-01
16045	1993-02-01	wikidata:Q2042815	1993-01-01
16076	1993-01-29	regional:jp	1993-01-01
16084	1993-10-10	wikidata:Q7780684	1993-01-01
16085	1993-03-01	wikidata:Q63865490	1993-01-01
16088	1992-07-01	wikidata:Q220174	1992-01-01
16115	1993-02-01	regional:na	1993-01-01
16119	1991-06-28	regional:jp	1991-01-01
16123	1993-02-01	regional:na	1993-01-01
16124	1993-02-01	regional:na	1993-01-01
16128	1993-02-01	regional:na	1993-01-01
16135	1993-02-01	regional:na	1993-01-01
16141	1993-02-01	regional:na	1993-01-01
16170	1993-03-01	regional:na	1993-01-01
16174	1993-03-01	regional:na	1993-01-01
16180	1993-01-03	regional:jp	1993-01-01
16183	1993-03-01	regional:na	1993-01-01
16189	1992-08-07	regional:jp	1992-01-01
16193	1993-03-01	regional:na	1993-01-01
16199	1993-03-01	regional:na	1993-01-01
16200	1993-03-01	regional:na	1993-01-01
16264	1993-04-01	regional:na	1993-01-01
16265	1993-04-01	regional:na	1993-01-01
16267	1993-04-01	regional:na	1993-01-01
16277	1993-04-01	regional:na	1993-01-01
16279	1993-04-01	regional:na	1993-01-01
16280	1993-04-01	regional:na	1993-01-01
16282	1993-04-01	regional:na	1993-01-01
16283	1993-04-01	regional:na	1993-01-01
16286	1993-04-01	regional:na	1993-01-01
16316	1993-03-26	regional:jp	1993-01-01
16317	1993-02-26	regional:jp	1993-01-01
16322	1993-05-01	regional:na	1993-01-01
16324	1993-05-01	regional:na	1993-01-01
16327	1993-05-01	regional:na	1993-01-01
16345	1993-06-01	regional:na	1993-01-01
16347	1993-06-01	regional:na	1993-01-01
16352	1993-06-01	regional:na	1993-01-01
16358	1993-06-01	regional:na	1993-01-01
16359	1993-06-01	regional:na	1993-01-01
16360	1993-06-01	regional:na	1993-01-01
16368	1993-03-26	regional:jp	1993-01-01
16371	1993-06-01	regional:na	1993-01-01
16373	1993-06-01	regional:na	1993-01-01
16375	1993-06-01	regional:na	1993-01-01
16379	1993-03-26	regional:jp	1993-01-01
16381	1993-06-01	regional:na	1993-01-01
16382	1993-06-01	regional:na	1993-01-01
16389	1993-06-11	regional:na	1993-01-01
16390	1993-06-11	regional:na	1993-01-01
16398	1993-06-18	regional:na	1993-01-01
16399	1993-06-18	regional:na	1993-01-01
16416	1993-05-28	regional:jp	1993-01-01
16422	1993-07-01	regional:na	1993-01-01
16423	1993-07-01	regional:na	1993-01-01
16429	1993-07-01	regional:na	1993-01-01
16430	1993-07-01	regional:na	1993-01-01
16435	1993-07-01	regional:na	1993-01-01
16436	1993-07-01	regional:na	1993-01-01
16442	1993-07-01	regional:na	1993-01-01
16443	1993-07-01	regional:na	1993-01-01
16445	1993-07-01	regional:na	1993-01-01
16451	1993-06-25	regional:jp	1993-01-01
16487	1993-08-01	regional:na	1993-01-01
16495	1993-07-23	regional:jp	1993-01-01
16499	1993-06-13	regional:br	1993-01-01
16502	1993-08-01	regional:na	1993-01-01
16508	1993-07-23	regional:jp	1993-01-01
16512	1993-08-01	regional:na	1993-01-01
16513	1993-05-28	regional:jp	1993-01-01
16514	1993-08-01	regional:na	1993-01-01
16519	1993-08-01	regional:na	1993-01-01
16553	1993-01-08	regional:jp	1993-01-01
16555	1993-09-01	regional:na	1993-01-01
16556	1993-09-01	regional:na	1993-01-01
16557	1993-09-01	regional:na	1993-01-01
16558	1993-09-01	regional:na	1993-01-01
16559	1993-09-01	regional:na	1993-01-01
16564	1993-06-25	regional:jp	1993-01-01
16571	1993-04-23	regional:jp	1993-01-01
16581	1993-09-01	regional:na	1993-01-01
16586	1993-03-26	regional:jp	1993-01-01
16591	1993-08-12	regional:jp	1993-01-01
16592	1993-07-14	regional:jp	1993-01-01
16630	1993-10-01	regional:na	1993-01-01
16632	1993-10-01	regional:na	1993-01-01
16633	1993-10-01	regional:na	1993-01-01
16637	1993-10-01	regional:na	1993-01-01
16645	1993-10-01	regional:na	1993-01-01
16651	1993-10-01	regional:na	1993-01-01
16654	1993-07-16	regional:jp	1993-01-01
16656	1993-10-01	regional:na	1993-01-01
16660	1993-10-01	regional:na	1993-01-01
16661	1993-02-26	regional:jp	1993-01-01
16674	1993-09-21	regional:jp	1993-01-01
16676	1993-10-01	regional:na	1993-01-01
16678	1993-10-01	regional:na	1993-01-01
16679	1993-10-01	regional:na	1993-01-01
16683	1993-10-01	regional:na	1993-01-01
16685	1993-10-01	regional:na	1993-01-01
16687	1993-10-01	regional:na	1993-01-01
16718	1993-11-01	regional:na	1993-01-01
16719	1993-03-05	regional:jp	1993-01-01
16720	1993-03-19	regional:jp	1993-01-01
16723	1993-11-01	regional:na	1993-01-01
16728	1993-11-01	regional:na	1993-01-01
16733	1993-11-01	regional:na	1993-01-01
16738	1993-03-26	regional:jp	1993-01-01
16740	1993-11-01	regional:na	1993-01-01
16742	1993-11-01	regional:na	1993-01-01
16743	1993-11-01	regional:na	1993-01-01
16748	1993-11-01	regional:na	1993-01-01
16749	1993-11-01	regional:na	1993-01-01
16755	1993-11-01	regional:na	1993-01-01
16763	1993-11-01	regional:na	1993-01-01
16767	1993-07-30	regional:jp	1993-01-01
16771	1993-11-01	regional:na	1993-01-01
16775	1993-11-01	regional:na	1993-01-01
16777	1993-11-01	regional:na	1993-01-01
16778	1993-11-01	regional:na	1993-01-01
16780	1993-11-01	regional:na	1993-01-01
16787	1993-11-01	regional:na	1993-01-01
16794	1992-04-01	wikidata:Q108891775	1992-01-01
16795	1992-04-01	wikidata:Q108891775	1992-01-01
16796	1991-12-01	wikidata:Q99522908	1991-01-01
16797	1993-04-18	regional:jp	1993-01-01
16837	1993-10-29	regional:jp	1993-01-01
16840	1993-12-01	regional:na	1993-01-01
16841	1993-12-01	regional:na	1993-01-01
16843	1993-12-01	regional:na	1993-01-01
16847	1993-12-01	regional:na	1993-01-01
16848	1993-12-01	regional:na	1993-01-01
16849	1993-12-01	regional:na	1993-01-01
16866	1993-12-01	regional:na	1993-01-01
16874	1993-12-01	regional:na	1993-01-01
16889	1993-11-26	regional:jp	1993-01-01
16894	1993-12-01	regional:na	1993-01-01
16897	1993-12-01	regional:na	1993-01-01
16907	1993-12-01	regional:na	1993-01-01
16986	1994-06-01	wikidata:Q1987042	1994-01-01
16991	1994-03-25	regional:jp	1994-01-01
17030	1994-09-01	regional:eu	1994-01-01
17031	1994-08-01	regional:eu	1994-01-01
17045	1994-09-16	regional:jp	1994-01-01
17053	1994-03-07	wikidata:Q816823	1994-01-01
17054	1994-03-07	wikidata:Q816823	1994-01-01
17055	1994-03-07	wikidata:Q816823	1994-01-01
17064	1994-10-28	wikidata:Q3640838	1994-01-01
17072	1994-06-01	wikidata:Q4959234	1994-01-01
17079	1994-12-22	regional:jp	1994-01-01
17080	1994-12-22	regional:jp	1994-01-01
17098	1994-06-01	wikidata:Q2932702	1994-01-01
17110	1994-05-19	regional:eu	1994-01-01
17116	1994-03-01	wikidata:Q2962853	1994-01-01
17119	1994-09-09	regional:jp	1994-01-01
17120	1994-09-09	regional:jp	1994-01-01
17126	1994-05-26	wikidata:Q2634403	1994-01-01
17143	1994-02-18	wikidata:Q2712379	1994-01-01
17167	1994-04-01	wikidata:Q5223296	1994-01-01
17199	1994-02-25	wikidata:Q1254867	1994-01-01
17217	1994-09-01	wikidata:Q2406801	1994-01-01
17219	1994-10-01	wikidata:Q1970300	1994-01-01
17220	1994-08-01	wikidata:Q3046163	1994-01-01
17226	1994-03-25	wikidata:Q1798032	1994-01-01
17238	1994-06-17	regional:jp	1994-01-01
17239	1994-06-17	regional:jp	1994-01-01
17240	1994-06-17	wikidata:Q2273067	1994-01-01
17241	1994-06-01	regional:eu	1994-01-01
17242	1994-11-11	regional:eu	1994-01-01
17245	1994-11-25	regional:jp	1994-01-01
17249	1994-08-06	regional:jp	1994-01-01
17271	1994-12-23	regional:jp	1994-01-01
17272	1994-10-28	wikidata:Q18150456	1994-01-01
17279	1994-04-22	regional:jp	1994-01-01
17311	1994-12-01	wikidata:Q13512085	1994-01-01
17312	1994-12-23	wikidata:Q936016	1994-01-01
17317	1994-04-22	regional:jp	1994-01-01
17321	1994-06-01	wikidata:Q2292666	1994-01-01
17322	1994-08-06	regional:jp	1994-01-01
17325	1994-03-08	wikidata:Q1665503	1994-01-01
17326	1994-04-05	wikidata:Q1368183	1994-01-01
17341	1994-06-01	wikidata:Q3152918	1994-01-01
17354	1994-09-01	wikidata:Q1853282	1994-01-01
17356	1994-07-30	wikidata:Q1366813	1994-01-01
17371	1994-04-01	regional:eu	1994-01-01
17381	1994-06-01	wikidata:Q2743913	1994-01-01
17402	1994-08-06	regional:jp	1994-01-01
17404	1994-08-06	wikidata:Q864177	1994-01-01
17406	1994-11-01	regional:eu	1994-01-01
17408	1994-09-16	regional:jp	1994-01-01
17409	1994-03-11	regional:jp	1994-01-01
17410	1994-03-18	wikidata:Q3237821	1994-01-01
17411	1994-03-18	wikidata:Q3237821	1994-01-01
17412	1994-09-01	wikidata:Q6553039	1994-01-01
17461	1994-10-07	regional:jp	1994-01-01
17462	1994-10-07	regional:jp	1994-01-01
17465	1994-07-01	wikidata:Q3855491	1994-01-01
17469	1994-02-01	wikidata:Q3021810	1994-01-01
17470	1994-04-01	wikidata:Q2045111	1994-01-01
17471	1994-02-25	wikidata:Q3312144	1994-01-01
17477	1994-12-01	regional:eu	1994-01-01
17484	1994-11-11	regional:jp	1994-01-01
17485	1994-11-11	regional:jp	1994-01-01
17496	1994-07-15	wikidata:Q3869173	1994-01-01
17502	1994-10-28	regional:eu	1994-01-01
17503	1994-03-29	regional:eu	1994-01-01
17504	1994-11-01	wikidata:Q3334266	1994-01-01
17508	1994-11-01	wikidata:Q3334421	1994-01-01
17512	1994-08-31	wikidata:Q429246	1994-01-01
17516	1994-06-25	regional:jp	1994-01-01
17517	1994-06-25	regional:jp	1994-01-01
17518	1994-12-12	wikidata:Q3342195	1994-01-01
17519	1994-08-01	wikidata:Q3342399	1994-01-01
17521	1994-03-01	regional:eu	1994-01-01
17522	1994-10-07	regional:jp	1994-01-01
17531	1994-03-11	regional:jp	1994-01-01
17540	1994-03-01	regional:eu	1994-01-01
17544	1994-12-01	wikidata:Q7121840	1994-01-01
17551	1994-06-16	regional:eu	1994-01-01
17557	1994-08-05	regional:jp	1994-01-01
17558	1994-08-05	regional:jp	1994-01-01
17563	1994-09-01	wikidata:Q2857370	1994-01-01
17573	1994-01-07	regional:jp	1994-01-01
17578	1994-12-01	regional:eu	1994-01-01
17581	1994-04-01	regional:eu	1994-01-01
17599	1994-12-02	regional:jp	1994-01-01
17611	1994-09-01	wikidata:Q3171670	1994-01-01
17613	1994-04-01	wikidata:Q2442485	1994-01-01
17625	1994-01-21	regional:jp	1994-01-01
17643	1994-12-09	regional:jp	1994-01-01
17664	1994-12-09	regional:jp	1994-01-01
17665	1994-09-01	regional:eu	1994-01-01
17666	1994-03-30	regional:jp	1994-01-01
17671	1994-03-25	regional:jp	1994-01-01
17691	1994-05-01	regional:eu	1994-01-01
17693	1994-11-01	wikidata:Q7460814	1994-01-01
17695	1994-10-28	regional:jp	1994-01-01
17711	1994-02-18	regional:jp	1994-01-01
17718	1994-12-09	regional:jp	1994-01-01
17719	1994-12-09	regional:jp	1994-01-01
17720	1994-12-09	regional:jp	1994-01-01
17743	1994-07-01	wikidata:Q55312	1994-01-01
17744	1994-12-01	wikidata:Q97699836	1994-01-01
17746	1994-03-20	regional:jp	1994-01-01
17763	1994-05-27	regional:jp	1994-01-01
17766	1994-03-25	regional:jp	1994-01-01
17785	1994-04-01	wikidata:Q1870692	1994-01-01
17801	1994-08-02	wikidata:Q769834	1994-01-01
17804	1994-07-15	wikidata:Q1974580	1994-01-01
17806	1994-11-01	regional:eu	1994-01-01
17807	1994-11-01	regional:eu	1994-01-01
17809	1994-05-19	regional:eu	1994-01-01
17810	1994-05-13	regional:jp	1994-01-01
17857	1994-03-18	regional:jp	1994-01-01
17862	1994-10-17	wikidata:Q1518663	1994-01-01
17863	1994-11-15	wikidata:Q207885	1994-01-01
17872	1994-06-21	wikidata:Q933680	1994-01-01
17879	1994-03-25	regional:jp	1994-01-01
17885	1994-09-01	wikidata:Q8029798	1994-01-01
17891	1994-07-29	regional:jp	1994-01-01
17893	1994-06-03	regional:eu	1994-01-01
17898	1994-11-01	wikidata:Q786669	1994-01-01
17903	1994-06-05	wikidata:Q2521652	1994-01-01
17910	1994-07-29	regional:jp	1994-01-01
17916	1994-01-08	regional:na	1994-01-01
17934	1994-02-01	regional:na	1994-01-01
17939	1994-02-01	regional:na	1994-01-01
17947	1994-02-01	regional:na	1994-01-01
17950	1994-02-01	regional:na	1994-01-01
17951	1994-02-01	regional:na	1994-01-01
17952	1994-02-01	regional:na	1994-01-01
17953	1994-02-01	regional:na	1994-01-01
17955	1994-02-01	regional:na	1994-01-01
17957	1994-02-01	regional:na	1994-01-01
17972	1994-02-15	regional:na	1994-01-01
18010	1994-03-01	regional:na	1994-01-01
18016	1994-02-10	regional:jp	1994-01-01
18017	1994-03-01	regional:na	1994-01-01
18049	1994-03-15	regional:na	1994-01-01
18050	1994-03-15	regional:na	1994-01-01
18121	1994-04-01	regional:na	1994-01-01
18123	1994-04-01	regional:na	1994-01-01
18142	1994-04-15	regional:na	1994-01-01
18185	1994-05-01	regional:na	1994-01-01
18186	1994-05-01	regional:na	1994-01-01
18190	1994-03-25	regional:jp	1994-01-01
18196	1994-05-01	regional:na	1994-01-01
18199	1994-05-06	regional:na	1994-01-01
18200	1994-05-07	regional:na	1994-01-01
18201	1994-05-10	regional:na	1994-01-01
18205	1994-05-15	regional:na	1994-01-01
18226	1994-05-01	regional:jp	1994-01-01
18234	1994-06-01	regional:na	1994-01-01
18248	1994-06-01	regional:na	1994-01-01
18253	1994-06-01	regional:na	1994-01-01
18268	1994-06-15	regional:na	1994-01-01
18269	1994-06-15	regional:na	1994-01-01
18281	1994-03-26	regional:jp	1994-01-01
18287	1994-06-27	regional:na	1994-01-01
18295	1994-07-01	regional:na	1994-01-01
18305	1994-07-01	regional:na	1994-01-01
18307	1994-03-20	regional:jp	1994-01-01
18314	1994-07-13	regional:na	1994-01-01
18367	1994-08-01	regional:na	1994-01-01
18368	1994-06-17	regional:jp	1994-01-01
18373	1993-09-23	regional:jp	1993-01-01
18374	1994-08-01	regional:na	1994-01-01
18377	1994-08-01	regional:na	1994-01-01
18379	1994-08-01	regional:na	1994-01-01
18382	1994-08-01	regional:na	1994-01-01
18385	1994-08-01	regional:na	1994-01-01
18392	1994-08-01	regional:na	1994-01-01
18394	1994-08-03	regional:na	1994-01-01
18426	1994-08-19	regional:na	1994-01-01
18440	1994-08-30	regional:na	1994-01-01
18444	1994-01-14	regional:jp	1994-01-01
18448	1994-03-25	regional:jp	1994-01-01
18456	1994-07-22	regional:jp	1994-01-01
18461	1994-08-26	regional:jp	1994-01-01
18467	1994-09-01	regional:na	1994-01-01
18471	1994-09-01	regional:na	1994-01-01
18473	1994-09-01	regional:na	1994-01-01
18487	1994-06-25	regional:jp	1994-01-01
18492	1994-09-15	regional:na	1994-01-01
18493	1994-09-16	regional:jp	1994-01-01
18507	1994-06-11	regional:jp	1994-01-01
18523	1994-09-26	regional:na	1994-01-01
18546	1994-10-01	regional:na	1994-01-01
18564	1994-10-01	regional:na	1994-01-01
18575	1994-10-01	regional:na	1994-01-01
18576	1994-09-15	regional:jp	1994-01-01
18580	1994-10-01	regional:na	1994-01-01
18581	1994-10-01	regional:na	1994-01-01
18582	1994-10-01	regional:na	1994-01-01
18586	1994-10-01	regional:na	1994-01-01
18588	1994-10-01	regional:na	1994-01-01
18591	1994-10-06	regional:na	1994-01-01
18605	1994-10-20	regional:na	1994-01-01
18644	1994-11-01	regional:na	1994-01-01
18649	1994-10-21	regional:jp	1994-01-01
18670	1994-11-01	regional:na	1994-01-01
18676	1994-11-01	regional:na	1994-01-01
18678	1994-11-01	regional:na	1994-01-01
18679	1994-08-12	regional:jp	1994-01-01
18680	1994-11-01	regional:na	1994-01-01
18681	1994-11-01	regional:na	1994-01-01
18687	1994-11-01	regional:na	1994-01-01
18706	1994-06-30	regional:jp	1994-01-01
18707	1994-09-22	regional:jp	1994-01-01
18710	1994-11-01	regional:na	1994-01-01
18721	1994-11-01	regional:na	1994-01-01
18723	1994-11-01	regional:na	1994-01-01
18724	1994-11-01	regional:na	1994-01-01
18729	1994-11-01	regional:na	1994-01-01
18733	1994-11-01	regional:na	1994-01-01
18735	1994-08-10	regional:jp	1994-01-01
18736	1994-11-01	regional:na	1994-01-01
18744	1994-11-03	regional:jp	1994-01-01
18762	1994-11-15	regional:na	1994-01-01
18763	1994-06-17	regional:jp	1994-01-01
18764	1994-11-16	regional:na	1994-01-01
18778	1997-04-30	wikidata:Q7601040	1997-01-01
18790	1994-11-23	regional:na	1994-01-01
18824	1994-12-01	regional:na	1994-01-01
18832	1994-12-01	regional:na	1994-01-01
18837	1994-12-01	regional:na	1994-01-01
18838	1994-12-01	regional:na	1994-01-01
18847	1994-12-01	regional:na	1994-01-01
18848	1994-12-01	regional:na	1994-01-01
18852	1994-12-01	regional:na	1994-01-01
18855	1994-12-01	regional:na	1994-01-01
18856	1994-12-01	regional:na	1994-01-01
18861	1994-11-25	regional:jp	1994-01-01
18882	1994-12-06	regional:na	1994-01-01
18902	1994-12-15	regional:na	1994-01-01
18984	1995-11-21	wikidata:Q615921	1995-01-01
18989	1995-11-01	regional:eu	1995-01-01
18996	1995-08-01	regional:eu	1995-01-01
18999	1995-01-13	regional:jp	1995-01-01
19005	1995-02-24	regional:jp	1995-01-01
19007	1995-05-25	wikidata:Q2836851	1995-01-01
19010	1995-03-16	wikidata:Q2466882	1995-01-01
19011	1995-03-16	wikidata:Q2466882	1995-01-01
19012	1995-10-31	wikidata:Q772925	1995-01-01
19023	1995-12-15	wikidata:Q374299	1995-01-01
19028	1995-07-28	regional:jp	1995-01-01
19029	1995-09-09	wikidata:Q810984	1995-01-01
19033	1995-12-31	wikidata:Q4873150	1995-01-01
19038	1995-08-31	wikidata:Q4878283	1995-01-01
19043	1995-03-29	wikidata:Q864309	1995-01-01
19050	1995-12-15	wikidata:Q731266	1995-01-01
19065	1995-09-04	wikidata:Q1079765	1995-01-01
19068	1995-10-31	wikidata:Q5035795	1995-01-01
19070	1995-07-28	regional:jp	1995-01-01
19084	1995-02-01	regional:eu	1995-01-01
19085	1995-05-01	regional:eu	1995-01-01
19086	1995-11-30	wikidata:Q18387177	1995-01-01
19089	1995-12-20	wikidata:Q5114237	1995-01-01
19092	1995-05-23	regional:eu	1995-01-01
19111	1995-09-01	wikidata:Q950846	1995-01-01
19116	1995-05-26	regional:jp	1995-01-01
19121	1995-04-01	wikidata:Q975529	1995-01-01
19135	1995-09-01	regional:eu	1995-01-01
19138	1995-10-31	wikidata:Q1201000	1995-01-01
19141	1995-11-30	wikidata:Q1411498	1995-01-01
19165	1995-06-23	wikidata:Q727139	1995-01-01
19166	1995-06-23	wikidata:Q727139	1995-01-01
19172	1995-09-10	wikidata:Q5380630	1995-01-01
19174	1995-05-01	regional:eu	1995-01-01
19187	1995-09-01	wikidata:Q633461	1995-01-01
19189	1995-06-24	wikidata:Q5427405	1995-01-01
19190	1995-08-31	wikidata:Q282941	1995-01-01
19192	1995-05-01	regional:eu	1995-01-01
19196	1995-03-31	regional:jp	1995-01-01
19202	1995-06-30	regional:eu	1995-01-01
19211	1995-06-07	wikidata:Q1428727	1995-01-01
19216	1995-10-27	regional:jp	1995-01-01
19219	1995-12-01	wikidata:Q3082829	1995-01-01
19221	1995-04-16	wikidata:Q351027	1995-01-01
19222	1995-04-30	wikidata:Q847471	1995-01-01
19223	1994-12-16	regional:jp	1994-01-01
19225	1995-08-31	wikidata:Q5509835	1995-01-01
19236	1995-02-24	regional:jp	1995-01-01
19249	1995-08-31	wikidata:Q919857	1995-01-01
19250	1995-10-30	wikidata:Q1423930	1995-01-01
19252	1995-12-01	regional:eu	1995-01-01
19266	1995-10-31	wikidata:Q3147102	1995-01-01
19269	1995-09-01	wikidata:Q113288816	1995-01-01
19283	1995-06-01	wikidata:Q3190026	1995-01-01
19284	1995-06-01	regional:eu	1995-01-01
19286	1995-02-01	wikidata:Q3194351	1995-01-01
19299	1995-01-13	regional:jp	1995-01-01
19304	1995-05-26	regional:jp	1995-01-01
19313	1995-03-01	wikidata:Q3022194	1995-01-01
19314	1995-03-01	wikidata:Q3022194	1995-01-01
19340	1995-07-24	wikidata:Q2060276	1995-01-01
19341	1995-07-24	wikidata:Q2060276	1995-01-01
19360	1995-11-24	regional:jp	1995-01-01
19361	1995-06-01	wikidata:Q2748662	1995-01-01
19362	1995-12-01	regional:eu	1995-01-01
19364	1995-03-31	regional:jp	1995-01-01
19373	1995-04-15	wikidata:Q925253	1995-01-01
19376	1995-03-01	regional:eu	1995-01-01
19381	1995-06-01	regional:eu	1995-01-01
19382	1995-06-01	regional:eu	1995-01-01
19384	1995-11-08	regional:eu	1995-01-01
19385	1995-03-01	wikidata:Q3334265	1995-01-01
19387	1995-07-01	regional:eu	1995-01-01
19389	1995-09-01	wikidata:Q3334422	1995-01-01
19391	1995-11-01	regional:eu	1995-01-01
19405	1995-02-13	wikidata:Q7101411	1995-01-01
19411	1995-01-03	regional:jp	1995-01-01
19416	1995-07-31	wikidata:Q588963	1995-01-01
19417	1995-07-31	wikidata:Q588963	1995-01-01
19426	1995-07-14	regional:jp	1995-01-01
19447	1995-11-10	wikidata:Q7256251	1995-01-01
19454	1995-11-22	regional:jp	1995-01-01
19458	1995-11-27	wikidata:Q2208302	1995-01-01
19466	1995-09-01	wikidata:Q13219473	1995-01-01
19474	1995-09-30	wikidata:Q2154560	1995-01-01
19475	1995-03-17	wikidata:Q644838	1995-01-01
19479	1995-03-24	regional:jp	1995-01-01
19482	1995-12-31	wikidata:Q7361149	1995-01-01
19483	1995-04-28	regional:jp	1995-01-01
19487	1995-06-01	regional:eu	1995-01-01
19493	1995-10-31	wikidata:Q2092850	1995-01-01
19494	1995-07-27	regional:eu	1995-01-01
19505	1995-11-30	wikidata:Q3959159	1995-01-01
19506	1995-11-30	wikidata:Q3959159	1995-01-01
19509	1995-09-30	wikidata:Q499257	1995-01-01
19510	1995-12-05	wikidata:Q7499945	1995-01-01
19534	1995-10-01	wikidata:Q88323379	1995-01-01
19536	1995-05-23	wikidata:Q9339926	1995-01-01
19540	1995-03-01	wikidata:Q3965805	1995-01-01
19554	1995-12-31	wikidata:Q3496990	1995-01-01
19555	1995-05-31	wikidata:Q7601022	1995-01-01
19556	1995-02-28	wikidata:Q55287	1995-01-01
19557	1995-11-01	wikidata:Q74061	1995-01-01
19563	1995-11-08	wikidata:Q827160	1995-01-01
19577	1995-03-30	wikidata:Q54335	1995-01-01
19590	1995-03-01	wikidata:Q1545458	1995-01-01
19591	1995-10-01	regional:eu	1995-01-01
19597	1995-02-01	wikidata:Q4354303	1995-01-01
19599	1995-03-24	regional:jp	1995-01-01
19600	1995-04-28	regional:jp	1995-01-01
19603	1995-05-31	wikidata:Q955289	1995-01-01
19607	1995-11-30	wikidata:Q2515712	1995-01-01
19608	1995-11-30	wikidata:Q2515712	1995-01-01
19609	1995-12-01	regional:eu	1995-01-01
19626	1995-01-15	wikidata:Q1543280	1995-01-01
19627	1995-01-15	wikidata:Q1543280	1995-01-01
19628	1995-11-01	regional:eu	1995-01-01
19641	1995-09-15	wikidata:Q9285852	1995-01-01
19648	1995-10-31	wikidata:Q685421	1995-01-01
19649	1995-10-31	wikidata:Q685421	1995-01-01
19683	1995-09-01	regional:jp	1995-01-01
19684	1995-10-18	wikidata:Q1318068	1995-01-01
19686	1995-12-09	wikidata:Q741716	1995-01-01
19698	1995-09-29	wikidata:Q286205	1995-01-01
19699	1995-09-30	wikidata:Q427050	1995-01-01
19709	1995-06-01	wikidata:Q278771	1995-01-01
19710	1995-06-01	wikidata:Q278771	1995-01-01
19711	1995-06-01	wikidata:Q278771	1995-01-01
19715	1995-12-01	wikidata:Q4021780	1995-01-01
19722	1995-11-30	wikidata:Q16267870	1995-01-01
19723	1995-10-31	wikidata:Q1974823	1995-01-01
19724	1995-10-31	wikidata:Q1974823	1995-01-01
19739	1995-01-15	regional:na	1995-01-01
19765	1995-02-01	regional:na	1995-01-01
19769	1995-02-01	regional:na	1995-01-01
19770	1995-02-01	regional:na	1995-01-01
19775	1995-02-01	regional:na	1995-01-01
19778	1995-01-03	regional:jp	1995-01-01
19780	1995-02-01	regional:na	1995-01-01
19785	1995-02-01	regional:na	1995-01-01
19790	1995-02-01	regional:na	1995-01-01
19794	1995-02-01	regional:na	1995-01-01
19795	1995-02-01	regional:na	1995-01-01
19796	1995-02-01	regional:na	1995-01-01
19808	1995-02-16	regional:na	1995-01-01
19809	1995-02-16	regional:na	1995-01-01
19849	1995-01-13	regional:jp	1995-01-01
19857	1995-03-01	regional:na	1995-01-01
19858	1995-03-01	regional:na	1995-01-01
19865	1995-02-01	regional:eu	1995-01-01
19866	1995-03-01	regional:na	1995-01-01
19867	1995-03-01	regional:na	1995-01-01
19868	1995-03-01	regional:na	1995-01-01
19870	1995-03-02	regional:na	1995-01-01
19888	1995-03-16	regional:na	1995-01-01
19894	1995-03-17	regional:na	1995-01-01
19898	1995-03-17	regional:na	1995-01-01
19911	1995-02-17	regional:jp	1995-01-01
19955	1995-02-01	regional:eu	1995-01-01
19957	1995-04-01	regional:na	1995-01-01
19961	1995-04-01	regional:na	1995-01-01
19965	1995-04-01	regional:na	1995-01-01
19967	1995-04-01	regional:na	1995-01-01
19969	1995-04-01	regional:eu	1995-01-01
19985	1995-04-21	regional:na	1995-01-01
20024	1995-05-01	regional:na	1995-01-01
20025	1995-05-01	regional:na	1995-01-01
20030	1995-05-01	regional:na	1995-01-01
20033	1995-05-01	regional:na	1995-01-01
20044	1995-05-15	regional:na	1995-01-01
20053	1995-05-23	regional:na	1995-01-01
20070	1995-05-26	regional:na	1995-01-01
20072	1995-06-01	regional:na	1995-01-01
20076	1995-06-01	regional:na	1995-01-01
20081	1995-06-01	regional:na	1995-01-01
20082	1995-06-01	regional:na	1995-01-01
20083	1995-06-01	regional:na	1995-01-01
20085	1995-06-01	regional:na	1995-01-01
20086	1995-06-01	regional:na	1995-01-01
20088	1995-06-01	regional:na	1995-01-01
20097	1995-06-01	regional:na	1995-01-01
20107	1995-05-26	regional:jp	1995-01-01
20112	1995-06-09	regional:na	1995-01-01
20113	1995-06-09	regional:na	1995-01-01
20115	1995-06-12	regional:na	1995-01-01
20118	1995-06-16	regional:na	1995-01-01
20157	1995-07-01	regional:na	1995-01-01
20158	1995-07-01	regional:na	1995-01-01
20162	1995-07-01	regional:na	1995-01-01
20166	1995-07-01	regional:na	1995-01-01
20167	1995-07-01	regional:na	1995-01-01
20170	1995-07-01	regional:na	1995-01-01
20173	1995-07-01	regional:eu	1995-01-01
20175	1995-07-06	regional:na	1995-01-01
20237	1995-07-28	regional:na	1995-01-01
20238	1995-07-28	regional:na	1995-01-01
20240	1995-07-28	regional:na	1995-01-01
20243	1995-08-01	regional:na	1995-01-01
20245	1994-10-28	wikidata:Q2927402	1994-01-01
20246	1995-03-17	regional:jp	1995-01-01
20249	1995-08-01	regional:na	1995-01-01
20254	1995-02-24	regional:jp	1995-01-01
20315	1995-07-14	regional:jp	1995-01-01
20321	1995-09-01	regional:na	1995-01-01
20322	1995-09-01	regional:na	1995-01-01
20324	1995-09-01	regional:na	1995-01-01
20337	1995-09-01	regional:na	1995-01-01
20338	1995-08-11	regional:jp	1995-01-01
20342	1995-09-01	regional:na	1995-01-01
20345	1995-09-01	regional:na	1995-01-01
20346	1995-09-07	regional:na	1995-01-01
20354	1995-09-08	regional:na	1995-01-01
20359	1995-09-09	regional:na	1995-01-01
20361	1995-09-09	regional:na	1995-01-01
20368	1995-09-13	regional:na	1995-01-01
20369	1995-09-13	regional:na	1995-01-01
20387	1995-09-19	regional:na	1995-01-01
20450	1995-09-30	regional:na	1995-01-01
20452	1995-10-01	regional:na	1995-01-01
20453	1995-10-01	regional:na	1995-01-01
20455	1995-10-01	regional:na	1995-01-01
20457	1995-10-01	regional:na	1995-01-01
20460	1995-10-01	regional:na	1995-01-01
20462	1995-10-01	regional:na	1995-01-01
20475	1995-10-02	regional:na	1995-01-01
20485	1995-10-10	regional:na	1995-01-01
20496	1995-10-13	regional:na	1995-01-01
20502	1995-04-01	regional:jp	1995-01-01
20534	1995-10-27	regional:na	1995-01-01
20536	1995-10-27	regional:na	1995-01-01
20537	1995-10-27	regional:na	1995-01-01
20553	1995-10-30	regional:na	1995-01-01
20555	1995-09-08	regional:jp	1995-01-01
20561	1995-11-01	regional:na	1995-01-01
20569	1995-11-01	regional:na	1995-01-01
20576	1995-09-29	regional:jp	1995-01-01
20577	1995-11-01	regional:na	1995-01-01
20578	1995-11-01	regional:na	1995-01-01
20586	1995-11-01	regional:na	1995-01-01
20589	1995-11-01	regional:na	1995-01-01
20590	1995-11-01	regional:na	1995-01-01
20591	1995-11-01	regional:na	1995-01-01
20592	1995-11-01	regional:na	1995-01-01
20594	1995-11-01	regional:na	1995-01-01
20597	1995-11-01	regional:na	1995-01-01
20598	1995-11-01	regional:na	1995-01-01
20606	1995-11-06	regional:na	1995-01-01
20613	1995-11-10	regional:na	1995-01-01
20617	1995-11-10	regional:na	1995-01-01
20630	1995-08-11	regional:jp	1995-01-01
20648	1995-11-20	regional:na	1995-01-01
20661	1996-04-25	wikidata:Q2414752	1996-01-01
20689	1995-11-30	regional:na	1995-01-01
20708	1995-12-01	regional:na	1995-01-01
20715	1995-12-01	regional:na	1995-01-01
20716	1995-12-01	regional:na	1995-01-01
20719	1995-05-19	regional:jp	1995-01-01
20724	1995-12-01	regional:na	1995-01-01
20758	1995-12-14	regional:na	1995-01-01
20760	1995-12-15	regional:na	1995-01-01
20770	1995-12-15	regional:na	1995-01-01
20785	1995-12-15	regional:na	1995-01-01
20865	1996-10-04	wikidata:Q2818743	1996-01-01
20866	1996-11-30	wikidata:Q2818866	1996-01-01
20867	1996-09-09	wikidata:Q9136940	1996-01-01
20871	1996-02-29	wikidata:Q2300281	1996-01-01
20872	1996-10-31	wikidata:Q2822938	1996-01-01
20873	1996-05-31	wikidata:Q389215	1996-01-01
20874	1996-11-30	wikidata:Q2826522	1996-01-01
20877	1996-08-31	wikidata:Q1411896	1996-01-01
20884	1996-10-31	wikidata:Q3282654	1996-01-01
20895	1996-10-01	wikidata:Q103820410	1996-01-01
20897	1996-02-29	wikidata:Q2878527	1996-01-01
20899	1996-01-26	regional:jp	1996-01-01
20901	1996-11-30	wikidata:Q4353841	1996-01-01
20904	1996-05-31	wikidata:Q4873145	1996-01-01
20905	1996-01-31	wikidata:Q4873146	1996-01-01
20906	1996-12-31	wikidata:Q4873148	1996-01-01
20909	1996-02-29	wikidata:Q4906178	1996-01-01
20914	1996-09-30	wikidata:Q4920624	1996-01-01
20919	1996-11-26	wikidata:Q2906932	1996-01-01
20920	1996-11-26	wikidata:Q2906932	1996-01-01
20927	1996-09-30	wikidata:Q2291123	1996-01-01
20928	1996-09-30	wikidata:Q2291123	1996-01-01
20931	1996-08-15	regional:eu	1996-01-01
20933	1996-08-02	regional:jp	1996-01-01
20936	1996-02-16	regional:jp	1996-01-01
20941	1996-04-30	wikidata:Q2956455	1996-01-01
20947	1996-05-31	wikidata:Q2966741	1996-01-01
20950	1996-02-29	wikidata:Q845290	1996-01-01
20957	1996-01-31	wikidata:Q2982976	1996-01-01
20958	1996-01-31	wikidata:Q2982976	1996-01-01
20959	1996-11-22	wikidata:Q388225	1996-01-01
20960	1996-06-21	wikidata:Q5156478	1996-01-01
20962	1996-03-31	wikidata:Q1126599	1996-01-01
20963	1996-01-19	regional:jp	1996-01-01
20967	1996-09-10	wikidata:Q5190147	1996-01-01
20970	1996-02-16	regional:jp	1996-01-01
20976	1996-06-07	regional:jp	1996-01-01
20982	1996-11-25	wikidata:Q4037076	1996-01-01
20983	1996-07-22	wikidata:Q3020578	1996-01-01
20984	1996-10-31	wikidata:Q5245662	1996-01-01
20985	1996-12-31	wikidata:Q1346381	1996-01-01
20986	1996-10-31	wikidata:Q5247058	1996-01-01
20987	1996-06-01	regional:eu	1996-01-01
20988	1996-02-29	wikidata:Q1444699	1996-01-01
20989	1996-02-29	wikidata:Q1444699	1996-01-01
20992	1996-10-31	wikidata:Q1170309	1996-01-01
20994	1996-12-31	wikidata:Q220960	1996-01-01
20995	1996-08-31	wikidata:Q761941	1996-01-01
20997	1996-11-30	wikidata:Q1228604	1996-01-01
21003	1996-05-31	regional:jp	1996-01-01
21005	1996-11-30	wikidata:Q48838042	1996-01-01
21007	1996-10-31	wikidata:Q5308674	1996-01-01
21009	1996-01-29	wikidata:Q728061	1996-01-01
21012	1996-05-24	wikidata:Q3031547	1996-01-01
21015	1996-03-29	regional:jp	1996-01-01
21017	1996-11-16	wikidata:Q5347888	1996-01-01
21019	1996-12-13	wikidata:Q2182389	1996-01-01
21027	1996-10-31	wikidata:Q427337	1996-01-01
21032	1996-03-01	wikidata:Q3066606	1996-01-01
21035	1996-05-31	wikidata:Q1088780	1996-01-01
21036	1996-05-31	wikidata:Q1088780	1996-01-01
21040	1996-10-31	wikidata:Q5452146	1996-01-01
21047	1996-09-01	wikidata:Q2418753	1996-01-01
21055	1996-08-29	wikidata:Q19658430	1996-01-01
21058	1996-12-16	wikidata:Q5509489	1996-01-01
21063	1996-09-30	wikidata:Q762644	1996-01-01
21064	1996-09-30	wikidata:Q762644	1996-01-01
21068	1996-10-31	wikidata:Q5608596	1996-01-01
21072	1996-09-25	wikidata:Q549466	1996-01-01
21075	1996-08-31	wikidata:Q5706954	1996-01-01
21077	1996-10-01	wikidata:Q532912	1996-01-01
21078	1996-10-01	wikidata:Q532912	1996-01-01
21090	1996-07-05	regional:eu	1996-01-01
21096	1996-09-30	wikidata:Q6151039	1996-01-01
21109	1996-10-31	wikidata:Q6407767	1996-01-01
21112	1996-07-31	wikidata:Q6412512	1996-01-01
21113	1996-07-26	wikidata:Q6419250	1996-01-01
21115	1996-02-15	wikidata:Q3199635	1996-01-01
21117	1996-06-01	wikidata:Q532515	1996-01-01
21121	1996-10-31	wikidata:Q691462	1996-01-01
21122	1996-10-31	wikidata:Q691462	1996-01-01
21123	1996-05-31	wikidata:Q3229372	1996-01-01
21130	1996-03-15	wikidata:Q2364982	1996-01-01
21131	1996-10-04	regional:jp	1996-01-01
21132	1996-10-31	wikidata:Q1635085	1996-01-01
21133	1996-10-31	wikidata:Q1635085	1996-01-01
21143	1996-08-31	wikidata:Q3275489	1996-01-01
21148	1996-10-31	wikidata:Q2493744	1996-01-01
21149	1996-10-31	wikidata:Q2493744	1996-01-01
21154	1996-08-31	wikidata:Q3304197	1996-01-01
21162	1996-05-31	wikidata:Q3859225	1996-01-01
21166	1996-08-31	wikidata:Q3272023	1996-01-01
21175	1996-04-16	wikidata:Q3334241	1996-01-01
21177	1996-11-01	wikidata:Q428548	1996-01-01
21179	1996-08-31	wikidata:Q3334424	1996-01-01
21180	1996-08-31	wikidata:Q3334424	1996-01-01
21191	1996-10-31	wikidata:Q5228938	1996-01-01
21194	1996-12-01	wikidata:Q7075517	1996-01-01
21200	1996-01-26	regional:eu	1996-01-01
21203	1996-07-31	wikidata:Q746280	1996-01-01
21208	1996-11-30	wikidata:Q3378057	1996-01-01
21209	1996-11-30	wikidata:Q3378057	1996-01-01
21216	1996-09-30	wikidata:Q7236290	1996-01-01
21217	1996-10-31	wikidata:Q1383776	1996-01-01
21228	1996-03-29	wikidata:Q3176640	1996-01-01
21232	1996-06-22	wikidata:Q217423	1996-01-01
21243	1996-09-20	wikidata:Q947420	1996-01-01
21245	1996-03-29	regional:eu	1996-01-01
21246	1996-02-29	wikidata:Q3936380	1996-01-01
21247	1996-02-29	wikidata:Q7335886	1996-01-01
21248	1996-04-19	regional:eu	1996-01-01
21250	1996-02-16	regional:jp	1996-01-01
21251	1996-10-01	wikidata:Q7355115	1996-01-01
21259	1996-11-30	wikidata:Q7435300	1996-01-01
21260	1996-11-30	wikidata:Q7435300	1996-01-01
21266	1996-09-08	wikidata:Q7446169	1996-01-01
21267	1996-10-31	wikidata:Q7446174	1996-01-01
21272	1996-09-30	wikidata:Q7490710	1996-01-01
21274	1996-02-29	wikidata:Q634069	1996-01-01
21277	1996-10-31	wikidata:Q2142212	1996-01-01
21289	1996-12-31	wikidata:Q7547922	1996-01-01
21292	1996-07-01	wikidata:Q3492579	1996-01-01
21293	1996-07-01	wikidata:Q3492579	1996-01-01
21294	1996-09-27	regional:eu	1996-01-01
21301	1996-02-29	wikidata:Q7581729	1996-01-01
21302	1996-02-29	wikidata:Q7581729	1996-01-01
21304	1996-09-24	wikidata:Q7600686	1996-01-01
21308	1996-10-31	wikidata:Q7600959	1996-01-01
21310	1996-11-19	wikidata:Q3968366	1996-01-01
21313	1996-12-20	regional:jp	1996-01-01
21314	1996-01-26	regional:jp	1996-01-01
21325	1996-10-31	wikidata:Q1115082	1996-01-01
21332	1996-10-31	wikidata:Q1870692	1996-01-01
21333	1996-11-30	wikidata:Q7699287	1996-01-01
21334	1996-03-05	wikidata:Q7703114	1996-01-01
21336	1996-12-31	wikidata:Q17306560	1996-01-01
21342	1996-03-08	regional:jp	1996-01-01
21343	1996-10-31	wikidata:Q52058	1996-01-01
21345	1996-07-31	wikidata:Q746280	1996-01-01
21348	1996-07-01	wikidata:Q936021	1996-01-01
21356	1996-07-31	wikidata:Q2479889	1996-01-01
21357	1996-07-31	wikidata:Q2479889	1996-01-01
21361	1996-09-30	wikidata:Q7805528	1996-01-01
21369	1996-10-25	wikidata:Q317620	1996-01-01
21371	1996-11-30	wikidata:Q1639855	1996-01-01
21372	1996-11-30	wikidata:Q1639855	1996-01-01
21382	1996-04-10	wikidata:Q7836722	1996-01-01
21384	1996-08-01	wikidata:Q72860973	1996-01-01
21385	1996-08-01	wikidata:Q72860973	1996-01-01
21386	1996-10-31	wikidata:Q7853277	1996-01-01
21388	1996-10-31	wikidata:Q2367032	1996-01-01
21390	1996-11-18	wikidata:Q7882740	1996-01-01
21400	1996-12-31	wikidata:Q3282238	1996-01-01
21405	1996-04-30	wikidata:Q860291	1996-01-01
21406	1996-04-30	wikidata:Q860291	1996-01-01
21408	1996-08-26	wikidata:Q7969356	1996-01-01
21411	1996-06-01	wikidata:Q7993123	1996-01-01
21413	1996-02-12	wikidata:Q1636092	1996-01-01
21414	1996-09-30	wikidata:Q3004206	1996-01-01
21415	1996-05-06	wikidata:Q4020530	1996-01-01
21417	1996-02-01	regional:eu	1996-01-01
21423	1996-12-31	wikidata:Q8042482	1996-01-01
21427	1996-07-31	wikidata:Q136597	1996-01-01
21430	1996-02-29	wikidata:Q3576112	1996-01-01
21431	1996-02-29	wikidata:Q3576112	1996-01-01
21435	1996-01-09	regional:na	1996-01-01
21447	1996-01-15	regional:na	1996-01-01
21450	1996-01-15	regional:na	1996-01-01
21451	2001-09-07	wikidata:Q3549660	2001-01-01
21461	1996-01-24	regional:na	1996-01-01
21475	1996-01-29	regional:na	1996-01-01
21503	1996-02-15	regional:na	1996-01-01
21504	1996-02-15	regional:na	1996-01-01
21542	1996-03-01	regional:na	1996-01-01
21598	1996-03-15	regional:na	1996-01-01
21673	1996-04-01	regional:na	1996-01-01
21676	1996-04-01	regional:na	1996-01-01
21677	1996-04-01	regional:na	1996-01-01
21743	1996-05-01	regional:na	1996-01-01
21752	1996-05-10	regional:na	1996-01-01
21755	1995-12-14	regional:jp	1995-01-01
21759	1996-05-15	regional:na	1996-01-01
21803	1996-06-01	regional:na	1996-01-01
21881	1996-07-01	regional:na	1996-01-01
21952	1996-08-01	regional:na	1996-01-01
21989	1996-08-15	regional:na	1996-01-01
22029	1996-03-29	regional:jp	1996-01-01
22152	1996-10-01	regional:na	1996-01-01
22156	1996-10-01	regional:na	1996-01-01
22158	1996-10-01	regional:na	1996-01-01
22234	1996-01-19	regional:jp	1996-01-01
22247	1996-10-31	regional:na	1996-01-01
22248	1996-10-31	regional:na	1996-01-01
22260	1996-03-22	regional:jp	1996-01-01
22261	1996-11-01	regional:na	1996-01-01
22273	1996-10-18	regional:jp	1996-01-01
22274	1996-11-01	regional:na	1996-01-01
22287	1996-11-01	regional:na	1996-01-01
22294	1996-11-05	regional:na	1996-01-01
22303	1996-11-11	regional:na	1996-01-01
22309	1996-11-14	regional:na	1996-01-01
22310	1996-11-14	regional:na	1996-01-01
22344	1996-11-21	regional:na	1996-01-01
22378	1996-11-27	regional:na	1996-01-01
22414	1996-08-30	regional:jp	1996-01-01
22425	1996-12-01	regional:na	1996-01-01
22430	1996-12-01	regional:na	1996-01-01
22432	1996-09-27	regional:jp	1996-01-01
22433	1996-12-01	regional:na	1996-01-01
22570	1997-07-04	wikidata:Q4642330	1997-01-01
22572	1997-09-30	wikidata:Q2818442	1997-01-01
22573	1997-02-28	wikidata:Q4656841	1997-01-01
22576	1997-08-31	wikidata:Q4673939	1997-01-01
22584	1997-10-15	wikidata:Q220767	1997-01-01
22587	1997-12-31	wikidata:Q4765051	1997-01-01
22590	1997-09-30	wikidata:Q756646	1997-01-01
22591	1997-09-30	wikidata:Q756646	1997-01-01
22592	1997-07-31	wikidata:Q2564819	1997-01-01
22594	1997-03-14	wikidata:Q4830839	1997-01-01
22598	1997-04-30	wikidata:Q4873149	1997-01-01
22599	1997-04-30	wikidata:Q4873151	1997-01-01
22601	1997-12-05	wikidata:Q639840	1997-01-01
22603	1997-07-31	wikidata:Q389138	1997-01-01
22605	1997-10-31	wikidata:Q881018	1997-01-01
22608	1997-05-31	wikidata:Q885083	1997-01-01
22610	1997-09-12	wikidata:Q46993158	1997-01-01
22615	1997-10-17	wikidata:Q544818	1997-01-01
22634	1997-09-30	wikidata:Q1099159	1997-01-01
22635	1997-03-28	wikidata:Q953511	1997-01-01
22636	1997-09-30	wikidata:Q5135186	1997-01-01
22637	1997-06-01	wikidata:Q13561372	1997-01-01
22640	1997-12-30	wikidata:Q69523181	1997-01-01
22645	1997-10-03	wikidata:Q2995315	1997-01-01
22646	1997-10-03	wikidata:Q2995315	1997-01-01
22651	1997-09-29	wikidata:Q2292512	1997-01-01
22656	1997-10-23	wikidata:Q629400	1997-01-01
22657	1997-08-31	wikidata:Q1166216	1997-01-01
22659	1997-03-31	wikidata:Q16259395	1997-01-01
22663	1997-12-31	wikidata:Q5256311	1997-01-01
22664	1997-11-24	wikidata:Q669687	1997-01-01
22675	1997-06-26	wikidata:Q1265742	1997-01-01
22676	1997-06-26	wikidata:Q1265742	1997-01-01
22678	1997-05-23	wikidata:Q720456	1997-01-01
22679	1997-01-24	wikidata:Q3717526	1997-01-01
22686	1997-04-15	wikidata:Q3054077	1997-01-01
22687	1997-12-01	wikidata:Q966511	1997-01-01
22689	1997-06-30	wikidata:Q5422310	1997-01-01
22691	1997-06-17	wikidata:Q913223	1997-01-01
22692	1997-06-17	wikidata:Q913223	1997-01-01
22693	1997-10-10	wikidata:Q60102	1997-01-01
22694	1997-10-10	wikidata:Q60102	1997-01-01
22696	1997-10-31	wikidata:Q1411913	1997-01-01
22697	1997-01-31	regional:jp	1997-01-01
22698	1997-11-30	wikidata:Q2382138	1997-01-01
22700	1997-11-30	wikidata:Q5459248	1997-01-01
22704	1997-08-15	wikidata:Q5467234	1997-01-01
22705	1997-04-01	wikidata:Q7734837	1997-01-01
22706	1997-09-30	wikidata:Q1775040	1997-01-01
22709	1997-09-30	wikidata:Q5505250	1997-01-01
22710	1997-05-31	wikidata:Q102163615	1997-01-01
22713	1997-02-28	wikidata:Q3093025	1997-01-01
22714	1997-09-30	wikidata:Q1484061	1997-01-01
22727	1997-06-20	wikidata:Q374320	1997-01-01
22728	1997-08-31	wikidata:Q284203	1997-01-01
22729	1997-04-30	wikidata:Q1423930	1997-01-01
22733	1997-02-28	regional:jp	1997-01-01
22737	1997-08-31	wikidata:Q386452	1997-01-01
22741	1997-02-28	wikidata:Q153602	1997-01-01
22742	1997-09-30	wikidata:Q339056	1997-01-01
22743	1997-02-28	wikidata:Q6016025	1997-01-01
22744	1997-06-30	wikidata:Q3153293	1997-01-01
22745	1997-03-28	wikidata:Q1431368	1997-01-01
22763	1997-03-25	wikidata:Q1748744	1997-01-01
22768	1997-02-03	wikidata:Q6424206	1997-01-01
22771	1997-09-30	wikidata:Q3217112	1997-01-01
22772	1997-09-30	wikidata:Q3217112	1997-01-01
22773	1997-03-30	wikidata:Q1149590	1997-01-01
22775	1997-09-26	wikidata:Q4992301	1997-01-01
22776	1997-05-31	wikidata:Q3238390	1997-01-01
22777	1997-10-02	wikidata:Q1317822	1997-01-01
22778	1997-05-31	wikidata:Q2380244	1997-01-01
22779	1997-05-31	wikidata:Q2380244	1997-01-01
22781	1997-08-31	wikidata:Q28127023	1997-01-01
22782	1997-05-07	wikidata:Q1881315	1997-01-01
22783	1997-05-07	wikidata:Q1881315	1997-01-01
22784	1997-08-31	wikidata:Q6723670	1997-01-01
22785	1997-07-31	wikidata:Q3275491	1997-01-01
22786	1997-07-31	wikidata:Q3275491	1997-01-01
22787	1997-09-30	wikidata:Q3843127	1997-01-01
22788	1997-03-06	wikidata:Q4043590	1997-01-01
22794	1997-02-28	wikidata:Q16258833	1997-01-01
22796	1997-09-30	wikidata:Q1851681	1997-01-01
22798	1997-12-18	wikidata:Q3179262	1997-01-01
22799	1997-08-01	wikidata:Q1203511	1997-01-01
22801	1997-07-31	wikidata:Q6840122	1997-01-01
22802	1997-09-16	wikidata:Q10329637	1997-01-01
22810	1997-08-31	wikidata:Q1997345	1997-01-01
22812	1997-11-25	wikidata:Q2290426	1997-01-01
22813	1997-11-01	wikidata:Q2361288	1997-01-01
22814	1997-05-14	wikidata:Q6953737	1997-01-01
22816	1997-09-30	wikidata:Q3334427	1997-01-01
22817	1997-09-30	wikidata:Q3334427	1997-01-01
22819	1997-03-31	wikidata:Q1139035	1997-01-01
22821	1997-09-30	wikidata:Q536833	1997-01-01
22822	1997-08-31	wikidata:Q1064350	1997-01-01
22825	1997-03-01	wikidata:Q2302060	1997-01-01
22827	1997-10-01	wikidata:Q2042305	1997-01-01
22828	1997-02-28	wikidata:Q382556	1997-01-01
22829	1997-06-30	wikidata:Q7122462	1997-01-01
22830	1997-09-30	wikidata:Q1280928	1997-01-01
22832	1997-10-31	wikidata:Q1346732	1997-01-01
22835	1997-05-23	regional:jp	1997-01-01
22840	1997-11-14	wikidata:Q1049783	1997-01-01
22845	1997-11-21	wikidata:Q28126683	1997-01-01
22849	1997-12-09	wikidata:Q737103	1997-01-01
22850	1997-03-01	wikidata:Q7272679	1997-01-01
22851	1997-03-28	wikidata:Q7277468	1997-01-01
22854	1997-09-30	wikidata:Q3418569	1997-01-01
22856	1997-07-09	wikidata:Q28126745	1997-01-01
22863	1997-10-30	wikidata:Q3422662	1997-01-01
22864	1997-04-30	wikidata:Q2136372	1997-01-01
22868	1997-10-29	wikidata:Q2265002	1997-01-01
22879	1997-03-31	wikidata:Q3478656	1997-01-01
22881	1997-12-31	wikidata:Q3481162	1997-01-01
22882	1997-05-13	wikidata:Q1930787	1997-01-01
22886	1997-10-14	wikidata:Q3135815	1997-01-01
22892	1997-10-31	wikidata:Q282945	1997-01-01
22895	1997-10-17	wikidata:Q3161366	1997-01-01
22898	1997-09-01	wikidata:Q5385821	1997-01-01
22899	1997-12-31	wikidata:Q7601071	1997-01-01
22900	1997-10-10	wikidata:Q55291	1997-01-01
22902	1997-04-17	wikidata:Q55314	1997-01-01
22903	1997-03-01	wikidata:Q55265	1997-01-01
22907	1997-10-31	wikidata:Q2265268	1997-01-01
22913	1997-09-30	wikidata:Q3284431	1997-01-01
22918	1997-11-17	wikidata:Q7699099	1997-01-01
22920	1997-08-31	wikidata:Q7703199	1997-01-01
22922	1997-02-28	wikidata:Q3519027	1997-01-01
22930	1997-10-31	wikidata:Q1137217	1997-01-01
22931	1997-04-01	wikidata:Q7734837	1997-01-01
22932	1997-03-30	wikidata:Q1149590	1997-01-01
22947	1997-06-30	wikidata:Q7765627	1997-01-01
22949	1997-03-31	wikidata:Q588710	1997-01-01
22950	1997-03-31	wikidata:Q588710	1997-01-01
22953	1997-11-30	wikidata:Q7815318	1997-01-01
22954	1997-10-31	wikidata:Q816451	1997-01-01
22957	1997-09-30	wikidata:Q951384	1997-01-01
22959	1997-07-01	wikidata:Q113859383	1997-01-01
22961	1997-02-28	wikidata:Q2431467	1997-01-01
22964	1997-09-24	wikidata:Q1043550	1997-01-01
22967	1997-12-12	wikidata:Q907782	1997-01-01
22972	1996-08-01	regional:br	1996-01-01
22976	1997-08-31	wikidata:Q7968453	1997-01-01
22977	1997-11-30	wikidata:Q3566228	1997-01-01
22981	1997-11-30	wikidata:Q477882	1997-01-01
22986	1997-12-31	wikidata:Q2597789	1997-01-01
22988	1997-06-30	wikidata:Q2529701	1997-01-01
22989	1997-06-30	wikidata:Q2529701	1997-01-01
22993	1997-08-22	wikidata:Q2791899	1997-01-01
22999	1997-10-31	wikidata:Q2102039	1997-01-01
23036	1997-01-10	regional:jp	1997-01-01
23122	1997-03-01	regional:na	1997-01-01
23172	1997-03-26	regional:na	1997-01-01
23214	1997-03-31	regional:na	1997-01-01
23236	1997-04-10	regional:na	1997-01-01
23318	1998-09-23	wikidata:Q2066662	1998-01-01
23320	1997-05-14	regional:na	1997-01-01
23416	1997-06-30	regional:na	1997-01-01
23417	2000-04-01	raw	2000-01-01
23418	1997-06-30	regional:na	1997-01-01
23420	1997-06-30	regional:na	1997-01-01
23421	1997-06-30	regional:na	1997-01-01
23429	1997-07-01	regional:na	1997-01-01
23430	1997-07-01	regional:na	1997-01-01
23523	1996-12-27	regional:jp	1996-01-01
23568	1997-08-26	regional:na	1997-01-01
23625	1997-09-16	regional:na	1997-01-01
23694	1997-10-01	regional:na	1997-01-01
23703	1997-06-27	regional:jp	1997-01-01
23798	1997-01-15	regional:jp	1997-01-01
23824	1997-11-15	regional:na	1997-01-01
23904	1997-12-01	regional:na	1997-01-01
23905	1997-12-01	regional:na	1997-01-01
23934	1997-12-05	regional:na	1997-01-01
23941	1997-03-28	regional:jp	1997-01-01
23965	1997-12-17	regional:na	1997-01-01
24031	1998-11-12	wikidata:Q2738981	1998-01-01
24032	1998-05-31	wikidata:Q4677812	1998-01-01
24039	1998-10-31	wikidata:Q515876	1998-01-01
24040	1998-07-21	wikidata:Q65040529	1998-01-01
24043	1998-09-24	wikidata:Q567250	1998-01-01
24046	1998-12-01	wikidata:Q4804283	1998-01-01
24048	1998-08-20	wikidata:Q4830589	1998-01-01
24050	1998-12-21	wikidata:Q663583	1998-01-01
24051	1998-02-01	wikidata:Q63049638	1998-01-01
24055	1998-02-28	wikidata:Q811025	1998-01-01
24057	1998-02-28	wikidata:Q4920619	1998-01-01
24058	1998-01-28	wikidata:Q4925615	1998-01-01
24061	1998-10-31	wikidata:Q2721689	1998-01-01
24062	1998-12-24	raw	1998-01-01
24064	1998-12-08	wikidata:Q4964438	1998-01-01
24065	1998-09-28	wikidata:Q2927045	1998-01-01
24066	1998-11-18	wikidata:Q1171293	1998-01-01
24067	1998-03-20	wikidata:Q65067511	1998-01-01
24070	1998-02-15	wikidata:Q5015322	1998-01-01
24073	1998-11-30	wikidata:Q660034	1998-01-01
24075	1998-11-30	raw	1998-01-01
24076	1998-10-31	wikidata:Q5060162	1998-01-01
24080	1998-10-18	wikidata:Q5125553	1998-01-01
24081	1998-12-31	wikidata:Q5135193	1998-01-01
24084	1998-07-31	wikidata:Q2278202	1998-01-01
24094	1998-09-30	wikidata:Q1565437	1998-01-01
24097	1998-12-16	wikidata:Q5206573	1998-01-01
24099	1998-02-28	wikidata:Q3020580	1998-01-01
24100	1998-03-19	wikidata:Q2233550	1998-01-01
24101	1998-09-30	wikidata:Q1184892	1998-01-01
24103	1998-03-19	wikidata:Q1125377	1998-01-01
24104	1998-02-28	wikidata:Q1984531	1998-01-01
24105	1998-01-23	wikidata:Q3032256	1998-01-01
24108	1998-06-11	wikidata:Q3034910	1998-01-01
24110	1998-12-18	raw	1998-01-01
24111	1998-09-25	raw	1998-01-01
24114	1998-10-31	wikidata:Q2723207	1998-01-01
24115	1998-07-31	wikidata:Q1312246	1998-01-01
24116	1998-10-31	wikidata:Q3734824	1998-01-01
24117	1998-10-20	wikidata:Q5422358	1998-01-01
24118	1998-11-17	wikidata:Q3062635	1998-01-01
24120	1998-10-31	wikidata:Q2420155	1998-01-01
24124	1998-12-11	raw	1998-01-01
24125	1998-12-12	wikidata:Q2631873	1998-01-01
24126	1998-09-30	wikidata:Q910938	1998-01-01
24132	1998-04-30	wikidata:Q1633977	1998-01-01
24133	1998-03-06	wikidata:Q19658431	1998-01-01
24137	1998-08-31	wikidata:Q1643114	1998-01-01
24138	1998-11-20	raw	1998-01-01
24139	1998-11-20	raw	1998-01-01
24141	1998-08-22	wikidata:Q11699731	1998-01-01
24142	1998-12-01	raw	1998-01-01
24143	1998-01-31	wikidata:Q1143139	1998-01-01
24144	1998-11-16	wikidata:Q3099937	1998-01-01
24146	1998-10-30	wikidata:Q592507	1998-01-01
24149	1998-07-31	wikidata:Q544667	1998-01-01
24150	1998-10-31	wikidata:Q2251404	1998-01-01
24151	1998-10-21	raw	1998-01-01
24154	1998-11-13	raw	1998-01-01
24155	1998-07-16	wikidata:Q2548654	1998-01-01
24156	1998-10-15	wikidata:Q16259669	1998-01-01
24159	1998-03-23	wikidata:Q1814896	1998-01-01
24160	1998-04-14	wikidata:Q1194566	1998-01-01
24161	1998-12-18	wikidata:Q2514657	1998-01-01
24172	1998-10-31	wikidata:Q1987167	1998-01-01
24173	1998-12-11	raw	1998-01-01
24175	1998-12-01	wikidata:Q1742190	1998-01-01
24176	1998-09-18	wikidata:Q628362	1998-01-01
24178	1998-12-01	raw	1998-01-01
24180	1998-02-04	wikidata:Q6518539	1998-01-01
24181	1998-10-26	wikidata:Q5232301	1998-01-01
24184	1998-11-26	regional:jp	1998-01-01
24185	1998-09-30	wikidata:Q6666240	1998-01-01
24186	1998-12-11	raw	1998-01-01
24188	1998-12-01	raw	1998-01-01
24190	1998-02-28	wikidata:Q6713667	1998-01-01
24192	1998-09-30	wikidata:Q3275508	1998-01-01
24193	1998-11-01	wikidata:Q4043606	1998-01-01
24194	1998-12-23	raw	1998-01-01
24208	1998-06-24	wikidata:Q1644673	1998-01-01
24209	1998-12-01	raw	1998-01-01
24213	1998-01-05	wikidata:Q6840069	1998-01-01
24214	1998-07-01	wikidata:Q102503079	1998-01-01
24217	1998-12-15	wikidata:Q6840187	1998-01-01
24219	1998-04-30	wikidata:Q1176842	1998-01-01
24223	1998-12-11	raw	1998-01-01
24224	1998-04-30	wikidata:Q5230610	1998-01-01
24226	1998-12-01	raw	1998-01-01
24228	1998-12-01	raw	1998-01-01
24230	1998-08-31	wikidata:Q3866293	1998-01-01
24231	1998-12-20	wikidata:Q2331763	1998-01-01
24232	1998-07-31	wikidata:Q3284443	1998-01-01
24233	1998-07-31	wikidata:Q3284443	1998-01-01
24235	1998-10-31	wikidata:Q1989219	1998-01-01
24236	1998-12-01	raw	1998-01-01
24238	1998-09-30	wikidata:Q3334428	1998-01-01
24240	1998-12-01	wikidata:Q3335759	1998-01-01
24241	1998-03-25	wikidata:Q1139007	1998-01-01
24244	1998-08-31	wikidata:Q3171293	1998-01-01
24245	1998-11-25	wikidata:Q2386012	1998-01-01
24255	1998-10-02	wikidata:Q3470532	1998-01-01
24257	1998-04-30	wikidata:Q3197458	1998-01-01
24258	1998-08-31	wikidata:Q1269146	1998-01-01
24262	1998-12-01	raw	1998-01-01
24263	1998-09-30	wikidata:Q7201004	1998-01-01
24265	1998-11-18	raw	1998-01-01
24266	1998-10-23	raw	1998-01-01
24267	1998-11-27	raw	1998-01-01
24268	1998-12-18	raw	1998-01-01
24269	1998-06-30	wikidata:Q3907265	1998-01-01
24270	1998-10-22	regional:jp	1998-01-01
24271	1998-11-30	wikidata:Q1070478	1998-01-01
24273	1998-12-01	raw	1998-01-01
24282	1998-04-01	wikidata:Q3417475	1998-01-01
24283	1998-12-01	raw	1998-01-01
24284	1998-12-01	raw	1998-01-01
24285	1998-01-14	wikidata:Q28126740	1998-01-01
24287	1998-07-31	wikidata:Q3422891	1998-01-01
24293	1998-12-04	raw	1998-01-01
24294	1998-12-04	raw	1998-01-01
24296	1998-08-31	wikidata:Q3459046	1998-01-01
24299	1998-04-30	wikidata:Q586267	1998-01-01
24300	1998-11-27	raw	1998-01-01
24301	1998-11-27	raw	1998-01-01
24303	1998-02-01	regional:jp	1998-01-01
24306	1998-10-01	wikidata:Q1992120	1998-01-01
24307	1998-12-01	raw	1998-01-01
24309	1998-09-30	wikidata:Q2097031	1998-01-01
24310	1998-10-31	wikidata:Q2280672	1998-01-01
24313	1998-03-04	wikidata:Q2609037	1998-01-01
24317	1998-05-25	wikidata:Q16259270	1998-01-01
24318	1998-02-28	wikidata:Q7563710	1998-01-01
24319	1998-12-12	wikidata:Q2636173	1998-01-01
24320	1998-10-31	wikidata:Q7572267	1998-01-01
24322	1998-11-23	wikidata:Q7575468	1998-01-01
24326	1998-10-01	wikidata:Q3824662	1998-01-01
24328	1998-02-09	wikidata:Q3968320	1998-01-01
24329	1998-02-24	wikidata:Q55301	1998-01-01
24330	1998-10-21	wikidata:Q7601083	1998-01-01
24331	1998-04-08	wikidata:Q2389272	1998-01-01
24332	1998-12-03	wikidata:Q54297	1998-01-01
24333	1998-06-23	wikidata:Q122860706	1998-01-01
24334	1998-11-30	wikidata:Q840409	1998-01-01
24345	1998-12-01	raw	1998-01-01
24347	1998-08-01	wikidata:Q7642589	1998-01-01
24350	1998-11-27	raw	1998-01-01
24353	1998-09-30	wikidata:Q3519030	1998-01-01
24354	1998-09-30	wikidata:Q2326787	1998-01-01
24355	1998-10-21	raw	1998-01-01
24356	1998-02-28	wikidata:Q2376743	1998-01-01
24358	1998-10-01	wikidata:Q113714725	1998-01-01
24359	1998-03-26	wikidata:Q6113095	1998-01-01
24361	1998-12-12	raw	1998-01-01
24367	1998-11-20	wikidata:Q2579674	1998-01-01
24368	1998-12-18	raw	1998-01-01
24369	1998-06-01	wikidata:Q2576094	1998-01-01
24370	1998-11-30	wikidata:Q931737	1998-01-01
24371	1998-04-17	wikidata:Q7797576	1998-01-01
24373	1998-08-21	wikidata:Q1068778	1998-01-01
24374	1998-11-30	wikidata:Q7815324	1998-01-01
24376	1998-11-21	wikidata:Q1123794	1998-01-01
24378	1998-06-30	wikidata:Q3532665	1998-01-01
24379	1998-04-30	wikidata:Q4357791	1998-01-01
24381	1998-10-21	wikidata:Q3098037	1998-01-01
24382	1998-12-01	raw	1998-01-01
24383	1998-10-31	wikidata:Q3548001	1998-01-01
24386	1998-05-22	wikidata:Q588147	1998-01-01
24389	1998-06-01	wikidata:Q4103296	1998-01-01
24395	1998-06-30	wikidata:Q2070837	1998-01-01
24396	1998-10-31	wikidata:Q2079433	1998-01-01
24397	1998-03-31	wikidata:Q2067226	1998-01-01
24398	1998-10-21	raw	1998-01-01
24399	1998-11-27	wikidata:Q3567573	1998-01-01
24401	1998-03-31	wikidata:Q864026	1998-01-01
24403	1998-06-17	wikidata:Q675511	1998-01-01
24420	1999-09-24	raw	1999-01-01
24421	2001-11-30	raw	2001-01-01
24477	1998-02-01	regional:na	1998-01-01
24508	1998-02-25	regional:na	1998-01-01
24540	1998-02-28	regional:na	1998-01-01
24544	1998-03-01	regional:na	1998-01-01
24671	1998-04-07	regional:na	1998-01-01
24746	1998-12-01	raw	1998-01-01
24750	1998-05-20	regional:na	1998-01-01
24798	1998-06-01	regional:na	1998-01-01
24823	1998-02-26	regional:jp	1998-01-01
24886	1998-06-30	regional:na	1998-01-01
24929	2000-01-14	raw	2000-01-01
24980	1998-08-01	regional:na	1998-01-01
25058	2001-11-15	wikidata:Q126106498	2001-01-01
25066	1998-09-09	regional:na	1998-01-01
25133	1998-04-09	regional:jp	1998-01-01
25134	1998-07-30	regional:jp	1998-01-01
25156	1998-06-04	regional:jp	1998-01-01
25158	1998-10-01	regional:na	1998-01-01
25177	1998-10-10	regional:na	1998-01-01
25246	1998-10-31	regional:na	1998-01-01
25247	1998-10-31	regional:na	1998-01-01
25248	1998-10-31	regional:na	1998-01-01
25251	1998-10-31	regional:na	1998-01-01
25253	1998-11-01	regional:na	1998-01-01
25254	1998-11-01	regional:na	1998-01-01
25268	1998-05-21	regional:jp	1998-01-01
25269	1998-11-10	regional:na	1998-01-01
25292	1998-11-15	regional:na	1998-01-01
25311	1998-12-01	raw	1998-01-01
25314	1999-02-28	raw	1999-01-01
25353	1998-11-19	regional:jp	1998-01-01
25362	1998-12-01	regional:na	1998-01-01
25459	1999-08-01	raw	1999-01-01
25460	1999-11-30	wikidata:Q2807392	1999-01-01
25465	1999-06-17	wikidata:Q2823769	1999-01-01
25466	1999-09-27	wikidata:Q34852	1999-01-01
25467	1999-10-31	wikidata:Q392321	1999-01-01
25469	1999-04-30	wikidata:Q1770108	1999-01-01
25470	1999-06-25	raw	1999-01-01
25471	1999-10-18	wikidata:Q740986	1999-01-01
25472	1999-09-22	wikidata:Q4763085	1999-01-01
25473	1999-06-24	raw	1999-01-01
25474	1999-10-22	raw	1999-01-01
25476	1999-12-01	raw	1999-01-01
25477	1999-03-22	wikidata:Q4794188	1999-01-01
25478	1999-10-13	wikidata:Q4034393	1999-01-01
25479	1999-11-02	wikidata:Q380578	1999-01-01
25480	1999-09-01	raw	1999-01-01
25483	1999-08-05	raw	1999-01-01
25484	1999-01-29	raw	1999-01-01
25485	1999-11-01	raw	1999-01-01
25487	1999-08-27	raw	1999-01-01
25488	1999-04-30	wikidata:Q2617580	1999-01-01
25489	1999-12-30	wikidata:Q4859674	1999-01-01
25490	1999-05-01	raw	1999-01-01
25491	1999-12-11	raw	1999-01-01
25492	1999-11-04	raw	1999-01-01
25496	1999-03-11	raw	1999-01-01
25497	1999-11-25	raw	1999-01-01
25498	1999-10-25	raw	1999-01-01
25499	1999-11-17	raw	1999-01-01
25500	1999-09-01	raw	1999-01-01
25501	1999-12-01	raw	1999-01-01
25502	1999-12-17	raw	1999-01-01
25503	1999-12-17	raw	1999-01-01
25505	1999-01-29	raw	1999-01-01
25506	1999-05-31	wikidata:Q2603276	1999-01-01
25507	1999-03-26	raw	1999-01-01
25508	1999-06-01	raw	1999-01-01
25510	1999-09-14	wikidata:Q5015329	1999-01-01
25511	1999-12-08	wikidata:Q5015343	1999-01-01
25512	1999-07-01	raw	1999-01-01
25514	1999-05-15	raw	1999-01-01
25515	1999-06-01	wikidata:Q5043577	1999-01-01
25516	1999-09-10	wikidata:Q3660482	1999-01-01
25517	1999-12-01	raw	1999-01-01
25518	1999-12-01	raw	1999-01-01
25519	1999-03-26	wikidata:Q5070132	1999-01-01
25520	1999-12-03	wikidata:Q96374740	1999-01-01
25522	1999-04-16	raw	1999-01-01
25523	1999-11-15	raw	1999-01-01
25525	1999-11-03	raw	1999-01-01
25527	1999-07-30	raw	1999-01-01
25528	1999-07-31	wikidata:Q2325366	1999-01-01
25529	1999-03-01	wikidata:Q1027136	1999-01-01
25530	1999-10-01	raw	1999-01-01
25531	1999-11-01	wikidata:Q1105706	1999-01-01
25532	1999-11-05	raw	1999-01-01
25533	1999-08-27	wikidata:Q754335	1999-01-01
25534	1999-06-08	raw	1999-01-01
25535	1999-03-18	wikidata:Q116768629	1999-01-01
25536	1999-12-01	raw	1999-01-01
25537	1999-04-30	wikidata:Q2998017	1999-01-01
25538	1999-06-19	wikidata:Q163628	1999-01-01
25539	1999-02-01	wikidata:Q1139272	1999-01-01
25540	1999-11-04	wikidata:Q5183653	1999-01-01
25542	1999-06-30	wikidata:Q2274988	1999-01-01
25543	1999-12-20	wikidata:Q2692639	1999-01-01
25545	1999-09-30	wikidata:Q5196967	1999-01-01
25546	1999-12-01	raw	1999-01-01
25547	1999-03-19	raw	1999-01-01
25548	1999-12-24	raw	1999-01-01
25549	1999-07-31	wikidata:Q2524491	1999-01-01
25551	1999-12-22	raw	1999-01-01
25552	1999-11-03	wikidata:Q907320	1999-01-01
25553	1999-12-10	raw	1999-01-01
25554	1999-06-17	wikidata:Q2319900	1999-01-01
25557	1999-04-28	raw	1999-01-01
25558	1999-07-01	wikidata:Q1226632	1999-01-01
25559	1999-10-04	wikidata:Q2477594	1999-01-01
25560	1999-07-05	wikidata:Q914128	1999-01-01
25561	1999-09-28	wikidata:Q1747557	1999-01-01
25562	1999-12-01	raw	1999-01-01
25563	1999-03-12	raw	1999-01-01
25564	1999-07-23	raw	1999-01-01
25565	1999-08-19	wikidata:Q5303994	1999-01-01
25566	1999-10-01	wikidata:Q2625274	1999-01-01
25567	1999-09-23	raw	1999-01-01
25568	1999-07-14	wikidata:Q2483289	1999-01-01
25569	1999-06-25	wikidata:Q2293778	1999-01-01
25572	1999-09-10	raw	1999-01-01
25573	1999-06-30	wikidata:Q1077080	1999-01-01
25574	1999-10-15	raw	1999-01-01
25575	1999-11-16	raw	1999-01-01
25577	1999-11-01	wikidata:Q5359853	1999-01-01
25578	1999-10-01	raw	1999-01-01
25579	1999-03-16	wikidata:Q1134845	1999-01-01
25580	1999-11-01	wikidata:Q16259528	1999-01-01
25581	1999-04-30	wikidata:Q105799952	1999-01-01
25583	1999-11-30	raw	1999-01-01
25584	1999-09-30	wikidata:Q2562672	1999-01-01
25586	1999-02-11	wikidata:Q245006	1999-01-01
25588	1999-09-17	wikidata:Q3073729	1999-01-01
25589	1999-10-20	wikidata:Q1750390	1999-01-01
25590	1999-11-05	wikidata:Q19752955	1999-01-01
25591	1999-09-30	wikidata:Q1354428	1999-01-01
25593	1999-10-01	raw	1999-01-01
25595	1999-10-05	wikidata:Q2526511	1999-01-01
25596	1999-05-29	raw	1999-01-01
25597	1999-04-08	raw	1999-01-01
25598	1999-12-16	raw	1999-01-01
25599	1999-01-14	raw	1999-01-01
25603	1999-08-13	raw	1999-01-01
25605	1999-11-15	raw	1999-01-01
25607	1999-12-01	raw	1999-01-01
25608	1999-10-29	raw	1999-01-01
25609	1999-07-16	raw	1999-01-01
25611	1999-12-10	raw	1999-01-01
25612	1999-10-01	raw	1999-01-01
25613	1999-09-30	wikidata:Q94460	1999-01-01
25615	1999-03-31	wikidata:Q19431	1999-01-01
25616	1999-02-28	wikidata:Q3118214	1999-01-01
25617	1999-07-01	wikidata:Q5617542	1999-01-01
25618	1999-09-10	raw	1999-01-01
25620	1999-10-29	raw	1999-01-01
25621	1999-02-26	raw	1999-01-01
25622	1999-04-28	raw	1999-01-01
25623	1999-08-06	raw	1999-01-01
25624	1999-11-01	raw	1999-01-01
25626	1999-07-17	raw	1999-01-01
25627	1999-04-28	raw	1999-01-01
25628	1999-12-28	raw	1999-01-01
25629	1999-02-28	wikidata:Q220965	1999-01-01
25630	1999-09-30	wikidata:Q507074	1999-01-01
25631	1999-07-29	wikidata:Q2734496	1999-01-01
25633	1999-04-23	raw	1999-01-01
25634	1999-12-23	raw	1999-01-01
25635	1999-09-28	wikidata:Q1116724	1999-01-01
25636	1999-02-19	raw	1999-01-01
25639	1999-10-31	wikidata:Q580276	1999-01-01
25641	1999-04-01	wikidata:Q2404904	1999-01-01
25642	1999-11-23	wikidata:Q1527683	1999-01-01
25644	1999-05-13	raw	1999-01-01
25645	1999-05-15	raw	1999-01-01
25646	1999-07-01	raw	1999-01-01
25647	1999-11-22	wikidata:Q4041530	1999-01-01
25648	1999-08-13	raw	1999-01-01
25649	1999-07-23	wikidata:Q2996015	1999-01-01
25653	1999-11-11	raw	1999-01-01
25655	1999-04-23	raw	1999-01-01
25656	1999-07-23	raw	1999-01-01
25657	1999-12-17	raw	1999-01-01
25658	1999-10-21	raw	1999-01-01
25659	1999-10-08	raw	1999-01-01
25660	1999-12-10	raw	1999-01-01
25661	1999-06-04	raw	1999-01-01
25662	1999-06-03	raw	1999-01-01
25663	1999-02-12	raw	1999-01-01
25664	1999-09-23	raw	1999-01-01
25665	1999-06-01	raw	1999-01-01
25666	1999-03-19	raw	1999-01-01
25667	1999-12-24	raw	1999-01-01
25668	1999-10-01	wikidata:Q6412224	1999-01-01
25669	1999-06-30	wikidata:Q594850	1999-01-01
25670	1999-11-25	raw	1999-01-01
25671	1999-04-01	raw	1999-01-01
25672	1999-07-01	raw	1999-01-01
25673	1999-12-07	raw	1999-01-01
25674	1999-07-23	raw	1999-01-01
25675	1999-03-12	raw	1999-01-01
25677	1999-03-03	wikidata:Q608498	1999-01-01
25678	1999-08-16	wikidata:Q282623	1999-01-01
25679	1999-07-16	raw	1999-01-01
25680	1999-11-23	raw	1999-01-01
25681	1999-10-31	wikidata:Q1128672	1999-01-01
25682	1999-11-15	wikidata:Q3915214	1999-01-01
25683	1999-11-26	raw	1999-01-01
25686	1999-07-30	raw	1999-01-01
25688	1999-11-26	raw	1999-01-01
25689	1999-04-01	raw	1999-01-01
25690	1999-09-01	raw	1999-01-01
25691	1999-06-11	raw	1999-01-01
25692	1999-05-01	raw	1999-01-01
25697	1999-11-01	raw	1999-01-01
25698	1999-08-31	wikidata:Q3275495	1999-01-01
25699	1999-11-12	raw	1999-01-01
25700	1999-09-10	raw	1999-01-01
25701	1999-12-01	raw	1999-01-01
25702	1999-08-10	raw	1999-01-01
25705	1999-07-23	raw	1999-01-01
25706	1999-07-23	raw	1999-01-01
25707	1999-10-29	raw	1999-01-01
25708	1999-04-16	raw	1999-01-01
25709	1999-12-24	raw	1999-01-01
25710	1999-11-30	wikidata:Q6826913	1999-01-01
25711	1999-11-22	raw	1999-01-01
25712	1999-04-23	wikidata:Q53935553	1999-01-01
25714	1999-10-20	wikidata:Q3312381	1999-01-01
25715	1999-02-27	wikidata:Q1051694	1999-01-01
25716	1999-03-01	raw	1999-01-01
25717	1999-05-01	raw	1999-01-01
25719	1999-07-15	regional:jp	1999-01-01
25720	1999-12-10	raw	1999-01-01
25721	1999-09-01	raw	1999-01-01
25724	1999-11-19	wikidata:Q4044419	1999-01-01
25725	1999-12-24	raw	1999-01-01
25726	1999-03-12	raw	1999-01-01
25727	1999-09-10	raw	1999-01-01
25730	1999-12-01	raw	1999-01-01
25731	1999-11-01	raw	1999-01-01
25733	1999-11-15	raw	1999-01-01
25734	1999-11-20	wikidata:Q6952478	1999-01-01
25736	1999-10-12	wikidata:Q6952492	1999-01-01
25737	1999-03-01	wikidata:Q6952496	1999-01-01
25738	1999-12-07	raw	1999-01-01
25739	1999-11-02	wikidata:Q3281193	1999-01-01
25740	1999-05-01	raw	1999-01-01
25741	1999-12-08	raw	1999-01-01
25742	1999-08-01	raw	1999-01-01
25743	1999-08-31	wikidata:Q6954031	1999-01-01
25744	1999-07-06	raw	1999-01-01
25745	1999-03-24	wikidata:Q1309459	1999-01-01
25748	1999-04-09	raw	1999-01-01
25749	1999-10-31	wikidata:Q2287670	1999-01-01
25750	1999-03-12	raw	1999-01-01
25751	1999-10-08	raw	1999-01-01
25752	1999-03-12	raw	1999-01-01
25753	1999-03-12	raw	1999-01-01
25755	1999-08-20	wikidata:Q2041923	1999-01-01
25756	1999-12-25	raw	1999-01-01
25759	1999-08-01	raw	1999-01-01
25760	1999-04-28	raw	1999-01-01
25761	1999-06-04	raw	1999-01-01
25762	1999-12-22	raw	1999-01-01
25764	1999-08-31	wikidata:Q3362550	1999-01-01
25765	1999-03-01	raw	1999-01-01
25767	1999-12-12	wikidata:Q847638	1999-01-01
25768	1999-12-24	raw	1999-01-01
25769	1999-12-22	raw	1999-01-01
25770	1999-12-22	raw	1999-01-01
25771	1999-04-02	raw	1999-01-01
25772	1999-08-06	raw	1999-01-01
25773	1999-04-28	raw	1999-01-01
25774	1999-06-11	raw	1999-01-01
25775	1999-07-23	raw	1999-01-01
25776	1999-10-15	raw	1999-01-01
25777	1999-11-21	raw	1999-01-01
25778	1999-04-14	raw	1999-01-01
25780	1999-11-21	raw	1999-01-01
25781	1999-12-01	raw	1999-01-01
25783	1999-04-01	raw	1999-01-01
25784	1999-02-26	raw	1999-01-01
25785	1999-07-20	raw	1999-01-01
25787	1999-07-09	raw	1999-01-01
25788	1999-03-19	raw	1999-01-01
25789	1999-04-23	raw	1999-01-01
25790	1999-05-12	raw	1999-01-01
25791	1999-08-27	raw	1999-01-01
25792	1999-12-01	raw	1999-01-01
25793	1999-10-22	raw	1999-01-01
25794	1999-12-02	wikidata:Q726545	1999-01-01
25795	1999-04-01	raw	1999-01-01
25796	1999-03-26	raw	1999-01-01
25797	1999-06-01	raw	1999-01-01
25799	1999-11-01	raw	1999-01-01
25800	1999-11-17	raw	1999-01-01
25801	1999-10-29	wikidata:Q2292393	1999-01-01
25802	1999-07-31	wikidata:Q1065861	1999-01-01
25804	1999-12-01	raw	1999-01-01
25805	1999-04-23	raw	1999-01-01
25806	1999-04-23	raw	1999-01-01
25810	1999-03-31	wikidata:Q3933288	1999-01-01
25811	1999-03-19	raw	1999-01-01
25812	1999-10-26	wikidata:Q834114	1999-01-01
25814	1999-12-24	raw	1999-01-01
25815	1999-12-24	raw	1999-01-01
25816	1999-03-24	wikidata:Q2639760	1999-01-01
25817	1999-04-12	wikidata:Q828749	1999-01-01
25818	1999-03-05	raw	1999-01-01
25820	1999-11-01	raw	1999-01-01
25821	1999-04-30	raw	1999-01-01
25822	1999-11-23	wikidata:Q2010540	1999-01-01
25823	1999-06-25	raw	1999-01-01
25824	1999-07-30	raw	1999-01-01
25825	1999-12-31	wikidata:Q2124664	1999-01-01
25826	1999-02-01	wikidata:Q5654167	1999-01-01
25827	1999-03-01	raw	1999-01-01
25828	1999-03-01	raw	1999-01-01
25829	1999-10-01	raw	1999-01-01
25830	1999-09-01	wikidata:Q2700894	1999-01-01
25831	1999-03-09	wikidata:Q1274056	1999-01-01
25832	1999-08-13	raw	1999-01-01
25833	1999-03-19	raw	1999-01-01
25834	1999-02-26	wikidata:Q4049429	1999-01-01
25835	1999-08-31	wikidata:Q743803	1999-01-01
25836	1999-01-31	wikidata:Q1750905	1999-01-01
25837	1999-10-31	wikidata:Q7539174	1999-01-01
25841	1999-12-03	raw	1999-01-01
25842	1999-12-25	raw	1999-01-01
25843	1999-11-30	wikidata:Q530973	1999-01-01
25844	1999-10-12	wikidata:Q1130193	1999-01-01
25845	1999-10-27	raw	1999-01-01
25846	1999-07-23	raw	1999-01-01
25847	1999-07-01	raw	1999-01-01
25848	1999-09-15	raw	1999-01-01
25851	1999-12-26	raw	1999-01-01
25852	1999-04-30	wikidata:Q7579700	1999-01-01
25853	1999-10-01	wikidata:Q3494294	1999-01-01
25854	1999-06-01	raw	1999-01-01
25855	1999-04-30	wikidata:Q1474668	1999-01-01
25856	1999-11-01	wikidata:Q3496996	1999-01-01
25857	1999-07-31	wikidata:Q936657	1999-01-01
25858	1999-12-06	raw	1999-01-01
25859	1999-05-19	wikidata:Q55217	1999-01-01
25860	1999-02-28	wikidata:Q55313	1999-01-01
25861	1999-12-01	raw	1999-01-01
25862	1999-03-24	wikidata:Q7602433	1999-01-01
25863	1999-12-17	raw	1999-01-01
25864	1999-12-10	raw	1999-01-01
25865	1999-12-10	raw	1999-01-01
25866	1999-12-24	raw	1999-01-01
25867	1999-05-10	raw	1999-01-01
25868	1999-10-08	raw	1999-01-01
25869	1999-10-01	raw	1999-01-01
25870	1999-06-17	raw	1999-01-01
25872	1999-01-19	wikidata:Q2668802	1999-01-01
25873	1999-12-17	raw	1999-01-01
25874	1999-10-15	raw	1999-01-01
25875	1999-08-11	wikidata:Q1371495	1999-01-01
25876	1999-05-03	raw	1999-01-01
25877	1999-12-23	wikidata:Q1622605	1999-01-01
25878	1999-06-24	raw	1999-01-01
25879	1999-11-01	raw	1999-01-01
25880	1999-04-07	wikidata:Q1799621	1999-01-01
25881	1999-11-16	raw	1999-01-01
25882	1999-10-31	wikidata:Q2326799	1999-01-01
25883	1999-11-01	raw	1999-01-01
25884	1999-10-31	wikidata:Q2485696	1999-01-01
25885	1999-03-02	raw	1999-01-01
25886	1999-02-03	wikidata:Q113959531	1999-01-01
25888	1999-12-03	raw	1999-01-01
25890	1999-03-25	regional:jp	1999-01-01
25892	1999-11-19	wikidata:Q918194	1999-01-01
25893	1999-12-01	raw	1999-01-01
25894	1999-10-29	wikidata:Q738740	1999-01-01
25896	1999-02-28	raw	1999-01-01
25897	1999-11-20	wikidata:Q1399967	1999-01-01
25899	1999-04-17	raw	1999-01-01
25902	1999-02-11	raw	1999-01-01
25903	1999-02-11	raw	1999-01-01
25904	1999-08-31	wikidata:Q1442177	1999-01-01
25905	1999-09-27	raw	1999-01-01
25906	1999-11-24	wikidata:Q668568	1999-01-01
25907	1999-08-31	wikidata:Q776134	1999-01-01
25908	1999-12-01	raw	1999-01-01
25909	1999-12-17	raw	1999-01-01
25910	1999-04-23	raw	1999-01-01
25911	1999-06-25	wikidata:Q3279986	1999-01-01
25912	1999-11-30	wikidata:Q2709135	1999-01-01
25915	1999-09-09	wikidata:Q3539036	1999-01-01
25916	1999-02-28	wikidata:Q3539501	1999-01-01
25917	1999-07-23	raw	1999-01-01
25919	1999-11-23	wikidata:Q1306937	1999-01-01
25922	1999-12-16	raw	1999-01-01
25923	1999-11-22	wikidata:Q627877	1999-01-01
25924	1999-11-30	wikidata:Q1440402	1999-01-01
25925	1999-10-31	wikidata:Q2333604	1999-01-01
25926	1999-06-01	raw	1999-01-01
25927	1999-12-15	raw	1999-01-01
25929	1999-06-01	raw	1999-01-01
25930	1999-11-01	raw	1999-01-01
25931	1999-06-30	wikidata:Q4052949	1999-01-01
25932	1999-03-26	wikidata:Q386632	1999-01-01
25933	1999-10-29	raw	1999-01-01
25935	1999-12-01	raw	1999-01-01
25937	1999-10-29	raw	1999-01-01
25939	1999-05-31	wikidata:Q953922	1999-01-01
25941	1999-07-01	wikidata:Q1190522	1999-01-01
25943	1999-10-22	raw	1999-01-01
25944	1999-09-01	raw	1999-01-01
25945	1999-07-08	raw	1999-01-01
25946	1999-09-01	raw	1999-01-01
26048	1999-02-28	regional:na	1999-01-01
26137	1999-03-30	regional:na	1999-01-01
26143	1999-03-31	regional:na	1999-01-01
26166	1999-04-02	regional:na	1999-01-01
26175	1999-04-08	regional:na	1999-01-01
26237	1999-05-19	regional:na	1999-01-01
26259	1999-01-14	regional:jp	1999-01-01
26261	1999-05-31	regional:na	1999-01-01
26264	1999-01-07	regional:jp	1999-01-01
26266	1999-06-01	regional:na	1999-01-01
26335	1999-07-07	regional:na	1999-01-01
26452	1999-08-31	regional:na	1999-01-01
26460	1999-08-31	regional:na	1999-01-01
26464	1999-04-28	regional:jp	1999-01-01
26470	1999-08-31	regional:na	1999-01-01
26487	1999-09-07	regional:na	1999-01-01
26576	1999-09-30	regional:na	1999-01-01
26581	1999-09-30	regional:na	1999-01-01
26584	1999-09-30	regional:na	1999-01-01
26585	1999-09-30	regional:na	1999-01-01
26588	1999-09-30	regional:na	1999-01-01
26620	1999-10-19	regional:na	1999-01-01
26663	1999-10-31	regional:na	1999-01-01
26664	1999-10-31	regional:na	1999-01-01
26665	1999-10-31	regional:na	1999-01-01
26668	1999-10-31	regional:na	1999-01-01
26673	1999-10-31	regional:na	1999-01-01
26675	1999-10-31	regional:na	1999-01-01
26677	1999-10-31	regional:na	1999-01-01
26678	1999-10-31	regional:na	1999-01-01
26720	1999-11-12	regional:na	1999-01-01
26726	1999-11-16	regional:na	1999-01-01
26728	1999-11-16	regional:na	1999-01-01
26754	2001-09-11	raw	2001-01-01
26763	1999-11-24	regional:na	1999-01-01
26803	1999-11-30	regional:na	1999-01-01
26852	1999-12-14	regional:na	1999-01-01
26926	2000-12-06	raw	2000-01-01
26927	2000-05-01	raw	2000-01-01
26928	2000-12-01	raw	2000-01-01
26930	2000-10-29	wikidata:Q2817092	2000-01-01
26931	2000-03-01	raw	2000-01-01
26932	2000-08-24	wikidata:Q615499	2000-01-01
26934	2000-11-21	raw	2000-01-01
26935	2000-01-14	wikidata:Q408702	2000-01-01
26936	2000-04-25	wikidata:Q842048	2000-01-01
26937	2000-11-07	raw	2000-01-01
26938	2000-09-01	raw	2000-01-01
26939	2000-10-04	raw	2000-01-01
26940	2000-05-01	raw	2000-01-01
26941	2000-06-01	raw	2000-01-01
26942	2000-03-16	wikidata:Q1627134	2000-01-01
26943	2000-12-05	wikidata:Q465689	2000-01-01
26944	2000-11-07	raw	2000-01-01
26945	2000-03-31	raw	2000-01-01
26946	2000-08-25	raw	2000-01-01
26947	2000-02-22	raw	2000-01-01
26948	2000-10-31	raw	2000-01-01
26949	2000-11-20	raw	2000-01-01
26950	2000-03-08	wikidata:Q4794185	2000-01-01
26951	2000-10-30	wikidata:Q2862836	2000-01-01
26952	2000-11-21	raw	2000-01-01
26954	2000-09-07	raw	2000-01-01
26955	2000-10-31	wikidata:Q3231441	2000-01-01
26956	2000-08-01	raw	2000-01-01
26957	2000-05-31	raw	2000-01-01
26958	2000-09-18	raw	2000-01-01
26959	2000-09-18	raw	2000-01-01
26963	2000-02-04	raw	2000-01-01
26964	2000-03-24	raw	2000-01-01
26965	2000-07-21	raw	2000-01-01
26966	2000-09-22	wikidata:Q804859	2000-01-01
26967	2000-03-17	raw	2000-01-01
26968	2000-07-31	raw	2000-01-01
26970	2000-12-18	wikidata:Q4854894	2000-01-01
26971	2000-09-01	raw	2000-01-01
26972	2000-11-11	raw	2000-01-01
26973	2000-11-20	raw	2000-01-01
26974	2000-11-23	wikidata:Q3636851	2000-01-01
26975	2000-03-01	raw	2000-01-01
26976	2000-06-15	wikidata:Q4875717	2000-01-01
26977	2000-09-28	raw	2000-01-01
26979	2000-08-11	raw	2000-01-01
26980	2000-06-10	raw	2000-01-01
26982	2000-11-20	raw	2000-01-01
26983	2000-02-24	raw	2000-01-01
26984	2000-11-10	raw	2000-01-01
26985	2000-09-22	raw	2000-01-01
26986	2000-09-25	raw	2000-01-01
26987	2000-11-24	wikidata:Q1141304	2000-01-01
26988	2000-04-21	raw	2000-01-01
26989	2000-04-21	raw	2000-01-01
26990	2000-10-27	raw	2000-01-01
26991	2000-11-07	raw	2000-01-01
26993	2000-11-01	wikidata:Q2343381	2000-01-01
26994	2000-11-24	raw	2000-01-01
26995	2000-10-06	raw	2000-01-01
26996	2000-09-15	raw	2000-01-01
26997	2000-09-01	wikidata:Q2386800	2000-01-01
26998	2000-05-01	raw	2000-01-01
26999	2000-10-27	wikidata:Q5070120	2000-01-01
27000	2000-10-05	raw	2000-01-01
27002	2000-05-26	raw	2000-01-01
27003	2000-11-14	wikidata:Q120179313	2000-01-01
27008	2000-06-01	wikidata:Q1149718	2000-01-01
27009	2000-10-23	wikidata:Q684904	2000-01-01
27010	2000-11-22	raw	2000-01-01
27011	2000-01-31	wikidata:Q5185177	2000-01-01
27012	2000-09-17	wikidata:Q518688	2000-01-01
27013	2000-06-06	raw	2000-01-01
27014	2000-11-06	raw	2000-01-01
27015	2000-06-26	raw	2000-01-01
27017	2000-11-10	raw	2000-01-01
27018	2000-06-30	raw	2000-01-01
27019	2000-10-13	raw	2000-01-01
27020	2000-10-13	raw	2000-01-01
27021	2000-10-17	raw	2000-01-01
27022	2000-10-17	raw	2000-01-01
27023	2000-10-19	raw	2000-01-01
27024	2000-03-23	raw	2000-01-01
27025	2000-04-21	raw	2000-01-01
27026	2000-12-08	raw	2000-01-01
27027	2000-04-14	wikidata:Q596596	2000-01-01
27028	2000-04-28	raw	2000-01-01
27029	2000-08-03	raw	2000-01-01
27030	2000-11-16	raw	2000-01-01
27031	2000-06-30	wikidata:Q3016257	2000-01-01
27032	2000-07-21	raw	2000-01-01
27033	2000-11-09	raw	2000-01-01
27034	2000-09-26	wikidata:Q5229396	2000-01-01
27038	2000-07-19	raw	2000-01-01
27039	2000-12-08	raw	2000-01-01
27040	2000-12-08	raw	2000-01-01
27041	2000-06-23	wikidata:Q644793	2000-01-01
27042	2000-06-28	wikidata:Q244033	2000-01-01
27043	2000-02-29	wikidata:Q514168	2000-01-01
27045	2000-04-28	raw	2000-01-01
27046	2000-09-13	wikidata:Q1467263	2000-01-01
27048	2000-05-19	raw	2000-01-01
27049	2000-01-31	wikidata:Q5280945	2000-01-01
27050	2000-10-19	wikidata:Q5280944	2000-01-01
27052	2000-07-14	raw	2000-01-01
27053	2000-11-17	raw	2000-01-01
27054	2000-10-19	wikidata:Q645418	2000-01-01
27055	2000-10-19	raw	2000-01-01
27057	2000-11-17	raw	2000-01-01
27058	2000-01-28	raw	2000-01-01
27059	2000-03-10	raw	2000-01-01
27060	2000-04-28	raw	2000-01-01
27061	2000-12-20	raw	2000-01-01
27062	2000-12-15	raw	2000-01-01
27064	2000-12-16	raw	2000-01-01
27065	2000-12-08	raw	2000-01-01
27066	2000-04-01	raw	2000-01-01
27067	2000-08-04	raw	2000-01-01
27068	2000-02-01	raw	2000-01-01
27069	2000-07-13	raw	2000-01-01
27070	2000-05-22	wikidata:Q2536656	2000-01-01
27074	2000-09-29	raw	2000-01-01
27075	2000-01-08	raw	2000-01-01
27078	2000-11-08	wikidata:Q1164863	2000-01-01
27079	2000-10-20	wikidata:Q837581	2000-01-01
27080	2000-11-09	wikidata:Q2663917	2000-01-01
27081	2000-12-04	wikidata:Q4038405	2000-01-01
27082	2000-06-01	wikidata:Q1382598	2000-01-01
27083	2000-11-01	raw	2000-01-01
27084	2000-10-01	raw	2000-01-01
27085	2000-05-01	raw	2000-01-01
27086	2000-02-29	wikidata:Q3280741	2000-01-01
27087	2000-12-19	raw	2000-01-01
27088	2000-10-13	wikidata:Q16991981	2000-01-01
27089	2000-11-10	raw	2000-01-01
27090	2000-04-30	wikidata:Q5424176	2000-01-01
27091	2000-02-24	raw	2000-01-01
27093	2000-10-30	wikidata:Q2420170	2000-01-01
27094	2000-11-30	wikidata:Q3905965	2000-01-01
27095	2000-04-28	raw	2000-01-01
27096	2000-11-07	raw	2000-01-01
27097	2000-11-01	raw	2000-01-01
27098	2000-12-01	raw	2000-01-01
27100	2000-12-18	raw	2000-01-01
27101	2000-09-23	raw	2000-01-01
27102	2000-09-23	wikidata:Q5505257	2000-01-01
27103	2000-06-23	wikidata:Q3090989	2000-01-01
27105	2000-12-01	raw	2000-01-01
27106	2000-03-30	raw	2000-01-01
27107	2000-09-25	raw	2000-01-01
27108	2000-09-23	wikidata:Q2272080	2000-01-01
27109	2000-05-19	raw	2000-01-01
27110	2000-12-21	raw	2000-01-01
27114	2000-12-06	wikidata:Q656028	2000-01-01
27116	2000-09-01	raw	2000-01-01
27117	2000-11-20	raw	2000-01-01
27118	2000-04-30	raw	2000-01-01
27119	2000-04-30	wikidata:Q3886110	2000-01-01
27120	2000-09-29	raw	2000-01-01
27121	2000-02-11	raw	2000-01-01
27122	2000-08-24	wikidata:Q2569434	2000-01-01
27123	2000-11-10	raw	2000-01-01
27124	2000-08-03	wikidata:Q1457450	2000-01-01
27125	2000-12-22	raw	2000-01-01
27126	2000-06-01	wikidata:Q1547686	2000-01-01
27127	2000-12-14	wikidata:Q3777147	2000-01-01
27128	2000-12-14	wikidata:Q2629908	2000-01-01
27130	2000-11-20	wikidata:Q1416169	2000-01-01
27131	2000-05-15	wikidata:Q3120891	2000-01-01
27132	2000-05-01	raw	2000-01-01
27133	2000-12-15	raw	2000-01-01
27134	2000-09-22	raw	2000-01-01
27135	2000-03-17	raw	2000-01-01
27136	2000-12-15	raw	2000-01-01
27137	2000-09-08	raw	2000-01-01
27139	2000-12-22	raw	2000-01-01
27140	2000-09-29	raw	2000-01-01
27142	2000-07-19	raw	2000-01-01
27143	2000-04-29	raw	2000-01-01
27144	2000-12-01	raw	2000-01-01
27145	2000-03-31	wikidata:Q1035703	2000-01-01
27146	2000-12-22	raw	2000-01-01
27147	2000-03-31	raw	2000-01-01
27148	2000-11-19	wikidata:Q756856	2000-01-01
27149	2000-06-08	wikidata:Q1470332	2000-01-01
27150	2000-06-30	wikidata:Q3139711	2000-01-01
27151	2000-02-24	raw	2000-01-01
27152	2000-02-18	raw	2000-01-01
27154	2000-06-01	raw	2000-01-01
27155	2000-12-01	raw	2000-01-01
27156	2000-10-24	raw	2000-01-01
27158	2000-06-15	raw	2000-01-01
27159	2000-09-15	raw	2000-01-01
27161	2000-06-29	wikidata:Q1137949	2000-01-01
27162	2000-06-30	raw	2000-01-01
27163	2000-04-10	wikidata:Q901858	2000-01-01
27167	2000-12-01	raw	2000-01-01
27168	2000-11-24	raw	2000-01-01
27169	2000-07-06	raw	2000-01-01
27170	2000-07-04	raw	2000-01-01
27171	2000-03-24	raw	2000-01-01
27172	2000-04-06	raw	2000-01-01
27173	2000-10-27	raw	2000-01-01
27174	2000-03-01	raw	2000-01-01
27175	2000-12-22	raw	2000-01-01
27176	2000-08-11	raw	2000-01-01
27177	2000-09-29	raw	2000-01-01
27179	2000-08-11	raw	2000-01-01
27180	2000-06-30	raw	2000-01-01
27181	2000-10-21	raw	2000-01-01
27182	2000-08-11	raw	2000-01-01
27183	2000-11-21	raw	2000-01-01
27184	2000-06-30	raw	2000-01-01
27185	2000-04-28	raw	2000-01-01
27186	2000-12-08	wikidata:Q6366032	2000-01-01
27187	2000-08-01	raw	2000-01-01
27188	2000-07-28	raw	2000-01-01
27190	2000-04-09	raw	2000-01-01
27191	2000-12-22	raw	2000-01-01
27192	2000-04-28	raw	2000-01-01
27193	2000-11-03	raw	2000-01-01
27194	2000-11-03	raw	2000-01-01
27195	2000-12-16	raw	2000-01-01
27196	2000-08-10	raw	2000-01-01
27197	2000-08-23	raw	2000-01-01
27198	2000-07-14	wikidata:Q2563067	2000-01-01
27201	2000-05-01	raw	2000-01-01
27202	2000-05-01	raw	2000-01-01
27205	2000-12-06	raw	2000-01-01
27206	2000-11-01	raw	2000-01-01
27209	2000-12-29	raw	2000-01-01
27210	2000-12-29	raw	2000-01-01
27211	2000-09-13	wikidata:Q3820240	2000-01-01
27213	2000-04-07	raw	2000-01-01
27214	2000-04-28	wikidata:Q936273	2000-01-01
27215	2000-09-07	regional:jp	2000-01-01
27216	2000-04-28	raw	2000-01-01
27217	2000-06-24	raw	2000-01-01
27218	2000-12-01	raw	2000-01-01
27219	2000-11-23	raw	2000-01-01
27220	2000-08-04	raw	2000-01-01
27222	2000-12-08	raw	2000-01-01
27223	2000-03-31	wikidata:Q2415522	2000-01-01
27224	2000-12-06	raw	2000-01-01
27225	2000-08-28	raw	2000-01-01
27226	2000-12-08	raw	2000-01-01
27227	2000-03-17	raw	2000-01-01
27228	2000-11-13	raw	2000-01-01
27229	2000-08-22	wikidata:Q3275498	2000-01-01
27230	2000-08-04	raw	2000-01-01
27231	2000-10-18	raw	2000-01-01
27232	2000-04-28	raw	2000-01-01
27234	2000-01-08	raw	2000-01-01
27235	2000-11-01	raw	2000-01-01
27236	2000-04-30	wikidata:Q3080135	2000-01-01
27237	2000-11-29	raw	2000-01-01
27238	2000-06-01	raw	2000-01-01
27239	2000-04-30	wikidata:Q6785323	2000-01-01
27241	2000-11-17	raw	2000-01-01
27242	2000-11-23	wikidata:Q1771325	2000-01-01
27243	2000-07-23	raw	2000-01-01
27244	2000-07-23	raw	2000-01-01
27245	2000-11-24	raw	2000-01-01
27246	2000-03-10	raw	2000-01-01
27247	2000-03-10	raw	2000-01-01
27248	2000-04-20	wikidata:Q3117320	2000-01-01
27249	2000-11-30	wikidata:Q2467868	2000-01-01
27250	2000-10-20	raw	2000-01-01
27251	2000-02-24	raw	2000-01-01
27252	2000-03-31	raw	2000-01-01
27253	2000-07-09	raw	2000-01-01
27254	2000-03-31	wikidata:Q2255337	2000-01-01
27255	2000-05-18	wikidata:Q2788104	2000-01-01
27257	2000-04-24	raw	2000-01-01
27258	2000-02-24	raw	2000-01-01
27259	2000-10-27	raw	2000-01-01
27263	2000-11-13	raw	2000-01-01
27264	2000-03-31	wikidata:Q6840086	2000-01-01
27266	2000-10-24	raw	2000-01-01
27267	2000-04-22	wikidata:Q965719	2000-01-01
27268	2000-03-07	wikidata:Q1080921	2000-01-01
27269	2000-01-27	raw	2000-01-01
27271	2000-02-22	raw	2000-01-01
27272	2000-03-24	raw	2000-01-01
27274	2000-09-29	raw	2000-01-01
27275	2000-06-30	raw	2000-01-01
27276	2000-05-25	wikidata:Q3325248	2000-01-01
27277	2000-06-29	raw	2000-01-01
27278	2000-07-01	raw	2000-01-01
27280	2000-12-01	raw	2000-01-01
27281	2000-12-01	raw	2000-01-01
27282	2000-12-01	raw	2000-01-01
27283	2000-10-16	wikidata:Q3281387	2000-01-01
27285	2000-04-27	raw	2000-01-01
27286	2000-09-12	raw	2000-01-01
27287	2000-09-26	wikidata:Q927730	2000-01-01
27288	2000-04-21	raw	2000-01-01
27289	2000-12-15	raw	2000-01-01
27290	2000-01-28	raw	2000-01-01
27291	2000-03-24	raw	2000-01-01
27292	2000-08-11	raw	2000-01-01
27293	2000-02-29	wikidata:Q1341049	2000-01-01
27294	2000-12-07	raw	2000-01-01
27297	2000-12-31	raw	2000-01-01
27298	2000-01-31	wikidata:Q1330428	2000-01-01
27299	2000-08-04	raw	2000-01-01
27300	2000-09-15	raw	2000-01-01
27301	2000-06-01	raw	2000-01-01
27303	2000-06-30	raw	2000-01-01
27304	2000-07-14	raw	2000-01-01
27305	2000-11-27	wikidata:Q609077	2000-01-01
27307	2000-10-31	wikidata:Q7121841	2000-01-01
27309	2000-09-22	wikidata:Q7132024	2000-01-01
27310	2000-02-01	raw	2000-01-01
27312	2000-08-11	raw	2000-01-01
27313	2000-08-01	raw	2000-01-01
27314	2000-12-02	raw	2000-01-01
27315	2000-02-19	raw	2000-01-01
27316	2000-03-17	raw	2000-01-01
27317	2000-03-10	raw	2000-01-01
27318	2000-09-22	raw	2000-01-01
27319	2000-12-14	raw	2000-01-01
27320	2000-09-01	raw	2000-01-01
27321	2000-02-01	raw	2000-01-01
27322	2000-07-14	wikidata:Q603322	2000-01-01
27323	2000-03-30	raw	2000-01-01
27324	2000-09-07	raw	2000-01-01
27325	2000-11-22	raw	2000-01-01
27326	2000-03-30	raw	2000-01-01
27327	2000-06-01	raw	2000-01-01
27328	2000-12-22	raw	2000-01-01
27329	2000-06-02	raw	2000-01-01
27330	2000-02-24	raw	2000-01-01
27331	2000-09-12	raw	2000-01-01
27332	2000-12-15	wikidata:Q2323444	2000-01-01
27333	2000-12-11	raw	2000-01-01
27334	2000-11-15	raw	2000-01-01
27336	2000-09-28	raw	2000-01-01
27337	2000-09-25	raw	2000-01-01
27338	2000-01-15	raw	2000-01-01
27339	2000-04-05	wikidata:Q3275833	2000-01-01
27340	2000-03-17	raw	2000-01-01
27342	2000-04-03	raw	2000-01-01
27343	2000-04-20	wikidata:Q7297111	2000-01-01
27345	2000-03-24	raw	2000-01-01
27347	2000-01-27	wikidata:Q602617	2000-01-01
27349	2000-07-01	raw	2000-01-01
27350	2000-03-22	wikidata:Q958190	2000-01-01
27351	2000-12-05	raw	2000-01-01
27352	2000-11-29	raw	2000-01-01
27354	2000-12-07	raw	2000-01-01
27355	2000-09-06	raw	2000-01-01
27356	2000-12-01	raw	2000-01-01
27357	2000-06-09	raw	2000-01-01
27358	2000-03-08	wikidata:Q2507115	2000-01-01
27359	2000-02-18	wikidata:Q373112	2000-01-01
27361	2000-11-15	raw	2000-01-01
27362	2000-10-29	wikidata:Q3235100	2000-01-01
27363	2000-05-05	raw	2000-01-01
27364	2000-11-18	wikidata:Q657753	2000-01-01
27365	2000-11-01	raw	2000-01-01
27366	2000-11-17	wikidata:Q2110246	2000-01-01
27367	2000-07-28	raw	2000-01-01
27370	2000-09-07	raw	2000-01-01
27371	2000-09-26	wikidata:Q7418327	2000-01-01
27372	2000-11-27	wikidata:Q4234316	2000-01-01
27373	2000-04-14	raw	2000-01-01
27374	2000-12-15	raw	2000-01-01
27375	2000-11-24	raw	2000-01-01
27376	2000-12-17	raw	2000-01-01
27378	2000-03-01	raw	2000-01-01
27379	2000-11-06	wikidata:Q3481709	2000-01-01
27380	2000-11-17	raw	2000-01-01
27381	2000-11-17	raw	2000-01-01
27382	2000-09-29	raw	2000-01-01
27383	2000-06-13	wikidata:Q528310	2000-01-01
27384	2000-03-31	raw	2000-01-01
27385	2000-07-07	raw	2000-01-01
27386	2000-03-28	wikidata:Q1427606	2000-01-01
27388	2000-11-23	raw	2000-01-01
27389	2000-08-04	raw	2000-01-01
27390	2000-06-30	wikidata:Q4049806	2000-01-01
27392	2000-11-07	wikidata:Q844355	2000-01-01
27393	2000-08-01	raw	2000-01-01
27394	2000-08-30	wikidata:Q288296	2000-01-01
27396	2000-02-29	wikidata:Q254463	2000-01-01
27397	2000-06-20	wikidata:Q7600962	2000-01-01
27398	2000-10-12	wikidata:Q7600966	2000-01-01
27399	2000-06-21	wikidata:Q1165846	2000-01-01
27400	2000-09-07	wikidata:Q7600987	2000-01-01
27401	2000-12-11	wikidata:Q3968317	2000-01-01
27402	2000-06-12	wikidata:Q7600998	2000-01-01
27403	2000-08-31	wikidata:Q2517411	2000-01-01
27404	2000-12-18	wikidata:Q54840	2000-01-01
27405	2000-11-27	raw	2000-01-01
27406	2000-03-21	wikidata:Q55254	2000-01-01
27408	2000-03-31	wikidata:Q361644	2000-01-01
27409	2000-10-28	wikidata:Q3968415	2000-01-01
27410	2000-01-18	wikidata:Q7609684	2000-01-01
27412	2000-08-09	wikidata:Q798217	2000-01-01
27413	2000-10-26	wikidata:Q663540	2000-01-01
27414	2000-10-06	raw	2000-01-01
27416	2000-12-01	raw	2000-01-01
27417	2000-09-28	wikidata:Q5233501	2000-01-01
27419	2000-07-19	raw	2000-01-01
27421	2000-10-20	raw	2000-01-01
27422	2000-07-31	wikidata:Q7659810	2000-01-01
27423	2000-12-22	raw	2000-01-01
27424	2000-03-17	raw	2000-01-01
27425	2000-03-30	wikidata:Q1978653	2000-01-01
27426	2000-07-01	raw	2000-01-01
27427	2000-11-10	raw	2000-01-01
27428	2000-08-11	raw	2000-01-01
27429	2000-06-01	raw	2000-01-01
27430	2000-06-29	wikidata:Q7702860	2000-01-01
27432	2000-12-05	raw	2000-01-01
27433	2000-08-01	raw	2000-01-01
27434	2000-06-02	raw	2000-01-01
27435	2000-03-30	wikidata:Q3520612	2000-01-01
27436	2000-11-07	raw	2000-01-01
27437	2000-11-22	raw	2000-01-01
27438	2000-11-20	raw	2000-01-01
27439	2000-12-01	raw	2000-01-01
27440	2000-09-24	raw	2000-01-01
27441	2000-11-30	raw	2000-01-01
27442	2000-08-28	wikidata:Q3210243	2000-01-01
27443	2000-12-08	wikidata:Q936968	2000-01-01
27445	2000-11-14	raw	2000-01-01
27446	2000-02-04	wikidata:Q184816	2000-01-01
27449	2000-10-31	raw	2000-01-01
27450	2000-02-29	wikidata:Q795365	2000-01-01
27452	2000-12-01	raw	2000-01-01
27454	2000-12-05	wikidata:Q3528981	2000-01-01
27455	2000-09-08	raw	2000-01-01
27456	2000-09-22	raw	2000-01-01
27457	2000-08-11	raw	2000-01-01
27458	2000-12-08	raw	2000-01-01
27459	2000-12-15	raw	2000-01-01
27460	2000-06-08	raw	2000-01-01
27461	2000-11-17	wikidata:Q642359	2000-01-01
27463	2000-11-07	raw	2000-01-01
27464	2000-09-20	wikidata:Q1538485	2000-01-01
27465	2000-03-01	raw	2000-01-01
27466	2000-05-18	raw	2000-01-01
27467	2000-06-01	raw	2000-01-01
27468	2000-02-21	raw	2000-01-01
27469	2000-03-10	raw	2000-01-01
27470	2000-06-20	raw	2000-01-01
27471	2000-01-14	wikidata:Q7836561	2000-01-01
27472	2000-03-31	raw	2000-01-01
27473	2000-05-08	raw	2000-01-01
27474	2000-07-27	raw	2000-01-01
27475	2000-06-01	raw	2000-01-01
27476	2000-10-02	wikidata:Q142908	2000-01-01
27477	2000-08-11	raw	2000-01-01
27478	2000-11-28	raw	2000-01-01
27481	2000-11-27	raw	2000-01-01
27482	2000-09-01	raw	2000-01-01
27484	2000-08-05	wikidata:Q1165046	2000-01-01
27485	2000-02-01	raw	2000-01-01
27487	2000-05-10	raw	2000-01-01
27488	2000-06-09	raw	2000-01-01
27489	2000-12-07	raw	2000-01-01
27490	2000-03-23	wikidata:Q7963953	2000-01-01
27491	2000-03-21	raw	2000-01-01
27492	2000-07-24	raw	2000-01-01
27493	2000-11-16	wikidata:Q2333654	2000-01-01
27494	2000-12-22	raw	2000-01-01
27495	2000-09-25	raw	2000-01-01
27496	2000-08-08	wikidata:Q7997407	2000-01-01
27497	2000-06-01	raw	2000-01-01
27498	2000-12-22	raw	2000-01-01
27499	2000-12-15	raw	2000-01-01
27501	2000-12-12	raw	2000-01-01
27503	2000-01-19	wikidata:Q953922	2000-01-01
27504	2000-07-01	raw	2000-01-01
27505	2000-11-17	raw	2000-01-01
27508	2000-06-28	raw	2000-01-01
27509	2000-10-27	wikidata:Q3477711	2000-01-01
27510	2000-11-23	raw	2000-01-01
27511	2000-12-17	raw	2000-01-01
27512	2000-07-13	raw	2000-01-01
27513	2000-12-07	raw	2000-01-01
27514	2000-12-07	raw	2000-01-01
27515	2000-12-07	raw	2000-01-01
27516	2000-04-13	raw	2000-01-01
27519	2000-08-04	raw	2000-01-01
27520	2000-08-04	raw	2000-01-01
27581	2000-02-02	regional:na	2000-01-01
27609	2000-02-17	regional:na	2000-01-01
27648	2000-02-29	regional:na	2000-01-01
27681	2000-03-06	regional:na	2000-01-01
27686	2000-03-07	regional:na	2000-01-01
27733	2000-03-17	regional:jp	2000-01-01
27766	2000-03-31	regional:na	2000-01-01
27862	2000-05-18	regional:na	2000-01-01
27870	2000-05-19	regional:na	2000-01-01
27918	2000-06-07	regional:na	2000-01-01
27936	2000-11-03	raw	2000-01-01
27937	2000-06-21	regional:na	2000-01-01
28027	2000-07-27	regional:na	2000-01-01
28073	2000-08-08	regional:na	2000-01-01
28104	1999-11-15	wikidata:Q3915214	1999-01-01
28110	2000-08-22	regional:na	2000-01-01
28190	2000-09-15	regional:na	2000-01-01
28191	2000-09-16	regional:na	2000-01-01
28226	2000-09-25	regional:na	2000-01-01
28267	2000-09-30	regional:na	2000-01-01
28279	2000-06-29	regional:jp	2000-01-01
28309	2000-10-15	regional:na	2000-01-01
28310	2000-10-15	regional:na	2000-01-01
28425	2000-11-08	regional:na	2000-01-01
28430	2000-11-08	regional:na	2000-01-01
28441	2000-12-01	raw	2000-01-01
28565	2000-11-14	raw	2000-01-01
28584	2003-12-09	wikidata:Q264736	2003-01-01
28634	2000-12-01	raw	2000-01-01
28696	2001-03-30	raw	2001-01-01
28697	2001-10-30	wikidata:Q285827	2001-01-01
28699	2001-02-06	raw	2001-01-01
28700	2001-09-10	raw	2001-01-01
28701	2001-03-21	wikidata:Q2665563	2001-01-01
28703	2001-11-22	wikidata:Q123964874	2001-01-01
28705	2001-11-23	wikidata:Q16150667	2001-01-01
28707	2001-10-22	wikidata:Q1931479	2001-01-01
28708	2001-03-30	raw	2001-01-01
28709	2001-05-18	raw	2001-01-01
28710	2001-05-18	wikidata:Q2337936	2001-01-01
28712	2001-06-29	wikidata:Q483454	2001-01-01
28713	2001-06-27	wikidata:Q486410	2001-01-01
28715	2001-03-30	raw	2001-01-01
28716	2001-03-30	raw	2001-01-01
28717	2001-11-30	wikidata:Q1325402	2001-01-01
28719	2001-08-21	wikidata:Q631704	2001-01-01
28720	2001-06-11	wikidata:Q1527204	2001-01-01
28722	2001-12-10	wikidata:Q1527222	2001-01-01
28727	2001-09-26	wikidata:Q2449901	2001-01-01
28728	2001-05-01	wikidata:Q4816737	2001-01-01
28729	2001-05-18	wikidata:Q3628240	2001-01-01
28731	2001-12-19	raw	2001-01-01
28732	2001-10-04	wikidata:Q4839183	2001-01-01
28734	2001-08-10	raw	2001-01-01
28735	2001-07-27	raw	2001-01-01
28737	2001-06-21	wikidata:Q2880740	2001-01-01
28738	2001-10-19	wikidata:Q2881319	2001-01-01
28739	2001-08-15	raw	2001-01-01
28740	2001-04-16	raw	2001-01-01
28741	2001-10-15	wikidata:Q973343	2001-01-01
28742	2001-10-15	wikidata:Q973343	2001-01-01
28743	2001-11-07	wikidata:Q811001	2001-01-01
28744	2001-05-30	wikidata:Q814975	2001-01-01
28745	2001-11-06	raw	2001-01-01
28746	2001-11-06	raw	2001-01-01
28747	2001-08-31	regional:jp	2001-01-01
28748	2001-03-25	wikidata:Q880022	2001-01-01
28749	2001-01-30	raw	2001-01-01
28754	2001-04-27	raw	2001-01-01
28755	2001-10-30	wikidata:Q4951731	2001-01-01
28756	2001-01-26	raw	2001-01-01
28760	2001-09-03	wikidata:Q5015323	2001-01-01
28761	2001-09-03	wikidata:Q5015347	2001-01-01
28766	2001-12-15	wikidata:Q5048864	2001-01-01
28767	2001-03-21	raw	2001-01-01
28768	2001-10-12	wikidata:Q5070135	2001-01-01
28769	2001-10-12	wikidata:Q1037535	2001-01-01
28771	2001-02-27	raw	2001-01-01
28772	2001-08-10	raw	2001-01-01
28773	2001-07-26	raw	2001-01-01
28774	2001-03-21	raw	2001-01-01
28775	2001-10-30	wikidata:Q2374	2001-01-01
28776	2001-02-21	wikidata:Q1101863	2001-01-01
28777	2001-11-25	wikidata:Q2443856	2001-01-01
28779	2001-11-12	wikidata:Q29867355	2001-01-01
28780	2001-10-10	wikidata:Q2014743	2001-01-01
28781	2001-05-30	raw	2001-01-01
28782	2001-09-20	wikidata:Q2387	2001-01-01
28783	2001-10-31	wikidata:Q1772256	2001-01-01
28784	2001-08-14	wikidata:Q3687140	2001-01-01
28785	2001-04-24	wikidata:Q28418	2001-01-01
28786	2001-01-25	raw	2001-01-01
28787	2001-04-12	raw	2001-01-01
28788	2001-04-12	raw	2001-01-01
28789	2001-04-12	raw	2001-01-01
28790	2001-11-28	wikidata:Q5189935	2001-01-01
28791	2001-11-13	raw	2001-01-01
28794	2001-05-25	raw	2001-01-01
28795	2001-04-27	raw	2001-01-01
28798	2001-03-15	raw	2001-01-01
28799	2001-03-29	raw	2001-01-01
28800	2001-10-10	wikidata:Q1143206	2001-01-01
28801	2001-12-21	wikidata:Q5223100	2001-01-01
28802	2001-05-17	raw	2001-01-01
28803	2001-07-13	raw	2001-01-01
28806	2001-09-01	raw	2001-01-01
28808	2001-04-20	wikidata:Q904367	2001-01-01
28809	2001-09-26	wikidata:Q5268358	2001-01-01
28811	2001-06-27	wikidata:Q835084	2001-01-01
28812	2001-09-26	raw	2001-01-01
28813	2001-10-31	wikidata:Q5275481	2001-01-01
28814	2001-09-27	wikidata:Q350820	2001-01-01
28815	2001-02-02	raw	2001-01-01
28818	2001-12-03	raw	2001-01-01
28820	2001-10-26	raw	2001-01-01
28823	2001-10-28	wikidata:Q189784	2001-01-01
28825	2001-01-12	raw	2001-01-01
28826	2001-03-16	raw	2001-01-01
28827	2001-10-09	raw	2001-01-01
28828	2001-12-20	raw	2001-01-01
28829	2001-08-09	wikidata:Q5305268	2001-01-01
28831	2001-11-15	raw	2001-01-01
28832	2001-03-09	raw	2001-01-01
28833	2001-03-09	raw	2001-01-01
28834	2001-01-15	raw	2001-01-01
28835	2001-11-06	wikidata:Q5307958	2001-01-01
28836	2001-09-27	wikidata:Q3715579	2001-01-01
28837	2001-04-27	wikidata:Q5321540	2001-01-01
28839	2001-10-18	raw	2001-01-01
28840	2001-11-04	raw	2001-01-01
28842	2001-03-15	raw	2001-01-01
28843	2001-08-14	wikidata:Q5324282	2001-01-01
28853	2001-03-21	wikidata:Q4526932	2001-01-01
28854	2001-11-21	wikidata:Q3718598	2001-01-01
28855	2001-11-01	wikidata:Q3586213	2001-01-01
28856	2001-06-12	wikidata:Q989472	2001-01-01
28857	2001-11-12	wikidata:Q20420	2001-01-01
28859	2001-12-11	wikidata:Q765103	2001-01-01
28861	2001-12-07	wikidata:Q3061625	2001-01-01
28862	2001-05-30	raw	2001-01-01
28865	2001-03-21	raw	2001-01-01
28867	2001-03-15	wikidata:Q995874	2001-01-01
28868	2001-10-09	wikidata:Q5436927	2001-01-01
28870	2001-05-25	raw	2001-01-01
28872	2001-03-16	raw	2001-01-01
28873	2001-11-09	raw	2001-01-01
28874	2001-08-13	wikidata:Q5472711	2001-01-01
28875	2001-11-01	wikidata:Q2031625	2001-01-01
28876	2001-06-19	wikidata:Q19865961	2001-01-01
28877	2001-11-30	wikidata:Q5505248	2001-01-01
28878	2001-11-18	wikidata:Q5505249	2001-01-01
28879	2001-04-27	raw	2001-01-01
28880	2001-07-27	raw	2001-01-01
28881	2001-03-21	raw	2001-01-01
28883	2001-06-29	raw	2001-01-01
28885	2001-08-30	raw	2001-01-01
28886	2001-12-12	wikidata:Q5531602	2001-01-01
28887	2001-03-23	raw	2001-01-01
28888	2001-09-13	wikidata:Q5533579	2001-01-01
28889	2001-10-12	raw	2001-01-01
28891	2001-08-31	raw	2001-01-01
28893	2001-08-01	raw	2001-01-01
28894	2001-05-31	wikidata:Q5580602	2001-01-01
28895	2001-03-15	wikidata:Q767456	2001-01-01
28897	2001-12-28	wikidata:Q125791188	2001-01-01
28898	2001-10-23	wikidata:Q149106	2001-01-01
28899	2001-09-23	raw	2001-01-01
28900	2001-11-29	wikidata:Q3120980	2001-01-01
28901	2001-04-27	raw	2001-01-01
28902	2001-10-12	raw	2001-01-01
28903	2001-11-01	raw	2001-01-01
28904	2001-09-21	raw	2001-01-01
28906	2001-09-28	raw	2001-01-01
28907	2001-04-21	raw	2001-01-01
28908	2001-07-27	raw	2001-01-01
28909	2001-06-29	raw	2001-01-01
28910	2001-11-15	raw	2001-01-01
28913	2001-10-04	wikidata:Q5681309	2001-01-01
28915	2001-04-14	raw	2001-01-01
28916	2001-09-14	raw	2001-01-01
28917	2001-02-09	raw	2001-01-01
28921	2001-03-23	wikidata:Q943849	2001-01-01
28922	2001-06-29	wikidata:Q5910242	2001-01-01
28924	2001-12-07	raw	2001-01-01
28926	2001-04-12	raw	2001-01-01
28927	2001-11-18	wikidata:Q1257652	2001-01-01
28930	2001-03-22	raw	2001-01-01
28931	2001-11-29	wikidata:Q6038366	2001-01-01
28934	2001-06-11	raw	2001-01-01
28935	2001-07-20	raw	2001-01-01
28939	2001-08-27	raw	2001-01-01
28940	2001-04-27	raw	2001-01-01
28942	2001-11-07	wikidata:Q6200941	2001-01-01
28945	2001-10-18	raw	2001-01-01
28946	2001-06-29	wikidata:Q3811378	2001-01-01
28947	2001-06-29	wikidata:Q1713819	2001-01-01
28951	2001-03-02	wikidata:Q4042057	2001-01-01
28953	2001-11-02	raw	2001-01-01
28954	2001-10-31	raw	2001-01-01
28956	2001-02-22	raw	2001-01-01
28959	2001-11-16	raw	2001-01-01
28960	2001-03-23	raw	2001-01-01
28961	2001-12-21	raw	2001-01-01
28962	2001-07-19	raw	2001-01-01
28963	2001-07-01	raw	2001-01-01
28965	2001-03-21	raw	2001-01-01
28966	2001-07-27	raw	2001-01-01
28967	2001-03-09	raw	2001-01-01
28971	2001-03-21	raw	2001-01-01
28972	2001-01-10	raw	2001-01-01
28973	2001-10-15	wikidata:Q6470527	2001-01-01
28974	2001-06-01	wikidata:Q6508696	2001-01-01
28975	2001-06-20	wikidata:Q1956319	2001-01-01
28978	2001-03-30	raw	2001-01-01
28979	2001-03-30	wikidata:Q2132221	2001-01-01
28980	2001-09-27	wikidata:Q737821	2001-01-01
28981	2001-09-27	wikidata:Q737821	2001-01-01
28982	2001-10-01	raw	2001-01-01
28983	2001-12-01	raw	2001-01-01
28984	2001-09-01	raw	2001-01-01
28985	2001-10-01	raw	2001-01-01
28986	2001-12-01	raw	2001-01-01
28987	2001-08-01	raw	2001-01-01
28988	2001-11-02	wikidata:Q16266975	2001-01-01
28990	2001-01-26	raw	2001-01-01
28992	2001-09-07	raw	2001-01-01
28995	2001-09-12	wikidata:Q3275499	2001-01-01
28996	2001-09-01	raw	2001-01-01
28997	2001-09-12	wikidata:Q3275499	2001-01-01
28998	2001-03-15	raw	2001-01-01
28999	2001-12-07	raw	2001-01-01
29002	2001-07-31	wikidata:Q6737680	2001-01-01
29003	2001-07-21	raw	2001-01-01
29004	2001-11-01	raw	2001-01-01
29005	2001-03-02	raw	2001-01-01
29006	2001-05-14	wikidata:Q3851681	2001-01-01
29007	2001-05-14	raw	2001-01-01
29008	2001-06-01	raw	2001-01-01
29009	2001-07-25	wikidata:Q1175156	2001-01-01
29010	2001-07-20	raw	2001-01-01
29013	2001-03-23	raw	2001-01-01
29014	2001-03-23	raw	2001-01-01
29015	2001-12-14	raw	2001-01-01
29016	2001-12-14	raw	2001-01-01
29019	2001-12-14	raw	2001-01-01
29020	2001-03-21	raw	2001-01-01
29021	2001-11-29	wikidata:Q2733462	2001-01-01
29022	2001-06-19	raw	2001-01-01
29024	2001-06-01	raw	2001-01-01
29026	2001-05-03	wikidata:Q3306344	2001-01-01
29027	2001-02-02	raw	2001-01-01
29029	2001-03-23	raw	2001-01-01
29030	2001-11-02	raw	2001-01-01
29031	2001-10-23	wikidata:Q6578140	2001-01-01
29032	2001-05-01	raw	2001-01-01
29034	2001-06-01	raw	2001-01-01
29037	2001-12-13	raw	2001-01-01
29038	2001-07-27	raw	2001-01-01
29039	2001-05-11	raw	2001-01-01
29044	2001-09-30	wikidata:Q1787009	2001-01-01
29045	2001-03-21	wikidata:Q135942882	2001-01-01
29049	2001-10-02	wikidata:Q3282732	2001-01-01
29050	2001-04-06	raw	2001-01-01
29052	2001-10-29	wikidata:Q2468432	2001-01-01
29053	2001-03-21	raw	2001-01-01
29055	2001-10-12	wikidata:Q6930104	2001-01-01
29057	2001-03-09	raw	2001-01-01
29059	2001-05-08	wikidata:Q2588591	2001-01-01
29060	2001-11-02	wikidata:Q3331810	2001-01-01
29061	2001-02-06	wikidata:Q6952493	2001-01-01
29062	2001-02-25	raw	2001-01-01
29065	2001-09-17	wikidata:Q2424241	2001-01-01
29066	2001-09-17	wikidata:Q2424241	2001-01-01
29067	2001-12-12	raw	2001-01-01
29068	2001-11-16	raw	2001-01-01
29069	2001-04-20	raw	2001-01-01
29070	2001-06-29	raw	2001-01-01
29071	2001-11-16	raw	2001-01-01
29074	2001-02-16	raw	2001-01-01
29075	2001-04-27	raw	2001-01-01
29076	2001-12-04	wikidata:Q2248626	2001-01-01
29077	2001-11-15	wikidata:Q4044070	2001-01-01
29078	2001-03-21	raw	2001-01-01
29079	2001-05-11	wikidata:Q1754058	2001-01-01
29081	2001-07-12	raw	2001-01-01
29082	2001-11-02	raw	2001-01-01
29083	2001-11-02	raw	2001-01-01
29085	2001-03-23	raw	2001-01-01
29086	2001-08-10	raw	2001-01-01
29087	2001-11-02	raw	2001-01-01
29088	2001-11-15	wikidata:Q7044930	2001-01-01
29092	2001-02-08	raw	2001-01-01
29093	2001-04-25	raw	2001-01-01
29095	2001-01-25	regional:jp	2001-01-01
29096	2001-06-22	wikidata:Q953953	2001-01-01
29097	2001-06-15	wikidata:Q3178375	2001-01-01
29100	2001-03-19	wikidata:Q3281055	2001-01-01
29101	2001-07-21	raw	2001-01-01
29102	2001-12-12	wikidata:Q3411219	2001-01-01
29104	2001-10-09	wikidata:Q7137179	2001-01-01
29106	2001-08-27	wikidata:Q7194148	2001-01-01
29109	2001-06-11	raw	2001-01-01
29110	2001-12-06	wikidata:Q137643978	2001-01-01
29111	2001-11-23	raw	2001-01-01
29114	2001-09-21	raw	2001-01-01
29115	2001-08-24	raw	2001-01-01
29116	2001-02-23	raw	2001-01-01
29117	2001-03-16	raw	2001-01-01
29118	2001-03-28	raw	2001-01-01
29119	2001-12-01	raw	2001-01-01
29120	2001-09-24	wikidata:Q2211920	2001-01-01
29121	2001-09-01	raw	2001-01-01
29122	2001-03-21	wikidata:Q3400938	2001-01-01
29123	2001-04-15	raw	2001-01-01
29125	2001-03-30	wikidata:Q7243035	2001-01-01
29126	2001-08-03	raw	2001-01-01
29127	2001-10-18	raw	2001-01-01
29128	2001-03-09	raw	2001-01-01
29131	2001-11-02	wikidata:Q3418141	2001-01-01
29132	2001-11-20	wikidata:Q1048197	2001-01-01
29133	2001-11-29	wikidata:Q16259109	2001-01-01
29134	2001-12-14	raw	2001-01-01
29135	2001-06-11	raw	2001-01-01
29136	2001-11-30	wikidata:Q663711	2001-01-01
29138	2001-06-12	raw	2001-01-01
29142	2001-12-01	wikidata:Q5763711	2001-01-01
29143	2001-05-22	wikidata:Q3422704	2001-01-01
29144	2001-03-23	wikidata:Q7312286	2001-01-01
29145	2001-12-14	raw	2001-01-01
29146	2001-03-30	raw	2001-01-01
29147	2001-11-19	wikidata:Q748317	2001-01-01
29148	2001-03-30	raw	2001-01-01
29152	2001-09-30	wikidata:Q16259154	2001-01-01
29153	2001-11-22	wikidata:Q7353375	2001-01-01
29155	2001-03-27	raw	2001-01-01
29156	2001-06-29	wikidata:Q7362424	2001-01-01
29157	2001-06-01	raw	2001-01-01
29158	2001-05-28	raw	2001-01-01
29160	2001-11-19	wikidata:Q844994	2001-01-01
29161	2001-03-16	raw	2001-01-01
29162	2001-11-06	raw	2001-01-01
29164	2001-12-06	raw	2001-01-01
29165	2001-02-02	raw	2001-01-01
29167	2001-11-30	raw	2001-01-01
29168	2001-10-11	wikidata:Q24807647	2001-01-01
29169	2001-10-11	wikidata:Q1626988	2001-01-01
29171	2001-02-20	raw	2001-01-01
29172	2001-04-29	wikidata:Q931617	2001-01-01
29173	2001-11-30	raw	2001-01-01
29176	2001-11-23	wikidata:Q2138577	2001-01-01
29180	2001-03-21	wikidata:Q948180	2001-01-01
29181	2001-11-15	raw	2001-01-01
29182	2001-02-21	wikidata:Q733711	2001-01-01
29183	2001-02-22	wikidata:Q1790756	2001-01-01
29184	2001-10-01	regional:jp	2001-01-01
29185	2001-12-21	raw	2001-01-01
29186	2001-12-21	raw	2001-01-01
29188	2001-11-13	wikidata:Q7490935	2001-01-01
29189	2001-11-01	raw	2001-01-01
29190	2001-05-23	wikidata:Q391468	2001-01-01
29191	2001-07-27	raw	2001-01-01
29192	2001-07-27	raw	2001-01-01
29193	2001-12-24	raw	2001-01-01
29195	2001-02-09	raw	2001-01-01
29196	2001-05-29	raw	2001-01-01
29197	2001-09-27	regional:jp	2001-01-01
29199	2001-09-04	wikidata:Q7534122	2001-01-01
29201	2001-10-08	wikidata:Q7534895	2001-01-01
29204	2001-04-06	raw	2001-01-01
29205	2001-06-15	raw	2001-01-01
29206	2001-12-20	raw	2001-01-01
29207	2001-10-31	wikidata:Q2018741	2001-01-01
29209	2001-03-16	raw	2001-01-01
29210	2001-03-16	raw	2001-01-01
29211	2001-05-30	raw	2001-01-01
29213	2001-03-14	raw	2001-01-01
29214	2001-09-24	wikidata:Q7578978	2001-01-01
29215	2001-09-20	wikidata:Q7578981	2001-01-01
29217	2001-03-30	wikidata:Q3494295	2001-01-01
29218	2001-09-24	wikidata:Q775291	2001-01-01
29220	2001-06-28	raw	2001-01-01
29221	2001-11-12	wikidata:Q678656	2001-01-01
29222	2001-03-14	wikidata:Q7600956	2001-01-01
29223	2001-06-10	wikidata:Q7600965	2001-01-01
29225	2001-11-13	wikidata:Q1194920	2001-01-01
29226	2001-02-19	wikidata:Q55225	2001-01-01
29232	2001-10-19	wikidata:Q846549	2001-01-01
29233	2001-08-24	raw	2001-01-01
29234	2001-04-06	wikidata:Q7628781	2001-01-01
29238	2001-03-21	raw	2001-01-01
29239	2001-02-23	raw	2001-01-01
29240	2001-09-21	wikidata:Q1091004	2001-01-01
29241	2001-07-13	raw	2001-01-01
29242	2001-10-22	wikidata:Q7643101	2001-01-01
29244	2001-12-21	raw	2001-01-01
29245	2001-11-14	raw	2001-01-01
29247	2001-11-14	wikidata:Q7677958	2001-01-01
29250	2001-03-25	raw	2001-01-01
29251	2001-12-21	raw	2001-01-01
29252	2001-09-05	wikidata:Q5244263	2001-01-01
29253	2001-09-05	wikidata:Q5244263	2001-01-01
29254	2001-10-11	raw	2001-01-01
29256	2001-07-14	wikidata:Q7727658	2001-01-01
29257	2001-06-29	raw	2001-01-01
29258	2001-11-30	raw	2001-01-01
29259	2001-12-30	wikidata:Q131413997	2001-01-01
29260	2001-05-30	raw	2001-01-01
29261	2001-10-05	wikidata:Q2778488	2001-01-01
29262	2001-06-29	raw	2001-01-01
29263	2001-09-19	wikidata:Q835156	2001-01-01
29264	2001-02-27	raw	2001-01-01
29265	2001-02-27	raw	2001-01-01
29266	2001-02-16	wikidata:Q3264078	2001-01-01
29267	2001-09-14	wikidata:Q3521960	2001-01-01
29270	2001-02-27	raw	2001-01-01
29273	2001-02-15	wikidata:Q2363298	2001-01-01
29274	2001-03-26	raw	2001-01-01
29275	2001-09-24	wikidata:Q3224187	2001-01-01
29277	2001-02-09	wikidata:Q3283085	2001-01-01
29278	2001-09-28	raw	2001-01-01
29279	2001-03-27	wikidata:Q2293374	2001-01-01
29280	2001-09-21	wikidata:Q3525986	2001-01-01
29289	2001-12-03	raw	2001-01-01
29291	2001-06-29	raw	2001-01-01
29292	2001-11-02	raw	2001-01-01
29293	2001-12-30	wikidata:Q588270	2001-01-01
29294	2001-09-12	raw	2001-01-01
29295	2001-11-13	wikidata:Q15116822	2001-01-01
29298	2001-06-01	raw	2001-01-01
29299	2001-06-11	raw	2001-01-01
29300	2001-11-15	raw	2001-01-01
29301	2001-10-28	wikidata:Q1463730	2001-01-01
29302	2001-06-15	raw	2001-01-01
29304	2001-07-20	raw	2001-01-01
29306	2001-02-28	raw	2001-01-01
29307	2001-09-25	wikidata:Q7831945	2001-01-01
29308	2001-02-28	wikidata:Q1079127	2001-01-01
29310	2001-03-30	wikidata:Q492225	2001-01-01
29311	2001-04-21	wikidata:Q1050924	2001-01-01
29312	2001-10-02	raw	2001-01-01
29313	2001-07-19	raw	2001-01-01
29314	2001-10-19	raw	2001-01-01
29316	2001-07-20	raw	2001-01-01
29317	2001-06-05	raw	2001-01-01
29319	2001-10-01	wikidata:Q1703254	2001-01-01
29320	2001-08-24	raw	2001-01-01
29323	2001-08-07	raw	2001-01-01
29324	2001-11-18	wikidata:Q2015488	2001-01-01
29325	2001-02-23	raw	2001-01-01
29326	2001-08-21	raw	2001-01-01
29327	2001-12-21	raw	2001-01-01
29328	2001-04-28	raw	2001-01-01
29329	2001-03-21	raw	2001-01-01
29330	2001-11-15	wikidata:Q2026848	2001-01-01
29331	2001-02-23	raw	2001-01-01
29332	2001-02-23	raw	2001-01-01
29334	2001-02-23	raw	2001-01-01
29335	2001-09-01	raw	2001-01-01
29337	2001-10-16	wikidata:Q4020958	2001-01-01
29338	2001-04-06	wikidata:Q680816	2001-01-01
29339	2001-04-18	wikidata:Q968045	2001-01-01
29340	2001-09-25	wikidata:Q2311359	2001-01-01
29341	2001-05-15	raw	2001-01-01
29342	2001-08-01	raw	2001-01-01
29343	2001-12-20	wikidata:Q11640292	2001-01-01
29348	2001-06-15	wikidata:Q508884	2001-01-01
29349	2001-09-07	raw	2001-01-01
29350	2001-10-01	raw	2001-01-01
29352	2001-06-15	raw	2001-01-01
29445	2001-03-01	regional:na	2001-01-01
29542	2001-04-01	regional:na	2001-01-01
29614	2001-05-04	regional:na	2001-01-01
29615	2001-04-26	raw	2001-01-01
29724	2001-06-14	raw	2001-01-01
29962	2001-09-28	regional:na	2001-01-01
30042	2001-10-19	raw	2001-01-01
30280	2002-04-22	wikidata:Q2322709	2002-01-01
30284	2002-10-25	wikidata:Q4672994	2002-01-01
30286	2002-06-12	wikidata:Q2665901	2002-01-01
30295	2002-12-13	raw	2002-01-01
30296	2002-03-28	wikidata:Q28226	2002-01-01
30297	2002-09-29	wikidata:Q10735303	2002-01-01
30298	2002-06-28	wikidata:Q717733	2002-01-01
30299	2002-11-22	wikidata:Q2866500	2002-01-01
30301	2002-01-21	wikidata:Q623868	2002-01-01
30303	2002-10-25	wikidata:Q4823241	2002-01-01
30304	2002-03-29	raw	2002-01-01
30309	2002-11-01	wikidata:Q3274772	2002-01-01
30311	2002-10-11	wikidata:Q4854633	2002-01-01
30315	2002-11-05	wikidata:Q4870098	2002-01-01
30316	2002-12-10	wikidata:Q4869949	2002-01-01
30317	2002-09-10	wikidata:Q791439	2002-01-01
30318	2002-09-06	wikidata:Q4875729	2002-01-01
30322	2002-08-28	raw	2002-01-01
30323	2002-05-29	wikidata:Q4905125	2002-01-01
30324	2002-06-04	wikidata:Q4906022	2002-01-01
30325	2002-11-27	wikidata:Q4906062	2002-01-01
30327	2002-11-01	wikidata:Q4915187	2002-01-01
30328	2002-01-22	wikidata:Q1115485	2002-01-01
30329	2002-10-18	wikidata:Q138331928	2002-01-01
30332	2002-04-15	wikidata:Q4274305	2002-01-01
30333	2002-03-21	wikidata:Q539018	2002-01-01
30334	2002-10-15	wikidata:Q2451096	2002-01-01
30336	2002-10-24	raw	2002-01-01
30337	2002-02-07	raw	2002-01-01
30338	2002-02-07	raw	2002-01-01
30339	2002-04-18	raw	2002-01-01
30341	2002-12-17	wikidata:Q4958188	2002-01-01
30350	2002-08-27	wikidata:Q5015324	2002-01-01
30352	2002-02-01	wikidata:Q104819388	2002-01-01
30355	2002-03-25	wikidata:Q18754054	2002-01-01
30359	2002-06-06	raw	2002-01-01
30361	2002-08-09	wikidata:Q5092450	2002-01-01
30364	2002-12-13	raw	2002-01-01
30365	2002-02-07	raw	2002-01-01
30366	2002-10-31	wikidata:Q2633010	2002-01-01
30372	2002-09-19	wikidata:Q4036427	2002-01-01
30373	2002-09-11	wikidata:Q1114985	2002-01-01
30374	2002-02-26	wikidata:Q838003	2002-01-01
30375	2002-09-13	wikidata:Q2029400	2002-01-01
30380	2002-02-25	raw	2002-01-01
30382	2002-07-24	wikidata:Q2431192	2002-01-01
30385	2002-07-26	raw	2002-01-01
30387	2002-06-23	raw	2002-01-01
30391	2002-01-18	wikidata:Q5223138	2002-01-01
30392	2002-06-01	wikidata:Q2657211	2002-01-01
30393	2002-01-27	wikidata:Q5223588	2002-01-01
30395	2002-02-08	raw	2002-01-01
30397	2002-06-03	wikidata:Q4116562	2002-01-01
30400	2002-10-08	wikidata:Q1182594	2002-01-01
30401	2002-06-27	wikidata:Q1995884	2002-01-01
30405	2002-09-06	raw	2002-01-01
30408	2002-10-29	wikidata:Q5268357	2002-01-01
30410	2002-04-22	wikidata:Q3707061	2002-01-01
30411	2002-05-22	wikidata:Q3028392	2002-01-01
30412	2002-04-30	wikidata:Q2256904	2002-01-01
30413	2002-09-01	wikidata:Q5280946	2002-01-01
30414	2002-01-24	wikidata:Q2384157	2002-01-01
30415	2002-11-05	wikidata:Q580676	2002-01-01
30418	2002-07-25	wikidata:Q5282475	2002-01-01
30426	2002-09-22	wikidata:Q1230674	2002-01-01
30428	2002-09-22	wikidata:Q618010	2002-01-01
30429	2002-02-21	wikidata:Q5291321	2002-01-01
30433	2002-10-04	raw	2002-01-01
30434	2002-06-14	wikidata:Q48348770	2002-01-01
30435	2002-11-19	wikidata:Q5304288	2002-01-01
30436	2002-02-21	raw	2002-01-01
30437	2002-05-29	wikidata:Q125773387	2002-01-01
30438	2002-06-30	raw	2002-01-01
30440	2002-03-26	wikidata:Q4184604	2002-01-01
30441	2002-11-17	wikidata:Q5305061	2002-01-01
30443	2002-11-20	wikidata:Q5308263	2002-01-01
30444	2002-07-12	wikidata:Q48349442	2002-01-01
30445	2002-10-07	wikidata:Q5310157	2002-01-01
30446	2002-08-12	wikidata:Q2617932	2002-01-01
30447	2002-05-14	wikidata:Q2316701	2002-01-01
30448	2002-04-05	wikidata:Q866349	2002-01-01
30449	2002-10-30	wikidata:Q35881040	2002-01-01
30450	2002-03-15	raw	2002-01-01
30454	2002-09-24	wikidata:Q3046446	2002-01-01
30457	2002-12-20	wikidata:Q16267104	2002-01-01
30458	2002-08-11	wikidata:Q1075123	2002-01-01
30459	2002-09-09	wikidata:Q510054	2002-01-01
30460	2002-09-17	wikidata:Q2733002	2002-01-01
30461	2002-07-19	wikidata:Q1340068	2002-01-01
30462	2002-03-18	wikidata:Q4038212	2002-01-01
30463	2002-10-25	wikidata:Q1213047	2002-01-01
30464	2002-08-29	wikidata:Q954766	2002-01-01
30467	2002-10-25	wikidata:Q2080005	2002-01-01
30468	2002-10-25	wikidata:Q2080005	2002-01-01
30470	2002-06-14	wikidata:Q11332082	2002-01-01
30475	2002-08-08	wikidata:Q5436390	2002-01-01
30476	2002-05-16	wikidata:Q678394	2002-01-01
30477	2002-03-29	raw	2002-01-01
30479	2002-06-18	wikidata:Q2004708	2002-01-01
30482	2002-03-26	wikidata:Q2388343	2002-01-01
30483	2002-05-28	wikidata:Q5505256	2002-01-01
30484	2002-12-06	wikidata:Q5505258	2002-01-01
30486	2002-06-28	raw	2002-01-01
30488	2002-02-08	wikidata:Q693500	2002-01-01
30490	2002-04-12	wikidata:Q5514364	2002-01-01
30497	2002-10-25	raw	2002-01-01
30499	2002-11-08	wikidata:Q5530293	2002-01-01
30500	2002-05-16	wikidata:Q1501376	2002-01-01
30501	2002-07-25	wikidata:Q20044230	2002-01-01
30502	2002-03-25	wikidata:Q2729465	2002-01-01
30503	2002-05-12	wikidata:Q859650	2002-01-01
30507	2002-02-28	raw	2002-01-01
30508	2002-06-28	raw	2002-01-01
30509	2002-06-05	wikidata:Q3110945	2002-01-01
30510	2002-11-29	wikidata:Q1456987	2002-01-01
30512	2002-06-21	wikidata:Q2558619	2002-01-01
30513	2002-10-29	wikidata:Q94671	2002-01-01
30519	2002-11-30	wikidata:Q3779775	2002-01-01
30520	2002-10-18	raw	2002-01-01
30525	2002-08-09	raw	2002-01-01
30532	2002-11-05	raw	2002-01-01
30533	2002-11-05	wikidata:Q726167	2002-01-01
30536	2002-11-24	wikidata:Q739918	2002-01-01
30537	2002-03-02	raw	2002-01-01
30538	2002-03-28	wikidata:Q641684	2002-01-01
30539	2002-05-31	wikidata:Q13415771	2002-01-01
30542	2002-02-09	wikidata:Q5755616	2002-01-01
30545	2002-09-30	wikidata:Q1037042	2002-01-01
30546	2002-01-25	wikidata:Q5898213	2002-01-01
30547	2002-03-25	wikidata:Q5898704	2002-01-01
30548	2002-10-16	wikidata:Q5910627	2002-01-01
30549	2002-10-16	wikidata:Q5910627	2002-01-01
30550	2002-05-30	regional:jp	2002-01-01
30552	2002-10-25	wikidata:Q5048855	2002-01-01
30554	2002-05-02	raw	2002-01-01
30557	2002-07-20	wikidata:Q4116496	2002-01-01
30558	2002-08-27	wikidata:Q1143807	2002-01-01
30559	2002-09-24	wikidata:Q6015122	2002-01-01
30560	2002-09-30	wikidata:Q2588246	2002-01-01
30563	2002-10-18	wikidata:Q138331801	2002-01-01
30564	2002-10-25	wikidata:Q3154536	2002-01-01
30565	2002-11-15	wikidata:Q110253213	2002-01-01
30566	2002-09-22	wikidata:Q6083460	2002-01-01
30572	2002-11-18	wikidata:Q161188	2002-01-01
30573	2002-03-01	wikidata:Q6151012	2002-01-01
30575	2002-12-22	wikidata:Q6168261	2002-01-01
30576	2002-02-01	wikidata:Q644859	2002-01-01
30577	2002-09-25	wikidata:Q6200948	2002-01-01
30582	2002-11-17	wikidata:Q3546915	2002-01-01
30588	2002-11-21	wikidata:Q6372794	2002-01-01
30591	2002-08-23	wikidata:Q6380977	2002-01-01
30592	2002-04-26	wikidata:Q10307666	2002-01-01
30593	2002-04-26	wikidata:Q10307664	2002-01-01
30594	2002-08-21	wikidata:Q2849654	2002-01-01
30595	2002-08-21	wikidata:Q2849654	2002-01-01
30597	2002-10-25	raw	2002-01-01
30598	2002-08-06	raw	2002-01-01
30599	2002-12-13	raw	2002-01-01
30600	2002-11-08	wikidata:Q769141	2002-01-01
30602	2002-07-26	raw	2002-01-01
30605	2002-03-08	raw	2002-01-01
30609	2002-12-06	raw	2002-01-01
30612	2002-09-24	wikidata:Q6502928	2002-01-01
30615	2002-12-06	wikidata:Q4042758	2002-01-01
30619	2002-09-25	wikidata:Q2353007	2002-01-01
30621	2002-04-12	wikidata:Q6703677	2002-01-01
30622	2002-11-25	wikidata:Q3840938	2002-01-01
30623	2002-08-12	wikidata:Q3275502	2002-01-01
30624	2002-08-12	wikidata:Q3275502	2002-01-01
30625	2002-08-29	wikidata:Q213217	2002-01-01
30627	2002-06-01	wikidata:Q3281802	2002-01-01
30631	2002-02-04	wikidata:Q3118448	2002-01-01
30637	2002-08-12	wikidata:Q3851680	2002-01-01
30646	2002-01-22	wikidata:Q692360	2002-01-01
30648	2002-08-30	regional:eu	2002-01-01
30649	2002-08-10	raw	2002-01-01
30650	2002-12-06	raw	2002-01-01
30651	2002-04-24	raw	2002-01-01
30653	2002-11-17	raw	2002-01-01
30654	2002-09-18	wikidata:Q6834223	2002-01-01
30655	2002-05-22	wikidata:Q6839157	2002-01-01
30656	2002-03-29	wikidata:Q594124	2002-01-01
30660	2002-12-12	raw	2002-01-01
30661	2002-11-12	wikidata:Q3315577	2002-01-01
30662	2002-05-31	wikidata:Q11784306	2002-01-01
30663	2002-09-29	wikidata:Q6902711	2002-01-01
30665	2002-03-27	wikidata:Q6902738	2002-01-01
30669	2002-03-08	raw	2002-01-01
30671	2002-07-11	raw	2002-01-01
30674	2002-11-16	wikidata:Q775543	2002-01-01
30675	2002-10-04	wikidata:Q6917976	2002-01-01
30678	2002-08-23	raw	2002-01-01
30680	2002-02-07	wikidata:Q6945287	2002-01-01
30682	2002-02-14	wikidata:Q6952491	2002-01-01
30683	2002-09-19	wikidata:Q3056955	2002-01-01
30684	2002-02-17	wikidata:Q6952681	2002-01-01
30685	2002-10-08	wikidata:Q3334242	2002-01-01
30688	2002-09-30	wikidata:Q3334417	2002-01-01
30689	2002-09-16	wikidata:Q3334435	2002-01-01
30690	2002-04-05	raw	2002-01-01
30694	2002-10-31	wikidata:Q1809475	2002-01-01
30695	2002-09-30	wikidata:Q866397	2002-01-01
30696	2002-11-01	wikidata:Q1977484	2002-01-01
30697	2002-06-18	wikidata:Q549217	2002-01-01
30698	2002-10-30	wikidata:Q16163913	2002-01-01
30700	2002-09-30	wikidata:Q751167	2002-01-01
30702	2002-11-08	wikidata:Q3347459	2002-01-01
30704	2002-05-13	wikidata:Q7096705	2002-01-01
30708	2002-06-10	wikidata:Q7112125	2002-01-01
30709	2002-08-19	raw	2002-01-01
30710	2002-02-24	wikidata:Q2737135	2002-01-01
30711	2002-09-24	wikidata:Q4226110	2002-01-01
30717	2002-07-18	wikidata:Q118374118	2002-01-01
30720	2002-02-22	raw	2002-01-01
30723	2002-11-21	raw	2002-01-01
30724	2002-11-21	raw	2002-01-01
30730	2002-02-07	raw	2002-01-01
30737	2002-12-18	wikidata:Q7277472	2002-01-01
30738	2002-03-04	wikidata:Q1603752	2002-01-01
30741	2002-10-31	wikidata:Q7310105	2002-01-01
30746	2002-10-27	wikidata:Q7353400	2002-01-01
30747	2002-06-30	wikidata:Q10656261	2002-01-01
30748	2002-09-20	wikidata:Q7355122	2002-01-01
30749	2002-10-18	wikidata:Q593897	2002-01-01
30750	2002-10-15	wikidata:Q928874	2002-01-01
30753	2002-07-05	wikidata:Q7403165	2002-01-01
30754	2002-01-18	wikidata:Q4353964	2002-01-01
30755	2002-01-18	wikidata:Q4353964	2002-01-01
30757	2002-12-27	raw	2002-01-01
30761	2002-04-08	wikidata:Q7427776	2002-01-01
30763	2002-06-06	wikidata:Q51325561	2002-01-01
30767	2002-09-09	wikidata:Q5654167	2002-01-01
30768	2002-02-05	wikidata:Q840206	2002-01-01
30771	2002-06-02	raw	2002-01-01
30776	2002-03-28	wikidata:Q3482234	2002-01-01
30779	2002-10-10	wikidata:Q3959791	2002-01-01
30780	2002-01-23	wikidata:Q1428060	2002-01-01
30784	2002-12-12	wikidata:Q11246223	2002-01-01
30786	2002-04-13	wikidata:Q2568051	2002-01-01
30792	2002-05-09	wikidata:Q604532	2002-01-01
30793	2002-05-20	wikidata:Q375962	2002-01-01
30794	2002-12-19	raw	2002-01-01
30795	2002-12-19	regional:jp	2002-01-01
30798	2002-12-20	wikidata:Q3893548	2002-01-01
30799	2002-10-03	wikidata:Q7575458	2002-01-01
30801	2002-04-14	wikidata:Q2539517	2002-01-01
30804	2002-10-01	wikidata:Q7578976	2002-01-01
30805	2002-09-10	wikidata:Q7578980	2002-01-01
30808	2002-09-25	wikidata:Q2569862	2002-01-01
30810	2002-02-22	wikidata:Q831478	2002-01-01
30811	2002-11-05	wikidata:Q3968318	2002-01-01
30812	2002-03-26	wikidata:Q55298	2002-01-01
30814	2002-11-29	wikidata:Q54845	2002-01-01
30815	2002-04-17	wikidata:Q3497066	2002-01-01
30816	2002-07-16	wikidata:Q7621772	2002-01-01
30817	2002-09-27	raw	2002-01-01
30818	2002-10-27	wikidata:Q3976051	2002-01-01
30819	2002-07-31	wikidata:Q750086	2002-01-01
30820	2002-12-25	wikidata:Q7642226	2002-01-01
30822	2002-07-19	raw	2002-01-01
30823	2002-11-19	wikidata:Q4050406	2002-01-01
30824	2002-11-22	raw	2002-01-01
30825	2002-08-02	wikidata:Q3977615	2002-01-01
30827	2002-05-27	wikidata:Q604961	2002-01-01
30828	2002-10-25	wikidata:Q2019474	2002-01-01
30837	2002-10-29	wikidata:Q7721092	2002-01-01
30839	2002-05-01	wikidata:Q718448	2002-01-01
30840	2002-11-06	wikidata:Q523133	2002-01-01
30843	2002-10-24	wikidata:Q2409688	2002-01-01
30844	2002-12-15	wikidata:Q7742425	2002-01-01
30845	2002-08-23	raw	2002-01-01
30847	2002-12-03	raw	2002-01-01
30851	2002-02-08	raw	2002-01-01
30852	2002-02-08	raw	2002-01-01
30853	2002-07-04	regional:jp	2002-01-01
30855	2002-11-19	wikidata:Q16266774	2002-01-01
30858	2002-04-02	wikidata:Q21039913	2002-01-01
30870	2002-11-17	wikidata:Q377242	2002-01-01
30871	2002-01-25	raw	2002-01-01
30872	2002-05-30	raw	2002-01-01
30874	2002-10-23	wikidata:Q1512956	2002-01-01
30875	2002-10-23	wikidata:Q1512956	2002-01-01
30877	2002-11-01	wikidata:Q3995951	2002-01-01
30879	2002-11-27	wikidata:Q7832798	2002-01-01
30880	2002-11-12	wikidata:Q3211723	2002-01-01
30881	2002-09-07	wikidata:Q7838718	2002-01-01
30882	2002-07-20	wikidata:Q839901	2002-01-01
30884	2002-09-01	wikidata:Q135509292	2002-01-01
30887	2002-10-01	wikidata:Q1501405	2002-01-01
30888	2002-08-16	wikidata:Q7900078	2002-01-01
30890	2002-06-21	wikidata:Q249167	2002-01-01
30891	2002-06-21	wikidata:Q249167	2002-01-01
30896	2002-10-23	wikidata:Q2015472	2002-01-01
30897	2002-02-11	wikidata:Q2636640	2002-01-01
30899	2002-08-29	wikidata:Q3566232	2002-01-01
30900	2002-07-03	wikidata:Q207948	2002-01-01
30901	2002-03-12	wikidata:Q964164	2002-01-01
30904	2002-04-26	raw	2002-01-01
30905	2002-11-20	raw	2002-01-01
30908	2002-10-18	wikidata:Q389344	2002-01-01
30911	2002-03-22	wikidata:Q2655540	2002-01-01
30912	2002-03-22	wikidata:Q2655540	2002-01-01
30921	2002-04-26	wikidata:Q147074	2002-01-01
30922	2002-10-09	wikidata:Q3574828	2002-01-01
30923	2002-10-09	wikidata:Q3574828	2002-01-01
30925	2002-06-14	raw	2002-01-01
30927	2002-05-05	wikidata:Q8074030	2002-01-01
31065	2002-03-01	regional:na	2002-01-01
31070	2002-03-07	regional:na	2002-01-01
31362	2002-06-21	regional:na	2002-01-01
31411	2002-07-10	regional:na	2002-01-01
31439	2002-07-19	regional:na	2002-01-01
31528	2002-08-22	regional:na	2002-01-01
31809	2002-10-31	regional:na	2002-01-01
32113	2003-11-21	raw	2003-01-01
32114	2003-03-28	wikidata:Q117358171	2003-01-01
32118	2003-03-10	raw	2003-01-01
32119	2003-06-27	wikidata:Q4690445	2003-01-01
32121	2003-09-30	wikidata:Q1044761	2003-01-01
32122	2003-02-01	wikidata:Q625946	2003-01-01
32123	2003-07-25	wikidata:Q958568	2003-01-01
32126	2003-09-14	wikidata:Q4033717	2003-01-01
32129	2003-02-05	wikidata:Q428715	2003-01-01
32132	2003-04-04	wikidata:Q567244	2003-01-01
32133	2003-10-10	wikidata:Q4770865	2003-01-01
32134	2003-07-10	wikidata:Q2412118	2003-01-01
32135	2003-10-17	wikidata:Q2860039	2003-01-01
32136	2003-12-02	wikidata:Q942588	2003-01-01
32139	2003-01-03	wikidata:Q4816740	2003-01-01
32145	2003-09-15	raw	2003-01-01
32147	2003-10-16	wikidata:Q2891460	2003-01-01
32148	2003-01-20	wikidata:Q3636843	2003-01-01
32150	2003-08-31	wikidata:Q4869950	2003-01-01
32151	2003-09-04	wikidata:Q2891828	2003-01-01
32152	2003-02-02	wikidata:Q2891830	2003-01-01
32154	2003-11-11	wikidata:Q794367	2003-01-01
32155	2003-06-12	wikidata:Q4905126	2003-01-01
32156	2003-11-20	wikidata:Q745427	2003-01-01
32157	2003-09-23	wikidata:Q2330052	2003-01-01
32159	2003-09-01	wikidata:Q1984783	2003-01-01
32161	2003-06-04	wikidata:Q884508	2003-01-01
32162	2003-10-28	wikidata:Q4928508	2003-01-01
32164	2003-07-17	raw	2003-01-01
32165	2003-06-27	wikidata:Q11279493	2003-01-01
32166	2003-10-16	raw	2003-01-01
32167	2003-04-30	raw	2003-01-01
32168	2003-02-25	wikidata:Q4943317	2003-01-01
32174	2003-11-14	wikidata:Q2567348	2003-01-01
32175	2003-03-21	wikidata:Q4977851	2003-01-01
32178	2003-03-25	wikidata:Q1835004	2003-01-01
32180	2003-08-26	wikidata:Q5015312	2003-01-01
32181	2003-11-11	wikidata:Q3523815	2003-01-01
32182	2003-08-28	wikidata:Q5015336	2003-01-01
32184	2003-10-29	wikidata:Q211096	2003-01-01
32185	2003-01-05	wikidata:Q2340381	2003-01-01
32188	2003-11-17	wikidata:Q5047407	2003-01-01
32189	2003-03-26	wikidata:Q5048837	2003-01-01
32190	2003-10-24	wikidata:Q3482092	2003-01-01
32191	2003-05-06	raw	2003-01-01
32193	2003-10-14	wikidata:Q5057723	2003-01-01
32196	2003-03-28	wikidata:Q5070137	2003-01-01
32197	2003-11-21	wikidata:Q3203161	2003-01-01
32198	2003-03-06	wikidata:Q2337816	2003-01-01
32200	2003-08-30	wikidata:Q1068025	2003-01-01
32201	2003-11-01	wikidata:Q2963289	2003-01-01
32203	2003-07-31	wikidata:Q5100580	2003-01-01
32204	2003-10-28	wikidata:Q672303	2003-01-01
32208	2003-11-04	wikidata:Q548085	2003-01-01
32209	2003-11-28	wikidata:Q852938	2003-01-01
32210	2003-09-19	wikidata:Q868260	2003-01-01
32211	2003-12-03	wikidata:Q5150657	2003-01-01
32212	2003-02-10	wikidata:Q820217	2003-01-01
32213	2003-09-22	wikidata:Q1069497	2003-01-01
32214	2003-10-14	wikidata:Q2452625	2003-01-01
32215	2003-09-19	wikidata:Q1125364	2003-01-01
32217	2003-11-11	wikidata:Q723083	2003-01-01
32218	2003-11-11	wikidata:Q5173450	2003-01-01
32219	2003-01-07	raw	2003-01-01
32220	2003-11-11	raw	2003-01-01
32221	2003-04-08	wikidata:Q2038683	2003-01-01
32229	2003-02-14	wikidata:Q26157664	2003-01-01
32231	2003-09-26	wikidata:Q847777	2003-01-01
32233	2003-03-24	wikidata:Q1324541	2003-01-01
32234	2003-09-05	raw	2003-01-01
32236	2003-12-02	wikidata:Q252198	2003-01-01
32237	2003-03-25	wikidata:Q1206651	2003-01-01
32241	2003-12-03	wikidata:Q2458046	2003-01-01
32244	2003-09-03	wikidata:Q5282385	2003-01-01
32250	2003-11-14	wikidata:Q357431	2003-01-01
32251	2003-06-06	raw	2003-01-01
32253	2003-07-18	raw	2003-01-01
32254	2003-11-13	wikidata:Q3714563	2003-01-01
32256	2003-03-28	wikidata:Q5303567	2003-01-01
32262	2003-03-29	raw	2003-01-01
32263	2003-11-03	wikidata:Q5305637	2003-01-01
32266	2003-02-27	wikidata:Q775889	2003-01-01
32267	2003-03-25	wikidata:Q3284042	2003-01-01
32269	2003-07-30	wikidata:Q839570	2003-01-01
32270	2003-10-21	wikidata:Q2502581	2003-01-01
32271	2003-07-01	wikidata:Q5376158	2003-01-01
32272	2003-08-01	wikidata:Q1343111	2003-01-01
32274	2003-05-14	wikidata:Q736528	2003-01-01
32275	2003-01-30	wikidata:Q1345246	2003-01-01
32276	2003-05-06	wikidata:Q336177	2003-01-01
32277	2003-11-28	raw	2003-01-01
32278	2003-06-24	wikidata:Q3062973	2003-01-01
32279	2003-10-24	wikidata:Q1313999	2003-01-01
32280	2003-10-24	wikidata:Q1313999	2003-01-01
32281	2003-02-14	raw	2003-01-01
32283	2003-04-25	raw	2003-01-01
32286	2003-10-23	wikidata:Q3747978	2003-01-01
32288	2003-09-26	wikidata:Q577381	2003-01-01
32290	2003-03-04	wikidata:Q937066	2003-01-01
32291	2003-10-21	wikidata:Q720311	2003-01-01
32294	2003-11-28	wikidata:Q4370340	2003-01-01
32301	2003-03-26	wikidata:Q1491640	2003-01-01
32306	2003-07-25	wikidata:Q5531605	2003-01-01
32311	2003-05-23	wikidata:Q2736882	2003-01-01
32312	2003-11-05	wikidata:Q3771853	2003-01-01
32313	2003-03-01	wikidata:Q20708819	2003-01-01
32314	2003-08-22	wikidata:Q2662055	2003-01-01
32322	2003-10-28	wikidata:Q859380	2003-01-01
32327	2003-10-21	wikidata:Q1617336	2003-01-01
32328	2003-02-19	wikidata:Q96381008	2003-01-01
32329	2003-09-16	wikidata:Q1331028	2003-01-01
32330	2003-10-29	wikidata:Q5910633	2003-01-01
32331	2003-10-29	wikidata:Q5910633	2003-01-01
32332	2003-08-13	wikidata:Q37962196	2003-01-01
32334	2003-05-27	wikidata:Q969774	2003-01-01
32336	2003-11-18	wikidata:Q3146451	2003-01-01
32337	2003-03-03	wikidata:Q2424822	2003-01-01
32340	2003-03-02	wikidata:Q1255578	2003-01-01
32342	2003-01-07	wikidata:Q1315886	2003-01-01
32343	2003-10-17	wikidata:Q3149632	2003-01-01
32344	2003-02-24	wikidata:Q1661316	2003-01-01
32345	2003-05-21	wikidata:Q6028249	2003-01-01
32347	2003-04-01	wikidata:Q6036894	2003-01-01
32349	2003-03-28	wikidata:Q950510	2003-01-01
32352	2003-05-12	wikidata:Q3154354	2003-01-01
32353	2003-12-05	wikidata:Q363811	2003-01-01
32355	2003-10-17	wikidata:Q3187950	2003-01-01
32357	2003-03-10	wikidata:Q1422943	2003-01-01
32358	2003-11-12	wikidata:Q3546928	2003-01-01
32360	2003-06-05	raw	2003-01-01
32363	2003-10-28	wikidata:Q3300702	2003-01-01
32364	2003-09-16	wikidata:Q1777137	2003-01-01
32370	2003-10-01	wikidata:Q6502929	2003-01-01
32371	2003-11-11	wikidata:Q2294303	2003-01-01
32374	2003-03-05	wikidata:Q11756944	2003-01-01
32375	2003-10-01	wikidata:Q477199	2003-01-01
32377	2003-08-13	wikidata:Q195158	2003-01-01
32378	2003-07-13	wikidata:Q1360565	2003-01-01
32380	2003-11-20	wikidata:Q1477686	2003-01-01
32383	2003-10-31	wikidata:Q440046	2003-01-01
32384	2003-11-08	wikidata:Q2031084	2003-01-01
32385	2003-12-12	wikidata:Q6680173	2003-01-01
32387	2003-08-12	wikidata:Q1158895	2003-01-01
32388	2003-08-12	wikidata:Q1158895	2003-01-01
32389	2003-11-18	wikidata:Q6391627	2003-01-01
32391	2003-11-18	wikidata:Q853344	2003-01-01
32392	2003-04-29	wikidata:Q569624	2003-01-01
32395	2003-11-17	raw	2003-01-01
32397	2003-02-25	wikidata:Q1986173	2003-01-01
32399	2003-10-14	wikidata:Q946795	2003-01-01
32402	2003-08-08	raw	2003-01-01
32403	2003-03-28	raw	2003-01-01
32404	2003-12-12	raw	2003-01-01
32405	2003-12-12	raw	2003-01-01
32406	2003-07-17	wikidata:Q2743083	2003-01-01
32407	2003-05-05	raw	2003-01-01
32413	2003-11-24	wikidata:Q6827086	2003-01-01
32415	2003-07-01	wikidata:Q4348691	2003-01-01
32416	2003-04-09	wikidata:Q2314853	2003-01-01
32417	2003-11-18	wikidata:Q3312737	2003-01-01
32423	2003-12-02	wikidata:Q2057458	2003-01-01
32425	2003-08-11	wikidata:Q110088507	2003-01-01
32427	2003-06-23	raw	2003-01-01
32429	2003-11-18	wikidata:Q124457760	2003-01-01
32431	2003-11-25	wikidata:Q3952116	2003-01-01
32432	2003-02-13	wikidata:Q3869375	2003-01-01
32433	2003-09-16	wikidata:Q2182267	2003-01-01
32434	2003-10-14	wikidata:Q3282025	2003-01-01
32435	2003-09-22	wikidata:Q3334419	2003-01-01
32439	2003-11-17	wikidata:Q247210	2003-01-01
32440	2003-11-17	wikidata:Q247210	2003-01-01
32441	2003-06-20	wikidata:Q905308	2003-01-01
32443	2003-12-02	wikidata:Q936423	2003-01-01
32444	2003-06-21	wikidata:Q305212	2003-01-01
32447	2003-08-31	wikidata:Q2166411	2003-01-01
32452	2003-12-19	wikidata:Q7093004	2003-01-01
32453	2003-07-25	wikidata:Q7093915	2003-01-01
32456	2003-10-24	raw	2003-01-01
32458	2003-12-17	wikidata:Q110307863	2003-01-01
32460	2003-08-17	wikidata:Q1042119	2003-01-01
32465	2003-06-30	wikidata:Q167330	2003-01-01
32467	2003-08-01	raw	2003-01-01
32469	2003-06-04	wikidata:Q1930159	2003-01-01
32470	2003-04-14	wikidata:Q1974968	2003-01-01
32471	2003-01-23	wikidata:Q20995186	2003-01-01
32473	2003-09-03	wikidata:Q11888799	2003-01-01
32474	2003-02-28	wikidata:Q2052448	2003-01-01
32477	2003-10-28	wikidata:Q715292	2003-01-01
32478	2003-08-07	wikidata:Q1988599	2003-01-01
32480	2003-05-10	wikidata:Q3415185	2003-01-01
32484	2003-02-21	raw	2003-01-01
32485	2003-02-21	wikidata:Q1416931	2003-01-01
32486	2003-11-25	wikidata:Q7302063	2003-01-01
32488	2003-08-27	wikidata:Q936008	2003-01-01
32490	2003-03-17	wikidata:Q2270100	2003-01-01
32491	2003-05-20	wikidata:Q454621	2003-01-01
32492	2003-09-15	wikidata:Q3434070	2003-01-01
32494	2003-09-30	wikidata:Q3395997	2003-01-01
32497	2003-08-15	wikidata:Q3308900	2003-01-01
32499	2003-05-14	wikidata:Q7362422	2003-01-01
32500	2003-06-01	wikidata:Q7376112	2003-01-01
32501	2003-09-16	wikidata:Q7378148	2003-01-01
32504	2003-10-20	wikidata:Q3460038	2003-01-01
32505	2003-04-01	wikidata:Q3066839	2003-01-01
32506	2003-03-25	wikidata:Q7413099	2003-01-01
32508	2003-09-09	wikidata:Q1752541	2003-01-01
32512	2003-10-22	wikidata:Q7439830	2003-01-01
32513	2003-01-23	wikidata:Q2699797	2003-01-01
32515	2003-11-18	wikidata:Q820855	2003-01-01
32525	2003-07-24	wikidata:Q3482233	2003-01-01
32527	2003-07-03	regional:jp	2003-01-01
32528	2003-11-07	wikidata:Q2632743	2003-01-01
32530	2003-01-14	wikidata:Q719670	2003-01-01
32537	2003-11-14	raw	2003-01-01
32538	2003-12-30	raw	2003-01-01
32539	2003-12-30	regional:jp	2003-01-01
32540	2003-06-01	raw	2003-01-01
32542	2003-10-02	wikidata:Q7572338	2003-01-01
32544	2003-12-16	wikidata:Q582419	2003-01-01
32546	2003-10-31	wikidata:Q3288573	2003-01-01
32552	2003-06-20	wikidata:Q1115005	2003-01-01
32554	2003-06-26	wikidata:Q55272	2003-01-01
32555	2003-09-17	wikidata:Q55295	2003-01-01
32556	2003-11-21	wikidata:Q55253	2003-01-01
32557	2003-06-20	wikidata:Q7602434	2003-01-01
32558	2003-06-20	wikidata:Q7602434	2003-01-01
32559	2003-03-25	wikidata:Q2053920	2003-01-01
32565	2003-07-11	raw	2003-01-01
32566	2003-03-28	raw	2003-01-01
32567	2003-08-08	wikidata:Q1056097	2003-01-01
32568	2003-05-29	wikidata:Q7643031	2003-01-01
32569	2003-03-26	wikidata:Q3504715	2003-01-01
32571	2003-08-29	raw	2003-01-01
32572	2003-04-13	wikidata:Q39060563	2003-01-01
32577	2003-03-07	wikidata:Q3980414	2003-01-01
32579	2003-01-30	wikidata:Q3516382	2003-01-01
32580	2003-10-21	wikidata:Q2078911	2003-01-01
32581	2003-10-21	wikidata:Q2196889	2003-01-01
32584	2003-11-28	wikidata:Q2443996	2003-01-01
32585	2003-05-01	wikidata:Q7712532	2003-01-01
32586	2003-09-16	wikidata:Q3519713	2003-01-01
32587	2003-06-03	wikidata:Q1393129	2003-01-01
32588	2003-11-18	wikidata:Q7733108	2003-01-01
32589	2003-11-18	wikidata:Q7733108	2003-01-01
32590	2003-07-23	wikidata:Q7737737	2003-01-01
32591	2003-11-11	wikidata:Q2494353	2003-01-01
32594	2003-06-20	raw	2003-01-01
32599	2003-03-19	wikidata:Q7754984	2003-01-01
32600	2003-09-16	wikidata:Q836690	2003-01-01
32601	2003-06-27	wikidata:Q126484775	2003-01-01
32603	2003-09-16	wikidata:Q154090	2003-01-01
32604	2003-07-14	wikidata:Q7801510	2003-01-01
32606	2003-03-21	regional:eu	2003-01-01
32608	2003-03-14	wikidata:Q102181842	2003-01-01
32609	2003-06-20	wikidata:Q621616	2003-01-01
32610	2003-10-27	wikidata:Q2334495	2003-01-01
32611	2003-07-18	regional:eu	2003-01-01
32614	2003-10-28	wikidata:Q1861162	2003-01-01
32615	2003-03-23	wikidata:Q813266	2003-01-01
32617	2003-08-26	wikidata:Q2713382	2003-01-01
32618	2003-04-08	wikidata:Q2271529	2003-01-01
32619	2003-11-03	wikidata:Q2456262	2003-01-01
32621	2003-09-16	wikidata:Q547991	2003-01-01
32623	2003-03-18	wikidata:Q16258814	2003-01-01
32624	2003-02-03	wikidata:Q250019	2003-01-01
32625	2003-11-11	wikidata:Q667073	2003-01-01
32628	2003-03-26	wikidata:Q1155391	2003-01-01
32631	2003-06-03	wikidata:Q2683161	2003-01-01
32632	2003-10-03	wikidata:Q2542525	2003-01-01
32635	2003-07-01	wikidata:Q741244	2003-01-01
32636	2003-10-01	wikidata:Q1061953	2003-01-01
32637	2003-03-21	raw	2003-01-01
32638	2003-10-21	wikidata:Q4052962	2003-01-01
32639	2003-03-21	wikidata:Q3566424	2003-01-01
32641	2003-06-09	wikidata:Q2475330	2003-01-01
32643	2003-05-29	wikidata:Q873037	2003-01-01
32645	2003-12-09	wikidata:Q8035485	2003-01-01
32646	2003-05-02	wikidata:Q4020961	2003-01-01
32647	2003-10-31	wikidata:Q949730	2003-01-01
32648	2003-12-03	wikidata:Q2270204	2003-01-01
32649	2003-04-14	wikidata:Q133992	2003-01-01
32651	2003-11-18	wikidata:Q1154327	2003-01-01
32652	2003-05-23	wikidata:Q253530	2003-01-01
32653	2003-12-09	wikidata:Q4023155	2003-01-01
32655	2003-04-15	wikidata:Q1320023	2003-01-01
32659	2003-12-12	wikidata:Q605842	2003-01-01
33005	2006-02-11	raw	2006-01-01
33007	2003-05-30	regional:na	2003-01-01
33090	2003-07-02	regional:na	2003-01-01
33103	2003-07-09	regional:na	2003-01-01
33141	2003-07-25	regional:na	2003-01-01
33408	2003-10-21	regional:na	2003-01-01
33413	2003-10-21	regional:na	2003-01-01
33799	2003-12-25	regional:na	2003-01-01
33806	2004-02-28	wikidata:Q2819910	2004-01-01
33807	2004-09-24	wikidata:Q59243855	2004-01-01
33808	2004-09-14	wikidata:Q4686065	2004-01-01
33811	2004-11-23	wikidata:Q2068074	2004-01-01
33812	2004-02-04	wikidata:Q729162	2004-01-01
33817	2004-11-30	wikidata:Q686963	2004-01-01
33818	2004-07-23	wikidata:Q2862838	2004-01-01
33820	2004-11-17	raw	2004-01-01
33821	2004-03-19	wikidata:Q747882	2004-01-01
33822	2004-03-19	wikidata:Q747882	2004-01-01
33823	2004-12-31	wikidata:Q4811486	2004-01-01
33824	2004-04-06	wikidata:Q4811476	2004-01-01
33826	2004-07-02	wikidata:Q2869286	2004-01-01
33828	2004-11-02	wikidata:Q4830592	2004-01-01
33831	2004-09-14	wikidata:Q4412475	2004-01-01
33832	2004-01-13	wikidata:Q116179311	2004-01-01
33833	2004-04-02	wikidata:Q805148	2004-01-01
33836	2004-03-14	wikidata:Q791444	2004-01-01
33841	2004-10-12	wikidata:Q861203	2004-01-01
33844	2004-07-22	raw	2004-01-01
33847	2004-11-15	wikidata:Q4035393	2004-01-01
33848	2004-03-19	wikidata:Q904940	2004-01-01
33849	2004-03-23	wikidata:Q2204162	2004-01-01
33850	2004-04-24	wikidata:Q1987465	2004-01-01
33852	2004-09-06	wikidata:Q5015318	2004-01-01
33853	2004-09-06	wikidata:Q5015318	2004-01-01
33854	2004-08-31	wikidata:Q4035710	2004-01-01
33855	2004-09-14	wikidata:Q846863	2004-01-01
33857	2004-08-05	wikidata:Q5047405	2004-01-01
33859	2004-02-02	wikidata:Q5051023	2004-01-01
33860	2004-07-20	wikidata:Q5054224	2004-01-01
33861	2004-07-20	wikidata:Q5054224	2004-01-01
33862	2004-12-20	wikidata:Q1051853	2004-01-01
33863	2004-08-08	wikidata:Q1446722	2004-01-01
33865	2004-09-01	wikidata:Q861222	2004-01-01
33866	2004-12-25	wikidata:Q2668608	2004-01-01
33868	2004-04-27	wikidata:Q714034	2004-01-01
33869	2004-02-14	raw	2004-01-01
33870	2004-08-10	raw	2004-01-01
33871	2004-02-14	raw	2004-01-01
33872	2004-05-21	raw	2004-01-01
33873	2004-02-14	raw	2004-01-01
33874	2004-02-14	raw	2004-01-01
33875	2004-08-10	raw	2004-01-01
33876	2004-02-14	raw	2004-01-01
33877	2004-02-14	raw	2004-01-01
33878	2004-02-14	raw	2004-01-01
33879	2004-02-14	raw	2004-01-01
33880	2004-08-10	raw	2004-01-01
33882	2004-07-02	wikidata:Q5139904	2004-01-01
33883	2004-11-02	wikidata:Q28127241	2004-01-01
33884	2004-09-30	wikidata:Q1105711	2004-01-01
33886	2004-04-08	wikidata:Q5158104	2004-01-01
33887	2004-09-03	wikidata:Q2555199	2004-01-01
33888	2004-12-02	raw	2004-01-01
33889	2004-03-31	wikidata:Q4113579	2004-01-01
33890	2004-03-23	wikidata:Q847820	2004-01-01
33891	2004-11-01	wikidata:Q473673	2004-01-01
33892	2004-06-03	raw	2004-01-01
33896	2004-08-27	wikidata:Q1070633	2004-01-01
33898	2004-05-06	wikidata:Q532474	2004-01-01
33900	2004-12-02	raw	2004-01-01
33902	2004-08-31	wikidata:Q4037029	2004-01-01
33904	2004-03-02	wikidata:Q5245278	2004-01-01
33905	2004-11-26	wikidata:Q5245521	2004-01-01
33906	2004-01-20	wikidata:Q1995800	2004-01-01
33908	2004-08-05	raw	2004-01-01
33909	2004-03-31	wikidata:Q510794	2004-01-01
33911	2004-04-01	wikidata:Q2712511	2004-01-01
33919	2004-06-25	raw	2004-01-01
33920	2004-08-03	wikidata:Q203310	2004-01-01
33926	2004-11-18	wikidata:Q3010914	2004-01-01
33927	2004-06-24	raw	2004-01-01
33933	2004-06-01	wikidata:Q108607460	2004-01-01
33937	2004-11-04	wikidata:Q1381947	2004-01-01
33938	2004-09-28	wikidata:Q976856	2004-01-01
33939	2004-10-21	raw	2004-01-01
33940	2004-10-08	wikidata:Q1988471	2004-01-01
33941	2004-10-08	wikidata:Q1988471	2004-01-01
33943	2004-05-21	raw	2004-01-01
33944	2004-05-21	raw	2004-01-01
33945	2004-12-16	raw	2004-01-01
33946	2004-05-21	raw	2004-01-01
33947	2004-08-10	raw	2004-01-01
33948	2004-08-10	raw	2004-01-01
33949	2004-08-10	raw	2004-01-01
33950	2004-05-21	raw	2004-01-01
33951	2004-08-10	raw	2004-01-01
33952	2004-03-18	raw	2004-01-01
33953	2004-05-21	raw	2004-01-01
33954	2004-02-14	raw	2004-01-01
33955	2004-05-21	raw	2004-01-01
33956	2004-08-10	raw	2004-01-01
33957	2004-08-10	raw	2004-01-01
33958	2004-02-14	raw	2004-01-01
33959	2004-08-10	raw	2004-01-01
33960	2004-05-21	raw	2004-01-01
33961	2004-05-21	raw	2004-01-01
33962	2004-05-21	raw	2004-01-01
33963	2004-03-23	wikidata:Q337865	2004-01-01
33964	2004-11-17	wikidata:Q5439325	2004-01-01
33965	2004-02-11	wikidata:Q585951	2004-01-01
33966	2004-11-21	raw	2004-01-01
33968	2004-07-29	raw	2004-01-01
33970	2004-10-07	raw	2004-01-01
33971	2004-05-03	wikidata:Q5454589	2004-01-01
33972	2004-11-05	wikidata:Q1148043	2004-01-01
33973	2004-10-29	wikidata:Q4895987	2004-01-01
33974	2004-11-16	wikidata:Q2566832	2004-01-01
33976	2004-06-01	wikidata:Q3274092	2004-01-01
33978	2004-05-10	wikidata:Q5510786	2004-01-01
33985	2004-05-10	wikidata:Q2666964	2004-01-01
33986	2004-12-25	wikidata:Q1531218	2004-01-01
33988	2004-10-26	wikidata:Q648099	2004-01-01
33989	2004-10-26	wikidata:Q83265	2004-01-01
33990	2004-06-18	wikidata:Q3117295	2004-01-01
33991	2004-12-25	wikidata:Q840547	2004-01-01
33992	2004-01-23	raw	2004-01-01
34000	2004-07-23	wikidata:Q1054697	2004-01-01
34002	2004-04-20	wikidata:Q600707	2004-01-01
34003	2004-11-09	wikidata:Q5910613	2004-01-01
34004	2004-11-09	wikidata:Q5910613	2004-01-01
34005	2004-12-30	wikidata:Q1050071	2004-01-01
34007	2004-08-15	wikidata:Q1042155	2004-01-01
34010	2004-08-01	wikidata:Q1340777	2004-01-01
34011	2004-09-01	wikidata:Q1187558	2004-01-01
34013	2004-11-22	wikidata:Q1439409	2004-01-01
34016	2004-11-17	wikidata:Q842121	2004-01-01
34017	2004-10-29	wikidata:Q1100752	2004-01-01
34018	2004-06-23	wikidata:Q10540569	2004-01-01
34019	2004-06-15	wikidata:Q1692113	2004-01-01
34022	2004-12-02	raw	2004-01-01
34027	2004-11-11	raw	2004-01-01
34028	2004-04-15	raw	2004-01-01
34030	2004-08-17	wikidata:Q495044	2004-01-01
34032	2004-03-19	wikidata:Q1535956	2004-01-01
34037	2004-10-04	wikidata:Q6518566	2004-01-01
34038	2004-10-05	wikidata:Q1114671	2004-01-01
34039	2004-08-01	wikidata:Q6521385	2004-01-01
34040	2004-11-10	wikidata:Q2670021	2004-01-01
34047	2004-09-12	wikidata:Q106620779	2004-01-01
34048	2004-12-06	wikidata:Q440060	2004-01-01
34049	2004-03-17	wikidata:Q304003	2004-01-01
34050	2004-12-12	wikidata:Q1069373	2004-01-01
34052	2004-08-09	wikidata:Q3275505	2004-01-01
34053	2004-08-09	wikidata:Q3275505	2004-01-01
34054	2004-11-17	raw	2004-01-01
34055	2004-04-12	wikidata:Q6729340	2004-01-01
34056	2004-12-02	raw	2004-01-01
34059	2004-04-22	raw	2004-01-01
34060	2004-08-26	raw	2004-01-01
34061	2004-05-24	raw	2004-01-01
34063	2004-11-04	wikidata:Q932349	2004-01-01
34064	2004-09-06	wikidata:Q2008717	2004-01-01
34065	2004-12-09	raw	2004-01-01
34066	2004-04-23	raw	2004-01-01
34067	2004-10-19	wikidata:Q1259937	2004-01-01
34069	2004-11-12	raw	2004-01-01
34070	2004-02-09	raw	2004-01-01
34073	2004-07-13	wikidata:Q6886554	2004-01-01
34074	2004-08-10	wikidata:Q3317627	2004-01-01
34081	2004-11-30	raw	2004-01-01
34082	2004-11-03	raw	2004-01-01
34083	2004-09-28	wikidata:Q2477674	2004-01-01
34084	2004-09-28	wikidata:Q652938	2004-01-01
34085	2004-09-14	wikidata:Q3334418	2004-01-01
34086	2004-07-02	wikidata:Q1627471	2004-01-01
34089	2004-11-09	wikidata:Q726190	2004-01-01
34090	2004-11-09	wikidata:Q726190	2004-01-01
34091	2004-09-29	wikidata:Q13692697	2004-01-01
34093	2004-11-05	wikidata:Q2996091	2004-01-01
34095	2004-10-01	wikidata:Q1563780	2004-01-01
34098	2004-02-26	wikidata:Q3101937	2004-01-01
34101	2004-09-18	wikidata:Q7112849	2004-01-01
34102	2004-11-17	raw	2004-01-01
34104	2004-04-12	wikidata:Q939447	2004-01-01
34106	2004-12-23	wikidata:Q5367613	2004-01-01
34107	2004-05-21	wikidata:Q1855503	2004-01-01
34109	2004-12-08	raw	2004-01-01
34111	2004-02-18	wikidata:Q3905830	2004-01-01
34113	2004-07-15	wikidata:Q7199721	2004-01-01
34114	2004-12-02	raw	2004-01-01
34115	2004-09-16	raw	2004-01-01
34116	2004-01-29	raw	2004-01-01
34117	2004-01-29	raw	2004-01-01
34120	2004-12-02	raw	2004-01-01
34121	2004-03-15	wikidata:Q3908348	2004-01-01
34122	2004-11-12	wikidata:Q7228574	2004-01-01
34123	2004-09-13	wikidata:Q783376	2004-01-01
34124	2004-04-22	wikidata:Q7232534	2004-01-01
34129	2004-11-30	wikidata:Q743155	2004-01-01
34130	2004-08-05	wikidata:Q1778959	2004-01-01
34131	2004-06-14	wikidata:Q1814366	2004-01-01
34135	2004-02-04	wikidata:Q1058179	2004-01-01
34136	2004-12-24	raw	2004-01-01
34137	2004-07-24	raw	2004-01-01
34140	2004-11-19	wikidata:Q946149	2004-01-01
34141	2004-04-20	wikidata:Q5353598	2004-01-01
34143	2004-03-18	wikidata:Q866149	2004-01-01
34145	2004-07-09	wikidata:Q946557	2004-01-01
34146	2004-04-01	wikidata:Q7332315	2004-01-01
34147	2004-10-01	wikidata:Q7332312	2004-01-01
34148	2004-12-07	raw	2004-01-01
34151	2004-11-04	wikidata:Q7355075	2004-01-01
34152	2004-08-06	raw	2004-01-01
34153	2004-10-26	wikidata:Q901405	2004-01-01
34154	2004-07-02	wikidata:Q7362441	2004-01-01
34155	2004-09-22	wikidata:Q471803	2004-01-01
34158	2004-03-12	wikidata:Q7396363	2004-01-01
34159	2004-01-15	wikidata:Q693108	2004-01-01
34161	2004-11-04	wikidata:Q682090	2004-01-01
34162	2004-09-03	wikidata:Q962645	2004-01-01
34164	2004-04-12	wikidata:Q3957907	2004-01-01
34165	2004-06-15	wikidata:Q1944605	2004-01-01
34166	2004-11-09	wikidata:Q7487408	2004-01-01
34168	2004-09-03	wikidata:Q1899287	2004-01-01
34169	2004-08-27	wikidata:Q2094377	2004-01-01
34179	2004-11-22	wikidata:Q1272466	2004-01-01
34180	2004-06-17	regional:jp	2004-01-01
34183	2004-10-29	wikidata:Q7534891	2004-01-01
34185	2004-06-30	wikidata:Q2392119	2004-01-01
34186	2004-06-07	raw	2004-01-01
34187	2004-12-17	wikidata:Q1131234	2004-01-01
34188	2004-05-10	wikidata:Q7572308	2004-01-01
34189	2004-11-26	wikidata:Q4235010	2004-01-01
34190	2004-05-25	wikidata:Q3966049	2004-01-01
34191	2004-06-28	wikidata:Q2660542	2004-01-01
34192	2004-12-08	raw	2004-01-01
34195	2004-10-27	wikidata:Q55278	2004-01-01
34196	2004-12-06	wikidata:Q74669	2004-01-01
34197	2004-09-21	wikidata:Q54856	2004-01-01
34198	2004-09-21	wikidata:Q54859	2004-01-01
34200	2004-06-29	wikidata:Q13634032	2004-01-01
34203	2004-02-13	wikidata:Q7622852	2004-01-01
34204	2004-04-25	wikidata:Q136064789	2004-01-01
34205	2004-08-31	wikidata:Q7622906	2004-01-01
34209	2004-11-20	raw	2004-01-01
34211	2004-10-11	wikidata:Q1142343	2004-01-01
34214	2004-05-27	wikidata:Q364146	2004-01-01
34218	2004-10-19	wikidata:Q2052640	2004-01-01
34219	2004-10-19	wikidata:Q2052640	2004-01-01
34220	2004-04-26	wikidata:Q7699288	2004-01-01
34223	2004-12-13	raw	2004-01-01
34224	2004-11-01	wikidata:Q7707743	2004-01-01
34227	2004-10-26	wikidata:Q2572697	2004-01-01
34228	2004-06-01	wikidata:Q1071800	2004-01-01
34229	2004-09-01	wikidata:Q131717591	2004-01-01
34231	2004-08-30	wikidata:Q7738561	2004-01-01
34234	2004-11-04	raw	2004-01-01
34236	2004-10-01	wikidata:Q1430332	2004-01-01
34237	2004-11-02	wikidata:Q7757633	2004-01-01
34239	2004-08-10	wikidata:Q7757658	2004-01-01
34240	2004-04-12	wikidata:Q2635546	2004-01-01
34241	2004-11-25	wikidata:Q2247335	2004-01-01
34242	2004-09-16	wikidata:Q182771	2004-01-01
34244	2004-03-09	wikidata:Q579105	2004-01-01
34245	2004-11-17	raw	2004-01-01
34247	2004-05-25	wikidata:Q795360	2004-01-01
34249	2004-08-10	wikidata:Q115616575	2004-01-01
34250	2004-09-20	wikidata:Q7801512	2004-01-01
34251	2004-12-14	raw	2004-01-01
34254	2004-03-23	wikidata:Q1053110	2004-01-01
34255	2004-03-23	wikidata:Q1053110	2004-01-01
34256	2004-10-04	wikidata:Q2378963	2004-01-01
34257	2004-10-04	wikidata:Q2378963	2004-01-01
34259	2004-10-05	wikidata:Q3998609	2004-01-01
34260	2004-03-24	wikidata:Q7844655	2004-01-01
34271	2004-05-07	wikidata:Q2573154	2004-01-01
34276	2004-02-05	wikidata:Q7893916	2004-01-01
34277	2004-03-16	wikidata:Q913536	2004-01-01
34278	2004-11-16	wikidata:Q1755927	2004-01-01
34279	2004-04-27	wikidata:Q7913391	2004-01-01
34280	2004-10-28	wikidata:Q11573518	2004-01-01
34281	2004-10-12	wikidata:Q4017481	2004-01-01
34282	2004-03-15	wikidata:Q7959063	2004-01-01
34288	2004-09-20	wikidata:Q1061708	2004-01-01
34289	2004-12-02	raw	2004-01-01
34290	2004-10-14	raw	2004-01-01
34293	2004-09-14	wikidata:Q7999804	2004-01-01
34294	2004-11-08	wikidata:Q4020397	2004-01-01
34296	2004-08-30	wikidata:Q427472	2004-01-01
34297	2004-11-03	wikidata:Q8035484	2004-01-01
34298	2004-04-08	wikidata:Q3569952	2004-01-01
34301	2004-11-23	wikidata:Q131007	2004-01-01
34302	2004-11-19	wikidata:Q2463280	2004-01-01
34304	2004-09-24	wikidata:Q8044966	2004-01-01
34305	2004-12-09	raw	2004-01-01
34306	2004-10-08	wikidata:Q8059011	2004-01-01
34316	2004-08-01	wikidata:Q3476661	2004-01-01
34317	2004-12-02	raw	2004-01-01
34318	2004-11-09	wikidata:Q220107	2004-01-01
34319	2004-12-01	wikidata:Q8074073	2004-01-01
34625	2004-05-19	regional:na	2004-01-01
34725	2004-06-30	regional:na	2004-01-01
34726	2004-11-21	raw	2004-01-01
34975	2004-10-01	regional:na	2004-01-01
35122	2004-11-05	regional:na	2004-01-01
35206	2004-11-19	regional:na	2004-01-01
35308	2005-10-18	raw	2005-01-01
35309	2005-05-27	wikidata:Q1709153	2005-01-01
35311	2005-11-14	raw	2005-01-01
35312	2005-02-22	wikidata:Q4672963	2005-01-01
35313	2005-03-15	wikidata:Q343120	2005-01-01
35314	2005-08-22	raw	2005-01-01
35315	2005-05-31	wikidata:Q379807	2005-01-01
35316	2005-09-30	wikidata:Q2533543	2005-01-01
35317	2005-10-18	wikidata:Q34869	2005-01-01
35320	2005-11-23	raw	2005-01-01
35322	2005-08-04	raw	2005-01-01
35323	2005-07-30	wikidata:Q4765050	2005-01-01
35324	2005-11-04	wikidata:Q557298	2005-01-01
35325	2005-07-14	wikidata:Q2085042	2005-01-01
35326	2005-11-24	raw	2005-01-01
35327	2005-12-22	raw	2005-01-01
35328	2005-03-01	wikidata:Q241377	2005-01-01
35329	2005-04-25	wikidata:Q2212243	2005-01-01
35330	2005-10-16	wikidata:Q2623474	2005-01-01
35332	2005-08-25	wikidata:Q2426378	2005-01-01
35335	2005-10-04	wikidata:Q135258616	2005-01-01
35336	2005-01-12	raw	2005-01-01
35339	2005-08-26	wikidata:Q4870558	2005-01-01
35340	2005-06-24	regional:eu	2005-01-01
35341	2005-12-06	raw	2005-01-01
35342	2005-09-26	wikidata:Q2900017	2005-01-01
35344	2005-06-30	raw	2005-01-01
35346	2005-10-19	raw	2005-01-01
35347	2005-06-24	wikidata:Q4906061	2005-01-01
35348	2005-06-30	raw	2005-01-01
35349	2005-03-24	wikidata:Q4915188	2005-01-01
35350	2005-10-07	wikidata:Q2290882	2005-01-01
35353	2005-11-10	wikidata:Q4926848	2005-01-01
35354	2005-10-02	wikidata:Q2365408	2005-01-01
35357	2005-05-20	wikidata:Q891028	2005-01-01
35358	2005-05-19	raw	2005-01-01
35359	2005-09-15	wikidata:Q892286	2005-01-01
35360	2005-11-28	wikidata:Q4942258	2005-01-01
35362	2005-12-22	raw	2005-01-01
35363	2005-12-29	raw	2005-01-01
35364	2005-05-19	raw	2005-01-01
35365	2005-11-23	raw	2005-01-01
35366	2005-11-23	raw	2005-01-01
35367	2005-10-04	wikidata:Q4958181	2005-01-01
35368	2005-10-04	wikidata:Q4958181	2005-01-01
35369	2005-10-27	raw	2005-01-01
35370	2005-07-01	wikidata:Q4964440	2005-01-01
35372	2005-10-26	wikidata:Q865237	2005-01-01
35373	2005-03-01	wikidata:Q796916	2005-01-01
35374	2005-11-24	raw	2005-01-01
35375	2005-12-09	raw	2005-01-01
35376	2005-12-06	raw	2005-01-01
35378	2005-09-27	wikidata:Q5015319	2005-01-01
35379	2005-11-16	wikidata:Q5015333	2005-01-01
35380	2005-09-13	wikidata:Q5015339	2005-01-01
35381	2005-10-24	wikidata:Q945340	2005-01-01
35382	2005-10-25	wikidata:Q210298	2005-01-01
35385	2005-08-25	raw	2005-01-01
35386	2005-09-15	wikidata:Q5051940	2005-01-01
35388	2005-03-18	wikidata:Q5070134	2005-01-01
35389	2005-07-11	wikidata:Q5085755	2005-01-01
35390	2005-07-15	raw	2005-01-01
35391	2005-10-18	wikidata:Q11680710	2005-01-01
35393	2005-05-12	wikidata:Q5118429	2005-01-01
35395	2005-10-25	wikidata:Q2377	2005-01-01
35396	2005-12-27	wikidata:Q1102290	2005-01-01
35397	2005-04-06	wikidata:Q255948	2005-01-01
35398	2005-10-24	wikidata:Q113100	2005-01-01
35399	2005-03-02	wikidata:Q679254	2005-01-01
35400	2005-03-02	wikidata:Q679254	2005-01-01
35401	2005-03-02	wikidata:Q679254	2005-01-01
35402	2005-04-30	wikidata:Q5140934	2005-01-01
35404	2005-09-27	wikidata:Q3500987	2005-01-01
35405	2005-11-16	wikidata:Q660148	2005-01-01
35406	2005-09-30	wikidata:Q2303948	2005-01-01
35408	2005-02-15	wikidata:Q1702746	2005-01-01
35409	2005-04-15	wikidata:Q28362	2005-01-01
35410	2005-12-09	wikidata:Q18349201	2005-01-01
35411	2005-10-01	wikidata:Q1139254	2005-01-01
35412	2005-11-11	wikidata:Q3697154	2005-01-01
35413	2005-12-15	raw	2005-01-01
35415	2005-06-24	wikidata:Q1619053	2005-01-01
35417	2005-10-13	wikidata:Q5196742	2005-01-01
35418	2005-02-04	raw	2005-01-01
35419	2005-09-26	raw	2005-01-01
35420	2005-02-25	wikidata:Q5216145	2005-01-01
35422	2005-11-03	raw	2005-01-01
35423	2005-03-04	wikidata:Q210552	2005-01-01
35424	2005-12-16	wikidata:Q3019259	2005-01-01
35425	2005-09-26	wikidata:Q1045397	2005-01-01
35426	2005-04-12	wikidata:Q5245523	2005-01-01
35427	2005-04-22	wikidata:Q2445000	2005-01-01
35428	2005-04-17	wikidata:Q3022172	2005-01-01
35429	2005-02-17	wikidata:Q839794	2005-01-01
35430	2005-04-28	raw	2005-01-01
35431	2005-09-08	raw	2005-01-01
35432	2005-09-22	raw	2005-01-01
35437	2005-11-09	raw	2005-01-01
35439	2005-11-01	raw	2005-01-01
35440	2005-09-01	wikidata:Q1139866	2005-01-01
35442	2005-03-03	wikidata:Q5290320	2005-01-01
35444	2005-11-04	raw	2005-01-01
35445	2005-04-03	wikidata:Q572500	2005-01-01
35446	2005-09-13	raw	2005-01-01
35448	2005-08-09	wikidata:Q3038705	2005-01-01
35449	2005-11-20	raw	2005-01-01
35450	2005-12-28	raw	2005-01-01
35451	2005-12-01	raw	2005-01-01
35452	2005-05-23	raw	2005-01-01
35453	2005-10-25	raw	2005-01-01
35454	2005-09-22	raw	2005-01-01
35456	2005-05-05	wikidata:Q4037678	2005-01-01
35457	2005-08-16	wikidata:Q3142351	2005-01-01
35458	2005-09-21	wikidata:Q1385434	2005-01-01
35460	2005-09-10	wikidata:Q465155	2005-01-01
35462	2005-07-05	wikidata:Q5332647	2005-01-01
35463	2005-09-30	wikidata:Q925748	2005-01-01
35464	2005-09-30	wikidata:Q925748	2005-01-01
35465	2005-03-24	raw	2005-01-01
35466	2005-11-28	wikidata:Q59616789	2005-01-01
35467	2005-12-01	raw	2005-01-01
35469	2005-04-26	wikidata:Q304258	2005-01-01
35471	2005-09-13	wikidata:Q2465071	2005-01-01
35473	2005-10-18	wikidata:Q817163	2005-01-01
35474	2005-09-30	wikidata:Q1750568	2005-01-01
35475	2005-09-30	wikidata:Q1750568	2005-01-01
35476	2005-09-30	raw	2005-01-01
35477	2005-09-16	wikidata:Q1327449	2005-01-01
35480	2005-05-19	wikidata:Q134458958	2005-01-01
35481	2005-06-27	wikidata:Q2360769	2005-01-01
35483	2005-05-18	wikidata:Q226865	2005-01-01
35484	2005-12-12	raw	2005-01-01
35487	2005-10-21	wikidata:Q2726918	2005-01-01
35488	2005-12-07	raw	2005-01-01
35489	2005-08-25	raw	2005-01-01
35491	2005-03-08	wikidata:Q2440	2005-01-01
35493	2005-09-27	raw	2005-01-01
35494	2005-07-21	raw	2005-01-01
35496	2005-12-01	raw	2005-01-01
35497	2005-10-15	wikidata:Q835522	2005-01-01
35498	2005-03-11	wikidata:Q1423320	2005-01-01
35499	2005-06-23	raw	2005-01-01
35504	2005-03-28	wikidata:Q5531607	2005-01-01
35505	2005-12-15	raw	2005-01-01
35506	2005-06-13	raw	2005-01-01
35509	2005-11-05	wikidata:Q1487484	2005-01-01
35511	2005-04-28	raw	2005-01-01
35512	2005-12-29	raw	2005-01-01
35513	2005-11-08	wikidata:Q849901	2005-01-01
35514	2005-11-08	raw	2005-01-01
35516	2005-03-17	raw	2005-01-01
35517	2005-12-08	raw	2005-01-01
35518	2005-01-04	wikidata:Q1061361	2005-01-01
35519	2005-07-18	wikidata:Q5693214	2005-01-01
35520	2005-02-24	wikidata:Q3282832	2005-01-01
35524	2005-09-28	wikidata:Q742834	2005-01-01
35525	2005-11-22	wikidata:Q5750391	2005-01-01
35532	2005-02-28	wikidata:Q5985324	2005-01-01
35536	2005-12-08	raw	2005-01-01
35537	2005-06-24	wikidata:Q6202283	2005-01-01
35538	2005-06-04	raw	2005-01-01
35539	2005-06-13	wikidata:Q1711572	2005-01-01
35540	2005-08-08	raw	2005-01-01
35541	2005-12-02	wikidata:Q85773528	2005-01-01
35543	2005-04-21	wikidata:Q6395129	2005-01-01
35545	2005-12-29	raw	2005-01-01
35548	2005-11-17	wikidata:Q2557419	2005-01-01
35549	2005-03-24	raw	2005-01-01
35551	2005-01-26	wikidata:Q4042268	2005-01-01
35554	2005-08-11	raw	2005-01-01
35559	2005-11-24	raw	2005-01-01
35560	2005-12-08	raw	2005-01-01
35561	2005-06-23	raw	2005-01-01
35565	2005-09-22	wikidata:Q847873	2005-01-01
35566	2005-10-10	wikidata:Q6456234	2005-01-01
35567	2005-05-27	wikidata:Q3206240	2005-01-01
35568	2005-12-01	raw	2005-01-01
35569	2005-10-18	wikidata:Q550852	2005-01-01
35572	2005-03-29	wikidata:Q55216	2005-01-01
35576	2005-10-21	raw	2005-01-01
35578	2005-10-13	raw	2005-01-01
35580	2005-08-25	raw	2005-01-01
35581	2005-12-01	raw	2005-01-01
35582	2005-01-28	wikidata:Q6699736	2005-01-01
35583	2005-06-22	wikidata:Q6702750	2005-01-01
35584	2005-08-25	raw	2005-01-01
35585	2005-05-30	wikidata:Q270477	2005-01-01
35586	2005-05-24	wikidata:Q740515	2005-01-01
35587	2005-05-24	wikidata:Q740515	2005-01-01
35589	2005-08-08	wikidata:Q1158680	2005-01-01
35590	2005-08-08	wikidata:Q1158680	2005-01-01
35591	2005-08-08	raw	2005-01-01
35593	2005-11-10	raw	2005-01-01
35595	2005-11-28	raw	2005-01-01
35596	2005-11-14	raw	2005-01-01
35597	2005-01-13	raw	2005-01-01
35598	2005-09-13	raw	2005-01-01
35599	2005-10-11	raw	2005-01-01
35601	2005-11-24	wikidata:Q3304017	2005-01-01
35602	2005-07-21	raw	2005-01-01
35603	2005-02-24	raw	2005-01-01
35604	2005-11-23	raw	2005-01-01
35605	2005-11-23	raw	2005-01-01
35607	2005-04-21	raw	2005-01-01
35609	2005-03-10	raw	2005-01-01
35610	2005-10-24	raw	2005-01-01
35614	2005-07-20	wikidata:Q10330327	2005-01-01
35615	2005-12-01	wikidata:Q1783084	2005-01-01
35616	2005-04-28	raw	2005-01-01
35618	2005-11-03	wikidata:Q123149297	2005-01-01
35620	2005-12-13	raw	2005-01-01
35621	2005-12-11	raw	2005-01-01
35625	2005-09-20	wikidata:Q1906639	2005-01-01
35626	2005-05-16	wikidata:Q1890066	2005-01-01
35627	2005-02-15	wikidata:Q4044815	2005-01-01
35628	2005-09-26	wikidata:Q593822	2005-01-01
35629	2005-09-06	wikidata:Q3088202	2005-01-01
35630	2005-05-27	wikidata:Q6954049	2005-01-01
35632	2005-07-19	raw	2005-01-01
35635	2005-07-14	raw	2005-01-01
35636	2005-04-21	raw	2005-01-01
35637	2005-11-11	wikidata:Q220365	2005-01-01
35638	2005-11-11	wikidata:Q220365	2005-01-01
35639	2005-11-11	raw	2005-01-01
35641	2005-05-10	raw	2005-01-01
35642	2005-08-19	wikidata:Q7002118	2005-01-01
35643	2005-09-29	raw	2005-01-01
35644	2005-08-31	wikidata:Q1785645	2005-01-01
35646	2005-08-18	wikidata:Q4327769	2005-01-01
35647	2005-07-13	wikidata:Q7038967	2005-01-01
35648	2005-10-24	raw	2005-01-01
35649	2005-04-21	raw	2005-01-01
35650	2005-04-21	raw	2005-01-01
35651	2005-04-21	raw	2005-01-01
35654	2005-04-12	wikidata:Q7074403	2005-01-01
35657	2005-12-08	raw	2005-01-01
35659	2005-12-22	raw	2005-01-01
35660	2005-08-19	wikidata:Q1469533	2005-01-01
35661	2005-08-25	wikidata:Q7096713	2005-01-01
35663	2005-07-28	raw	2005-01-01
35665	2005-08-19	raw	2005-01-01
35666	2005-11-15	wikidata:Q3046252	2005-01-01
35667	2005-12-07	raw	2005-01-01
35668	2005-03-10	raw	2005-01-01
35670	2005-11-23	raw	2005-01-01
35671	2005-06-09	wikidata:Q2429644	2005-01-01
35673	2005-11-21	raw	2005-01-01
35674	2005-08-14	wikidata:Q1050849	2005-01-01
35675	2005-09-15	raw	2005-01-01
35676	2005-02-02	wikidata:Q7199957	2005-01-01
35678	2005-11-17	raw	2005-01-01
35679	2005-11-17	raw	2005-01-01
35680	2005-10-20	raw	2005-01-01
35681	2005-10-13	raw	2005-01-01
35682	2005-04-24	wikidata:Q7229281	2005-01-01
35683	2005-08-04	raw	2005-01-01
35684	2005-12-01	raw	2005-01-01
35687	2005-12-01	wikidata:Q753892	2005-01-01
35688	2005-07-21	wikidata:Q7245765	2005-01-01
35689	2005-06-01	wikidata:Q21093823	2005-01-01
35690	2005-08-04	wikidata:Q1991104	2005-01-01
35691	2005-07-11	raw	2005-01-01
35692	2005-11-24	raw	2005-01-01
35693	2005-08-07	wikidata:Q2031866	2005-01-01
35694	2005-02-23	wikidata:Q217638	2005-01-01
35695	2005-06-13	wikidata:Q7252216	2005-01-01
35696	2005-04-19	wikidata:Q1277009	2005-01-01
35697	2005-12-24	raw	2005-01-01
35698	2005-08-25	raw	2005-01-01
35699	2005-10-18	wikidata:Q290534	2005-01-01
35700	2005-11-02	wikidata:Q7276711	2005-01-01
35703	2005-10-12	wikidata:Q7282779	2005-01-01
35704	2005-12-29	raw	2005-01-01
35705	2005-03-11	raw	2005-01-01
35706	2005-03-15	raw	2005-01-01
35707	2005-11-21	raw	2005-01-01
35708	2005-09-06	wikidata:Q3285493	2005-01-01
35711	2005-01-11	wikidata:Q275950	2005-01-01
35712	2005-03-11	raw	2005-01-01
35714	2005-08-21	wikidata:Q3433146	2005-01-01
35715	2005-02-24	wikidata:Q7353463	2005-01-01
35716	2005-02-24	wikidata:Q7353463	2005-01-01
35717	2005-02-24	raw	2005-01-01
35719	2005-09-27	wikidata:Q268505	2005-01-01
35720	2005-03-08	wikidata:Q7378149	2005-01-01
35721	2005-11-22	raw	2005-01-01
35722	2005-05-26	raw	2005-01-01
35724	2005-04-05	wikidata:Q1151933	2005-01-01
35729	2005-10-18	raw	2005-01-01
35732	2005-11-11	raw	2005-01-01
35733	2005-03-10	raw	2005-01-01
35735	2005-11-11	wikidata:Q2009998	2005-01-01
35736	2005-02-08	wikidata:Q7487406	2005-01-01
35737	2005-02-08	wikidata:Q7487407	2005-01-01
35738	2005-08-02	wikidata:Q7487409	2005-01-01
35739	2005-11-01	wikidata:Q7487800	2005-01-01
35740	2005-11-08	raw	2005-01-01
35741	2005-12-22	raw	2005-01-01
35742	2005-10-17	wikidata:Q301410	2005-01-01
35743	2005-07-28	wikidata:Q3271697	2005-01-01
35745	2005-12-30	wikidata:Q1050387	2005-01-01
35746	2005-10-25	wikidata:Q3959803	2005-01-01
35747	2005-10-25	wikidata:Q3959803	2005-01-01
35748	2005-08-16	wikidata:Q3483555	2005-01-01
35749	2005-03-15	wikidata:Q3483842	2005-01-01
35753	2005-11-11	raw	2005-01-01
35754	2005-09-30	wikidata:Q2708028	2005-01-01
35756	2005-11-16	raw	2005-01-01
35757	2005-11-15	raw	2005-01-01
35758	2005-12-01	raw	2005-01-01
35759	2005-03-24	raw	2005-01-01
35760	2005-10-19	wikidata:Q2907889	2005-01-01
35762	2005-11-07	raw	2005-01-01
35764	2005-10-18	raw	2005-01-01
35765	2005-04-05	wikidata:Q4439201	2005-01-01
35767	2005-10-31	wikidata:Q54865	2005-01-01
35768	2005-03-01	wikidata:Q862542	2005-01-01
35769	2005-10-27	wikidata:Q1432081	2005-01-01
35772	2005-04-18	wikidata:Q1414295	2005-01-01
35773	2005-10-18	wikidata:Q2634205	2005-01-01
35774	2005-07-14	regional:jp	2005-01-01
35776	2005-08-12	wikidata:Q7637922	2005-01-01
35778	2005-11-24	raw	2005-01-01
35779	2005-04-01	wikidata:Q1784535	2005-01-01
35780	2005-12-01	raw	2005-01-01
35781	2005-10-20	raw	2005-01-01
35782	2005-09-15	wikidata:Q1002768	2005-01-01
35783	2005-02-03	raw	2005-01-01
35784	2005-05-10	wikidata:Q1981923	2005-01-01
35785	2005-11-10	raw	2005-01-01
35786	2005-04-25	wikidata:Q16259368	2005-01-01
35787	2005-10-14	wikidata:Q1646889	2005-01-01
35788	2005-09-19	raw	2005-01-01
35790	2005-01-06	wikidata:Q2019488	2005-01-01
35791	2005-09-15	raw	2005-01-01
35793	2005-03-24	raw	2005-01-01
35794	2005-12-22	raw	2005-01-01
35795	2005-10-16	wikidata:Q7694328	2005-01-01
35796	2005-11-01	raw	2005-01-01
35797	2005-03-15	wikidata:Q2661766	2005-01-01
35798	2005-11-08	raw	2005-01-01
35799	2005-08-26	wikidata:Q106620229	2005-01-01
35801	2005-10-23	wikidata:Q7717451	2005-01-01
35804	2005-11-07	wikidata:Q7735722	2005-01-01
35805	2005-10-24	wikidata:Q2305410	2005-01-01
35807	2005-06-30	raw	2005-01-01
35808	2005-11-07	wikidata:Q1203242	2005-01-01
35809	2005-11-08	wikidata:Q1331617	2005-01-01
35810	2005-06-30	raw	2005-01-01
35811	2005-11-03	wikidata:Q7758623	2005-01-01
35812	2005-10-20	raw	2005-01-01
35813	2005-10-24	raw	2005-01-01
35815	2005-09-26	wikidata:Q2525527	2005-01-01
35816	2005-11-01	wikidata:Q7769057	2005-01-01
35817	2005-04-28	wikidata:Q7769738	2005-01-01
35818	2005-09-26	wikidata:Q7801503	2005-01-01
35820	2005-04-20	raw	2005-01-01
35821	2005-09-08	wikidata:Q1442157	2005-01-01
35822	2005-03-23	wikidata:Q533304	2005-01-01
35823	2005-06-28	raw	2005-01-01
35825	2005-11-16	raw	2005-01-01
35826	2005-10-18	wikidata:Q2005546	2005-01-01
35827	2005-09-16	wikidata:Q1515687	2005-01-01
35828	2005-11-15	wikidata:Q7828238	2005-01-01
35829	2005-12-01	raw	2005-01-01
35830	2005-09-08	raw	2005-01-01
35831	2005-10-22	wikidata:Q7830507	2005-01-01
35832	2005-02-24	raw	2005-01-01
35833	2005-09-20	wikidata:Q7835711	2005-01-01
35834	2005-06-16	raw	2005-01-01
35836	2005-11-15	wikidata:Q1476611	2005-01-01
35837	2005-11-10	raw	2005-01-01
35838	2005-10-27	raw	2005-01-01
35839	2005-05-18	wikidata:Q7852557	2005-01-01
35840	2005-10-11	wikidata:Q7859661	2005-01-01
35841	2005-10-21	wikidata:Q2028011	2005-01-01
35842	2005-12-22	wikidata:Q7880103	2005-01-01
35845	2005-09-19	wikidata:Q2583842	2005-01-01
35846	2005-09-19	wikidata:Q2583842	2005-01-01
35849	2005-10-20	raw	2005-01-01
35850	2005-03-29	wikidata:Q7906723	2005-01-01
35851	2005-10-24	wikidata:Q1142758	2005-01-01
35852	2005-11-02	raw	2005-01-01
35854	2005-08-18	wikidata:Q2071785	2005-01-01
35855	2005-10-07	wikidata:Q4016792	2005-01-01
35857	2005-08-02	wikidata:Q7968560	2005-01-01
35859	2005-09-23	wikidata:Q1154938	2005-01-01
35861	2005-09-21	raw	2005-01-01
35863	2005-10-01	wikidata:Q8001330	2005-01-01
35864	2005-11-16	wikidata:Q4020483	2005-01-01
35866	2005-02-08	wikidata:Q4355812	2005-01-01
35867	2005-12-29	raw	2005-01-01
35868	2005-04-17	raw	2005-01-01
35870	2005-08-31	wikidata:Q4020921	2005-01-01
35871	2005-07-29	wikidata:Q2336957	2005-01-01
35872	2005-09-20	wikidata:Q134208	2005-01-01
35873	2005-10-28	wikidata:Q666156	2005-01-01
35874	2005-03-31	raw	2005-01-01
35875	2005-05-10	wikidata:Q483554	2005-01-01
35876	2005-01-27	raw	2005-01-01
35878	2005-07-21	raw	2005-01-01
35879	2005-11-11	raw	2005-01-01
35880	2005-10-11	raw	2005-01-01
35882	2005-08-31	wikidata:Q310422	2005-01-01
36208	2005-05-06	regional:na	2005-01-01
36270	2005-06-15	regional:na	2005-01-01
36293	2006-11-27	raw	2006-01-01
36775	2005-04-05	raw	2005-01-01
36777	2005-07-09	regional:jp	2005-01-01
36964	2005-12-09	regional:na	2005-01-01
36965	2005-11-14	raw	2005-01-01
37022	2006-04-24	wikidata:Q1138744	2006-01-01
37023	2006-01-17	wikidata:Q1074108	2006-01-01
37025	2006-05-26	wikidata:Q484863	2006-01-01
37026	2006-03-24	wikidata:Q609537	2006-01-01
37027	2006-11-14	wikidata:Q2352386	2006-01-01
37028	2006-10-17	wikidata:Q853074	2006-01-01
37029	2006-02-14	raw	2006-01-01
37030	2006-09-12	wikidata:Q2011244	2006-01-01
37031	2006-11-17	wikidata:Q4697737	2006-01-01
37032	2006-04-01	wikidata:Q4697823	2006-01-01
37033	2006-03-03	raw	2006-01-01
37034	2006-12-07	raw	2006-01-01
37035	2006-09-05	wikidata:Q4703775	2006-01-01
37036	2006-07-07	wikidata:Q4717686	2006-01-01
37037	2006-07-07	raw	2006-01-01
37040	2006-04-06	raw	2006-01-01
37044	2006-10-26	wikidata:Q567252	2006-01-01
37045	2006-12-07	raw	2006-01-01
37046	2006-11-10	wikidata:Q590516	2006-01-01
37047	2006-04-22	wikidata:Q2267855	2006-01-01
37048	2006-11-14	raw	2006-01-01
37049	2006-12-13	wikidata:Q4808569	2006-01-01
37051	2006-11-17	raw	2006-01-01
37052	2006-06-29	raw	2006-01-01
37053	2006-08-01	wikidata:Q4816732	2006-01-01
37054	2006-08-03	raw	2006-01-01
37055	2006-04-11	wikidata:Q2379281	2006-01-01
37056	2006-10-10	wikidata:Q2601847	2006-01-01
37057	2006-10-10	raw	2006-01-01
37058	2006-10-10	raw	2006-01-01
37060	2006-12-15	wikidata:Q2878408	2006-01-01
37063	2006-09-26	wikidata:Q16259239	2006-01-01
37064	2006-09-06	wikidata:Q1976535	2006-01-01
37065	2006-12-01	wikidata:Q4854900	2006-01-01
37066	2006-08-01	wikidata:Q2736373	2006-01-01
37068	2006-04-16	wikidata:Q4863882	2006-01-01
37069	2006-10-20	regional:eu	2006-01-01
37070	2006-08-17	raw	2006-01-01
37071	2006-12-01	raw	2006-01-01
37073	2006-01-27	wikidata:Q4913544	2006-01-01
37074	2006-11-14	wikidata:Q1153260	2006-01-01
37075	2006-11-14	wikidata:Q1153260	2006-01-01
37076	2006-11-14	raw	2006-01-01
37078	2006-04-24	wikidata:Q3640671	2006-01-01
37079	2006-11-09	raw	2006-01-01
37080	2006-04-18	raw	2006-01-01
37081	2006-03-23	wikidata:Q2712639	2006-01-01
37082	2006-01-26	raw	2006-01-01
37083	2006-05-30	wikidata:Q4926860	2006-01-01
37084	2006-07-20	raw	2006-01-01
37085	2006-04-12	wikidata:Q2910011	2006-01-01
37086	2006-11-28	wikidata:Q4943319	2006-01-01
37087	2006-09-28	raw	2006-01-01
37088	2006-10-30	wikidata:Q4958194	2006-01-01
37089	2006-09-01	wikidata:Q16259321	2006-01-01
37090	2006-09-18	raw	2006-01-01
37091	2006-07-06	raw	2006-01-01
37092	2006-09-15	wikidata:Q2062573	2006-01-01
37094	2006-10-17	wikidata:Q822849	2006-01-01
37095	2006-03-01	wikidata:Q2391240	2006-01-01
37097	2006-12-05	wikidata:Q5015307	2006-01-01
37098	2006-09-09	wikidata:Q2450232	2006-01-01
37099	2006-09-26	wikidata:Q1261992	2006-01-01
37101	2006-09-05	wikidata:Q585271	2006-01-01
37104	2006-08-31	raw	2006-01-01
37105	2006-06-06	wikidata:Q613298	2006-01-01
37106	2006-06-06	raw	2006-01-01
37107	2006-06-06	wikidata:Q5046847	2006-01-01
37108	2006-12-04	raw	2006-01-01
37109	2006-02-01	regional:jp	2006-01-01
37110	2006-11-16	raw	2006-01-01
37111	2006-11-30	raw	2006-01-01
37112	2006-10-12	raw	2006-01-01
37113	2006-03-31	wikidata:Q5070125	2006-01-01
37114	2006-10-13	wikidata:Q5070130	2006-01-01
37115	2006-12-07	raw	2006-01-01
37116	2006-11-14	wikidata:Q3656176	2006-01-01
37117	2006-11-14	raw	2006-01-01
37120	2006-03-02	raw	2006-01-01
37121	2006-02-09	raw	2006-01-01
37122	2006-03-16	raw	2006-01-01
37123	2006-03-16	raw	2006-01-01
37124	2006-08-10	raw	2006-01-01
37125	2006-09-02	raw	2006-01-01
37126	2006-12-07	raw	2006-01-01
37127	2006-04-14	wikidata:Q1133782	2006-01-01
37128	2006-07-24	wikidata:Q2063462	2006-01-01
37129	2006-07-24	wikidata:Q956306	2006-01-01
37130	2006-09-29	raw	2006-01-01
37133	2006-09-11	wikidata:Q500851	2006-01-01
37134	2006-03-30	raw	2006-01-01
37135	2006-03-23	raw	2006-01-01
37136	2006-07-27	raw	2006-01-01
37137	2006-02-23	wikidata:Q1138986	2006-01-01
37139	2006-11-03	raw	2006-01-01
37140	2006-11-14	wikidata:Q5184948	2006-01-01
37141	2006-02-01	wikidata:Q5194777	2006-01-01
37143	2006-11-22	raw	2006-01-01
37144	2006-10-19	raw	2006-01-01
37145	2006-09-29	wikidata:Q978362	2006-01-01
37146	2006-12-07	raw	2006-01-01
37147	2006-12-07	raw	2006-01-01
37148	2006-12-07	raw	2006-01-01
37149	2006-03-02	raw	2006-01-01
37150	2006-05-25	raw	2006-01-01
37151	2006-09-19	raw	2006-01-01
37153	2006-09-14	raw	2006-01-01
37154	2006-12-21	raw	2006-01-01
37155	2006-10-24	wikidata:Q588328	2006-01-01
37156	2006-06-06	wikidata:Q3016294	2006-01-01
37157	2006-06-16	wikidata:Q1166316	2006-01-01
37158	2006-11-06	wikidata:Q3576876	2006-01-01
37159	2006-03-23	raw	2006-01-01
37160	2006-04-13	raw	2006-01-01
37161	2006-04-28	wikidata:Q1408101	2006-01-01
37164	2006-06-15	raw	2006-01-01
37165	2006-01-18	wikidata:Q974008	2006-01-01
37167	2006-08-24	raw	2006-01-01
37169	2006-10-12	raw	2006-01-01
37170	2006-11-09	raw	2006-01-01
37173	2006-11-02	raw	2006-01-01
37174	2006-10-02	raw	2006-01-01
37176	2006-11-22	raw	2006-01-01
37177	2006-09-29	wikidata:Q2427524	2006-01-01
37179	2006-03-02	raw	2006-01-01
37182	2006-12-28	raw	2006-01-01
37185	2006-03-14	wikidata:Q376217	2006-01-01
37187	2006-08-22	wikidata:Q1056878	2006-01-01
37188	2006-02-28	wikidata:Q1196795	2006-01-01
37190	2006-10-27	wikidata:Q4037870	2006-01-01
37191	2006-03-27	wikidata:Q4037941	2006-01-01
37193	2006-08-10	raw	2006-01-01
37194	2006-11-06	raw	2006-01-01
37195	2006-02-14	wikidata:Q2582988	2006-01-01
37196	2006-01-26	raw	2006-01-01
37197	2006-11-14	wikidata:Q2361841	2006-01-01
37198	2006-11-14	wikidata:Q2361841	2006-01-01
37199	2006-11-14	raw	2006-01-01
37200	2006-10-27	raw	2006-01-01
37201	2006-10-16	wikidata:Q3149635	2006-01-01
37203	2006-02-02	raw	2006-01-01
37204	2006-10-24	wikidata:Q775655	2006-01-01
37206	2006-09-25	wikidata:Q725280	2006-01-01
37207	2006-09-25	wikidata:Q725280	2006-01-01
37208	2006-09-29	raw	2006-01-01
37209	2006-02-28	raw	2006-01-01
37211	2006-04-24	raw	2006-01-01
37213	2006-10-19	wikidata:Q100152713	2006-01-01
37214	2006-02-23	wikidata:Q1007802	2006-01-01
37215	2006-10-12	wikidata:Q5436876	2006-01-01
37216	2006-02-06	wikidata:Q5441239	2006-01-01
37217	2006-12-14	raw	2006-01-01
37218	2006-08-24	raw	2006-01-01
37219	2006-10-12	raw	2006-01-01
37220	2006-11-30	raw	2006-01-01
37223	2006-06-30	wikidata:Q1355158	2006-01-01
37225	2006-10-20	wikidata:Q2539898	2006-01-01
37227	2006-09-19	wikidata:Q5467937	2006-01-01
37228	2006-11-29	wikidata:Q5469602	2006-01-01
37230	2006-02-03	raw	2006-01-01
37232	2006-04-27	raw	2006-01-01
37233	2006-09-02	raw	2006-01-01
37234	2006-08-03	wikidata:Q1362771	2006-01-01
37235	2006-04-06	raw	2006-01-01
37236	2006-03-27	wikidata:Q5508141	2006-01-01
37237	2006-11-30	raw	2006-01-01
37239	2006-09-29	wikidata:Q3093440	2006-01-01
37240	2006-06-23	wikidata:Q5516356	2006-01-01
37241	2006-02-21	wikidata:Q1837199	2006-01-01
37242	2006-07-28	raw	2006-01-01
37243	2006-03-22	wikidata:Q5519908	2006-01-01
37245	2006-12-28	raw	2006-01-01
37246	2006-03-16	raw	2006-01-01
37248	2006-11-20	wikidata:Q5531609	2006-01-01
37250	2006-04-25	wikidata:Q5558684	2006-01-01
37251	2006-09-23	raw	2006-01-01
37252	2006-12-14	raw	2006-01-01
37253	2006-06-26	wikidata:Q580804	2006-01-01
37255	2006-11-22	raw	2006-01-01
37256	2006-02-14	wikidata:Q484072	2006-01-01
37258	2006-01-31	raw	2006-01-01
37260	2006-04-28	wikidata:Q2167809	2006-01-01
37261	2006-10-26	wikidata:Q2478762	2006-01-01
37262	2006-04-25	raw	2006-01-01
37263	2006-10-19	raw	2006-01-01
37264	2006-11-28	raw	2006-01-01
37265	2006-11-13	wikidata:Q5652731	2006-01-01
37266	2006-11-13	wikidata:Q5652731	2006-01-01
37267	2006-11-14	raw	2006-01-01
37269	2006-11-24	raw	2006-01-01
37270	2006-11-30	raw	2006-01-01
37272	2006-10-05	wikidata:Q13424733	2006-01-01
37273	2006-05-16	wikidata:Q2450	2006-01-01
37274	2006-11-14	wikidata:Q2470	2006-01-01
37275	2006-06-27	raw	2006-01-01
37276	2006-08-13	wikidata:Q2487211	2006-01-01
37277	2006-05-26	wikidata:Q239889	2006-01-01
37278	2006-08-10	raw	2006-01-01
37279	2006-10-26	wikidata:Q674217	2006-01-01
37280	2006-10-26	raw	2006-01-01
37285	2006-09-18	wikidata:Q5957740	2006-01-01
37287	2006-09-07	raw	2006-01-01
37288	2006-10-12	wikidata:Q6030030	2006-01-01
37289	2006-01-19	raw	2006-01-01
37290	2006-02-23	raw	2006-01-01
37291	2006-02-23	raw	2006-01-01
37292	2006-06-08	raw	2006-01-01
37293	2006-09-28	raw	2006-01-01
37294	2006-05-23	wikidata:Q2328562	2006-01-01
37295	2006-07-27	raw	2006-01-01
37296	2006-03-30	raw	2006-01-01
37297	2006-03-10	raw	2006-01-01
37298	2006-09-12	wikidata:Q2289173	2006-01-01
37299	2006-04-29	wikidata:Q6305392	2006-01-01
37300	2006-11-23	raw	2006-01-01
37301	2006-09-22	wikidata:Q1538087	2006-01-01
37302	2006-10-17	raw	2006-01-01
37303	2006-10-17	raw	2006-01-01
37304	2006-12-14	raw	2006-01-01
37305	2006-06-15	raw	2006-01-01
37306	2006-03-30	raw	2006-01-01
37307	2006-06-01	raw	2006-01-01
37308	2006-10-26	raw	2006-01-01
37310	2006-12-14	raw	2006-01-01
37311	2006-01-19	raw	2006-01-01
37314	2006-10-26	raw	2006-01-01
37315	2006-08-10	raw	2006-01-01
37316	2006-11-02	raw	2006-01-01
37317	2006-10-31	raw	2006-01-01
37318	2006-03-31	wikidata:Q6429572	2006-01-01
37319	2006-02-16	raw	2006-01-01
37320	2006-07-27	raw	2006-01-01
37321	2006-07-17	wikidata:Q6441757	2006-01-01
37323	2006-12-01	wikidata:Q6457204	2006-01-01
37326	2006-11-07	wikidata:Q6516810	2006-01-01
37327	2006-09-11	wikidata:Q55239	2006-01-01
37328	2006-09-11	raw	2006-01-01
37330	2006-12-06	raw	2006-01-01
37331	2006-02-24	wikidata:Q6665924	2006-01-01
37332	2006-10-26	raw	2006-01-01
37333	2006-03-02	wikidata:Q1996197	2006-01-01
37334	2006-11-28	wikidata:Q1754787	2006-01-01
37335	2006-01-19	raw	2006-01-01
37336	2006-10-10	wikidata:Q315256	2006-01-01
37338	2006-08-22	wikidata:Q2290200	2006-01-01
37339	2006-08-22	wikidata:Q2290200	2006-01-01
37340	2006-08-22	raw	2006-01-01
37341	2006-09-26	wikidata:Q108809855	2006-01-01
37342	2006-09-26	raw	2006-01-01
37343	2006-06-22	raw	2006-01-01
37345	2006-03-02	raw	2006-01-01
37346	2006-12-21	raw	2006-01-01
37347	2006-12-07	raw	2006-01-01
37349	2006-08-31	raw	2006-01-01
37350	2006-09-07	raw	2006-01-01
37351	2006-03-30	raw	2006-01-01
37352	2006-02-24	wikidata:Q2367309	2006-01-01
37353	2006-11-20	raw	2006-01-01
37354	2006-07-27	raw	2006-01-01
37355	2006-09-25	raw	2006-01-01
37356	2006-10-24	wikidata:Q2337304	2006-01-01
37358	2006-09-01	raw	2006-01-01
37360	2006-09-07	raw	2006-01-01
37361	2006-03-03	wikidata:Q6795828	2006-01-01
37362	2006-12-12	wikidata:Q6798460	2006-01-01
37363	2006-09-12	raw	2006-01-01
37364	2006-11-11	wikidata:Q629626	2006-01-01
37365	2006-12-14	raw	2006-01-01
37366	2006-12-14	raw	2006-01-01
37367	2006-12-14	raw	2006-01-01
37368	2006-07-06	raw	2006-01-01
37369	2006-06-15	raw	2006-01-01
37370	2006-03-20	raw	2006-01-01
37371	2006-10-10	wikidata:Q1995146	2006-01-01
37373	2006-07-06	raw	2006-01-01
37374	2006-09-14	raw	2006-01-01
37375	2006-12-12	raw	2006-01-01
37376	2006-07-20	raw	2006-01-01
37377	2006-07-20	raw	2006-01-01
37378	2006-05-30	raw	2006-01-01
37379	2006-03-23	raw	2006-01-01
37380	2006-07-18	wikidata:Q6902724	2006-01-01
37381	2006-07-18	raw	2006-01-01
37382	2006-04-20	raw	2006-01-01
37384	2006-04-20	raw	2006-01-01
37385	2006-12-07	raw	2006-01-01
37386	2006-08-03	raw	2006-01-01
37387	2006-12-14	wikidata:Q6944938	2006-01-01
37389	2006-11-13	raw	2006-01-01
37390	2006-10-13	wikidata:Q50681759	2006-01-01
37391	2006-12-14	raw	2006-01-01
37392	2006-09-25	wikidata:Q2269660	2006-01-01
37394	2006-09-12	wikidata:Q3494256	2006-01-01
37395	2006-09-22	wikidata:Q6954053	2006-01-01
37396	2006-04-27	raw	2006-01-01
37397	2006-04-27	raw	2006-01-01
37398	2006-12-14	raw	2006-01-01
37399	2006-07-13	raw	2006-01-01
37400	2006-10-31	raw	2006-01-01
37401	2006-12-21	regional:jp	2006-01-01
37403	2006-10-26	raw	2006-01-01
37405	2006-10-24	wikidata:Q6993455	2006-01-01
37406	2006-10-31	wikidata:Q629577	2006-01-01
37407	2006-05-15	raw	2006-01-01
37408	2006-03-03	raw	2006-01-01
37409	2006-02-15	wikidata:Q11695604	2006-01-01
37410	2006-10-24	raw	2006-01-01
37412	2006-06-16	raw	2006-01-01
37413	2006-04-27	raw	2006-01-01
37415	2006-12-21	raw	2006-01-01
37416	2006-04-27	raw	2006-01-01
37418	2006-09-19	raw	2006-01-01
37420	2006-11-22	raw	2006-01-01
37421	2006-12-16	raw	2006-01-01
37422	2006-03-17	wikidata:Q3358567	2006-01-01
37424	2006-10-24	raw	2006-01-01
37426	2006-12-01	wikidata:Q7118771	2006-01-01
37427	2006-08-22	wikidata:Q2981176	2006-01-01
37428	2006-09-28	wikidata:Q2045576	2006-01-01
37429	2006-04-07	wikidata:Q16266987	2006-01-01
37430	2006-09-15	wikidata:Q726752	2006-01-01
37431	2006-04-21	wikidata:Q2334357	2006-01-01
37436	2006-08-31	wikidata:Q2084884	2006-01-01
37438	2006-10-26	raw	2006-01-01
37440	2006-06-28	wikidata:Q2474250	2006-01-01
37442	2006-05-18	raw	2006-01-01
37443	2006-09-28	raw	2006-01-01
37444	2006-09-28	raw	2006-01-01
37445	2006-03-23	raw	2006-01-01
37446	2006-10-02	raw	2006-01-01
37447	2006-12-07	raw	2006-01-01
37448	2006-08-01	wikidata:Q4047305	2006-01-01
37450	2006-07-11	wikidata:Q1535818	2006-01-01
37451	2006-10-03	raw	2006-01-01
37453	2006-10-27	wikidata:Q739125	2006-01-01
37454	2006-07-13	raw	2006-01-01
37455	2006-05-15	wikidata:Q7261033	2006-01-01
37456	2006-12-14	raw	2006-01-01
37457	2006-03-23	raw	2006-01-01
37458	2006-03-23	raw	2006-01-01
37459	2006-03-23	raw	2006-01-01
37460	2006-08-10	raw	2006-01-01
37461	2006-11-16	raw	2006-01-01
37462	2006-11-16	raw	2006-01-01
37463	2006-11-16	raw	2006-01-01
37464	2006-12-14	raw	2006-01-01
37465	2006-12-21	raw	2006-01-01
37466	2006-08-03	raw	2006-01-01
37467	2006-08-03	raw	2006-01-01
37468	2006-10-26	raw	2006-01-01
37469	2006-02-09	raw	2006-01-01
37470	2006-08-10	raw	2006-01-01
37471	2006-12-14	raw	2006-01-01
37472	2006-02-21	wikidata:Q2996674	2006-01-01
37473	2006-11-24	wikidata:Q1329384	2006-01-01
37475	2006-12-14	regional:jp	2006-01-01
37476	2006-11-14	raw	2006-01-01
37477	2006-04-03	wikidata:Q3283853	2006-01-01
37479	2006-03-21	wikidata:Q7302046	2006-01-01
37480	2006-03-14	wikidata:Q1517369	2006-01-01
37481	2006-09-28	raw	2006-01-01
37483	2006-01-19	raw	2006-01-01
37484	2006-08-03	wikidata:Q3108764	2006-01-01
37485	2006-06-12	wikidata:Q2078645	2006-01-01
37486	2006-05-09	wikidata:Q967634	2006-01-01
37488	2006-11-07	wikidata:Q2180479	2006-01-01
37489	2006-10-26	wikidata:Q7354209	2006-01-01
37490	2006-05-23	wikidata:Q925438	2006-01-01
37491	2006-07-01	wikidata:Q7361500	2006-01-01
37492	2006-03-17	wikidata:Q1002698	2006-01-01
37493	2006-06-19	wikidata:Q864291	2006-01-01
37494	2006-02-10	wikidata:Q7378147	2006-01-01
37495	2006-08-24	raw	2006-01-01
37496	2006-05-26	wikidata:Q732768	2006-01-01
37497	2006-12-14	raw	2006-01-01
37498	2006-08-02	wikidata:Q7398549	2006-01-01
37499	2006-10-17	wikidata:Q1130980	2006-01-01
37500	2006-05-08	raw	2006-01-01
37501	2006-02-24	wikidata:Q2987027	2006-01-01
37502	2006-02-23	raw	2006-01-01
37503	2006-03-30	raw	2006-01-01
37504	2006-07-25	wikidata:Q1139501	2006-01-01
37505	2006-03-08	wikidata:Q1773506	2006-01-01
37506	2006-10-24	wikidata:Q632632	2006-01-01
37507	2006-11-01	raw	2006-01-01
37508	2006-10-30	wikidata:Q1498412	2006-01-01
37509	2006-11-24	wikidata:Q2278376	2006-01-01
37510	2006-08-15	wikidata:Q2544146	2006-01-01
37511	2006-11-14	wikidata:Q1776014	2006-01-01
37513	2006-10-17	wikidata:Q2319932	2006-01-01
37514	2006-05-25	raw	2006-01-01
37515	2006-12-07	raw	2006-01-01
37516	2006-10-24	wikidata:Q2653167	2006-01-01
37517	2006-02-21	wikidata:Q683373	2006-01-01
37519	2006-04-20	wikidata:Q4049890	2006-01-01
37520	2006-11-14	raw	2006-01-01
37522	2006-10-18	raw	2006-01-01
37524	2006-05-30	wikidata:Q7595968	2006-01-01
37525	2006-08-03	raw	2006-01-01
37526	2006-05-11	wikidata:Q646696	2006-01-01
37527	2006-10-26	raw	2006-01-01
37528	2006-02-16	wikidata:Q55315	2006-01-01
37529	2006-10-24	wikidata:Q1300773	2006-01-01
37530	2006-07-06	raw	2006-01-01
37533	2006-10-23	raw	2006-01-01
37535	2006-10-13	wikidata:Q1572500	2006-01-01
37536	2006-02-08	wikidata:Q137594992	2006-01-01
37537	2006-06-30	raw	2006-01-01
37538	2006-05-25	raw	2006-01-01
37540	2006-09-15	wikidata:Q134196932	2006-01-01
37542	2006-11-20	raw	2006-01-01
37543	2006-08-22	wikidata:Q3506711	2006-01-01
37544	2006-02-22	wikidata:Q250989	2006-01-01
37545	2006-12-07	raw	2006-01-01
37546	2006-10-26	raw	2006-01-01
37547	2006-07-27	raw	2006-01-01
37548	2006-11-30	raw	2006-01-01
37550	2006-04-06	raw	2006-01-01
37551	2006-03-09	raw	2006-01-01
37552	2006-07-06	wikidata:Q7703324	2006-01-01
37553	2006-09-05	wikidata:Q853941	2006-01-01
37554	2006-03-20	raw	2006-01-01
37555	2006-03-11	raw	2006-01-01
37556	2006-07-24	wikidata:Q3141079	2006-01-01
37559	2006-09-14	wikidata:Q7722305	2006-01-01
37560	2006-05-19	wikidata:Q1247366	2006-01-01
37561	2006-12-21	raw	2006-01-01
37562	2006-03-20	wikidata:Q49607	2006-01-01
37563	2006-09-25	wikidata:Q11704395	2006-01-01
37564	2006-09-29	wikidata:Q2352364	2006-01-01
37565	2006-11-07	wikidata:Q3987561	2006-01-01
37568	2006-10-10	raw	2006-01-01
37569	2006-10-17	raw	2006-01-01
37570	2006-12-07	raw	2006-01-01
37571	2006-02-17	wikidata:Q4051260	2006-01-01
37572	2006-11-03	wikidata:Q692741	2006-01-01
37573	2006-09-07	wikidata:Q2365182	2006-01-01
37574	2006-07-30	wikidata:Q1988834	2006-01-01
37575	2006-10-27	raw	2006-01-01
37577	2006-10-19	wikidata:Q19710127	2006-01-01
37578	2006-09-18	raw	2006-01-01
37579	2006-06-22	raw	2006-01-01
37581	2006-10-20	wikidata:Q2631997	2006-01-01
37582	2006-10-10	wikidata:Q7801504	2006-01-01
37583	2006-06-26	wikidata:Q324871	2006-01-01
37584	2006-11-30	raw	2006-01-01
37585	2006-03-09	wikidata:Q2090121	2006-01-01
37586	2006-11-22	wikidata:Q1325327	2006-01-01
37587	2006-10-17	wikidata:Q878492	2006-01-01
37589	2006-11-07	raw	2006-01-01
37590	2006-04-07	wikidata:Q665785	2006-01-01
37591	2006-11-10	raw	2006-01-01
37593	2006-10-24	wikidata:Q1565986	2006-01-01
37594	2006-10-24	raw	2006-01-01
37595	2006-02-10	raw	2006-01-01
37596	2006-02-23	raw	2006-01-01
37597	2006-03-29	wikidata:Q2450773	2006-01-01
37598	2006-03-29	wikidata:Q2450773	2006-01-01
37599	2006-03-29	raw	2006-01-01
37600	2006-11-17	wikidata:Q7828239	2006-01-01
37601	2006-11-27	raw	2006-01-01
37602	2006-04-13	raw	2006-01-01
37603	2006-05-25	raw	2006-01-01
37604	2006-06-29	raw	2006-01-01
37605	2006-12-14	raw	2006-01-01
37609	2006-08-03	raw	2006-01-01
37610	2006-04-20	raw	2006-01-01
37611	2006-07-20	raw	2006-01-01
37612	2006-02-21	wikidata:Q2745328	2006-01-01
37614	2006-05-25	raw	2006-01-01
37616	2006-11-16	raw	2006-01-01
37619	2006-10-03	raw	2006-01-01
37620	2006-09-07	raw	2006-01-01
37625	2006-12-22	wikidata:Q2456836	2006-01-01
37626	2006-10-09	wikidata:Q1330808	2006-01-01
37627	2006-11-14	wikidata:Q1467431	2006-01-01
37628	2006-07-18	wikidata:Q7969888	2006-01-01
37629	2006-09-14	raw	2006-01-01
37630	2006-11-06	wikidata:Q974537	2006-01-01
37631	2006-05-24	wikidata:Q4020394	2006-01-01
37634	2006-11-13	raw	2006-01-01
37635	2006-08-31	wikidata:Q4020922	2006-01-01
37636	2006-07-18	wikidata:Q8036427	2006-01-01
37637	2006-01-24	wikidata:Q8036428	2006-01-01
37638	2006-03-22	raw	2006-01-01
37639	2006-05-16	wikidata:Q2628757	2006-01-01
37640	2006-05-16	raw	2006-01-01
37642	2006-03-30	raw	2006-01-01
37643	2006-11-28	raw	2006-01-01
37644	2006-01-12	raw	2006-01-01
37646	2006-03-23	raw	2006-01-01
37647	2006-11-13	raw	2006-01-01
37648	2006-10-27	wikidata:Q2653011	2006-01-01
37649	2006-03-23	raw	2006-01-01
37650	2006-11-30	raw	2006-01-01
37653	2006-09-21	raw	2006-01-01
37654	2006-01-14	raw	2006-01-01
37655	2006-11-30	raw	2006-01-01
37656	2006-06-15	raw	2006-01-01
37659	2006-07-13	raw	2006-01-01
37660	2006-07-13	raw	2006-01-01
37661	2006-07-13	raw	2006-01-01
37662	2006-07-13	raw	2006-01-01
37663	2006-07-13	raw	2006-01-01
37664	2006-04-10	wikidata:Q3874948	2006-01-01
37665	2006-03-29	wikidata:Q333813	2006-01-01
37726	2006-01-19	regional:jp	2006-01-01
37893	2006-10-09	raw	2006-01-01
37931	2006-03-31	regional:na	2006-01-01
37932	2006-03-14	raw	2006-01-01
38041	2006-05-19	regional:na	2006-01-01
38042	2006-05-05	raw	2006-01-01
38098	2006-06-06	raw	2006-01-01
38114	2006-06-16	regional:na	2006-01-01
38115	2006-08-25	raw	2006-01-01
38116	2006-10-26	raw	2006-01-01
38117	2005-12-08	wikidata:Q1975740	2005-01-01
38169	2006-06-27	raw	2006-01-01
38317	2006-06-23	regional:eu	2006-01-01
38480	2006-10-16	raw	2006-01-01
38572	2006-10-24	raw	2006-01-01
38575	2006-11-03	regional:na	2006-01-01
38695	2006-11-14	raw	2006-01-01
38711	2000-07-14	regional:jp	2000-01-01
38844	2007-08-09	raw	2007-01-01
38845	2007-08-09	raw	2007-01-01
38846	2007-08-09	raw	2007-01-01
38847	2007-08-09	raw	2007-01-01
38848	2007-08-09	raw	2007-01-01
38849	2007-11-22	raw	2007-01-01
38850	2007-11-22	raw	2007-01-01
38851	2007-11-22	raw	2007-01-01
38852	2007-11-22	raw	2007-01-01
38853	2007-09-17	raw	2007-01-01
38854	2007-03-08	raw	2007-01-01
38855	2007-03-08	raw	2007-01-01
38856	2007-03-08	raw	2007-01-01
38857	2007-10-04	raw	2007-01-01
38858	2007-08-15	raw	2007-01-01
38860	2007-04-02	raw	2007-01-01
38861	2007-12-04	raw	2007-01-01
38862	2007-12-03	raw	2007-01-01
38863	2007-07-14	raw	2007-01-01
38864	2007-09-25	raw	2007-01-01
38865	2007-04-26	raw	2007-01-01
38866	2007-07-13	raw	2007-01-01
38867	2007-10-25	raw	2007-01-01
38868	2007-10-10	raw	2007-01-01
38869	2007-10-08	raw	2007-01-01
38870	2007-10-12	raw	2007-01-01
38871	2007-12-06	raw	2007-01-01
38872	2007-01-09	raw	2007-01-01
38873	2007-01-09	raw	2007-01-01
38874	2007-03-01	raw	2007-01-01
38875	2007-03-29	raw	2007-01-01
38876	2007-04-26	raw	2007-01-01
38877	2007-10-16	raw	2007-01-01
38878	2007-10-17	raw	2007-01-01
38879	2007-06-19	raw	2007-01-01
38880	2007-11-19	raw	2007-01-01
38881	2007-09-25	raw	2007-01-01
38882	2007-10-23	raw	2007-01-01
38883	2007-10-02	raw	2007-01-01
38884	2007-03-01	raw	2007-01-01
38885	2007-09-09	raw	2007-01-01
38886	2007-10-30	wikidata:Q3634766	2007-01-01
38887	2007-10-30	raw	2007-01-01
38888	2007-01-14	raw	2007-01-01
38890	2007-11-16	raw	2007-01-01
38891	2007-10-30	raw	2007-01-01
38892	2007-08-29	raw	2007-01-01
38893	2007-10-19	raw	2007-01-01
38894	2007-02-09	raw	2007-01-01
38895	2007-08-23	raw	2007-01-01
38896	2007-07-26	raw	2007-01-01
38897	2007-06-21	raw	2007-01-01
38898	2007-02-15	raw	2007-01-01
38899	2007-12-06	raw	2007-01-01
38900	2007-07-19	raw	2007-01-01
38901	2007-03-21	raw	2007-01-01
38902	2007-11-27	raw	2007-01-01
38903	2007-11-23	raw	2007-01-01
38904	2007-06-21	raw	2007-01-01
38905	2007-07-30	raw	2007-01-01
38906	2007-06-08	raw	2007-01-01
38907	2007-03-23	raw	2007-01-01
38908	2007-11-05	raw	2007-01-01
38909	2007-05-08	raw	2007-01-01
38910	2007-11-02	raw	2007-01-01
38911	2007-04-09	raw	2007-01-01
38912	2007-11-12	raw	2007-01-01
38913	2007-03-16	raw	2007-01-01
38914	2007-10-23	raw	2007-01-01
38915	2007-07-05	raw	2007-01-01
38916	2007-10-17	raw	2007-01-01
38917	2007-07-10	raw	2007-01-01
38918	2007-10-02	raw	2007-01-01
38919	2007-10-26	raw	2007-01-01
38920	2007-06-28	raw	2007-01-01
38921	2007-07-12	raw	2007-01-01
38922	2007-11-02	raw	2007-01-01
38923	2007-11-02	raw	2007-01-01
38924	2007-11-20	raw	2007-01-01
38925	2007-07-10	raw	2007-01-01
38926	2007-10-25	raw	2007-01-01
38927	2007-05-15	raw	2007-01-01
38928	2007-11-13	raw	2007-01-01
38929	2007-06-28	raw	2007-01-01
38930	2007-11-13	raw	2007-01-01
38931	2007-07-19	raw	2007-01-01
38932	2007-10-02	raw	2007-01-01
38933	2007-10-19	raw	2007-01-01
38934	2007-03-21	raw	2007-01-01
38935	2007-11-30	raw	2007-01-01
38936	2007-12-20	raw	2007-01-01
38937	2007-10-25	raw	2007-01-01
38938	2007-05-24	raw	2007-01-01
38939	2007-12-20	raw	2007-01-01
38940	2007-03-29	raw	2007-01-01
38941	2007-08-09	raw	2007-01-01
38942	2007-07-11	raw	2007-01-01
38943	2007-10-25	raw	2007-01-01
38944	2007-10-11	raw	2007-01-01
38945	2007-12-20	raw	2007-01-01
38946	2007-04-26	raw	2007-01-01
38947	2007-06-14	raw	2007-01-01
38948	2007-07-18	raw	2007-01-01
38949	2007-07-23	raw	2007-01-01
38950	2007-11-16	raw	2007-01-01
38951	2007-02-15	raw	2007-01-01
38952	2007-07-12	raw	2007-01-01
38953	2007-05-22	raw	2007-01-01
38954	2007-09-20	raw	2007-01-01
38955	2007-09-20	raw	2007-01-01
38956	2007-02-05	raw	2007-01-01
38958	2007-10-19	raw	2007-01-01
38959	2007-03-29	raw	2007-01-01
38960	2007-03-29	raw	2007-01-01
38961	2007-05-04	raw	2007-01-01
38962	2007-11-11	raw	2007-01-01
38963	2007-10-19	raw	2007-01-01
38964	2007-10-16	raw	2007-01-01
38965	2007-08-14	raw	2007-01-01
38966	2007-10-16	raw	2007-01-01
38967	2007-03-15	raw	2007-01-01
38968	2007-02-09	raw	2007-01-01
38969	2007-10-29	raw	2007-01-01
38970	2007-06-26	raw	2007-01-01
38971	2007-10-29	raw	2007-01-01
38972	2007-07-05	raw	2007-01-01
38973	2007-11-05	raw	2007-01-01
38974	2007-12-20	raw	2007-01-01
38975	2007-03-08	raw	2007-01-01
38976	2007-11-08	raw	2007-01-01
38977	2007-05-17	raw	2007-01-01
38978	2007-03-21	raw	2007-01-01
38979	2007-11-22	raw	2007-01-01
38980	2007-11-01	raw	2007-01-01
38981	2007-03-08	raw	2007-01-01
38982	2007-03-13	raw	2007-01-01
38983	2007-07-30	raw	2007-01-01
38984	2007-09-10	raw	2007-01-01
38985	2007-11-05	raw	2007-01-01
38986	2007-03-09	raw	2007-01-01
38987	2007-08-02	raw	2007-01-01
38988	2007-11-15	raw	2007-01-01
38989	2007-04-05	raw	2007-01-01
38990	2007-10-23	raw	2007-01-01
38991	2007-08-23	raw	2007-01-01
38992	2007-10-11	raw	2007-01-01
38993	2007-10-23	raw	2007-01-01
38994	2007-08-09	raw	2007-01-01
38995	2007-09-27	raw	2007-01-01
38996	2007-10-29	raw	2007-01-01
38997	2007-09-20	raw	2007-01-01
38998	2007-12-17	raw	2007-01-01
38999	2007-11-13	raw	2007-01-01
39002	2007-01-18	raw	2007-01-01
39003	2007-02-20	raw	2007-01-01
39004	2007-09-28	raw	2007-01-01
39005	2007-06-15	raw	2007-01-01
39006	2007-12-11	raw	2007-01-01
39007	2007-07-17	raw	2007-01-01
39008	2007-08-23	raw	2007-01-01
39009	2007-12-20	raw	2007-01-01
39010	2007-10-25	raw	2007-01-01
39011	2007-04-26	raw	2007-01-01
39012	2007-10-16	raw	2007-01-01
39013	2007-05-31	raw	2007-01-01
39014	2007-03-23	raw	2007-01-01
39015	2007-06-22	raw	2007-01-01
39016	2007-11-12	raw	2007-01-01
39019	2007-03-22	raw	2007-01-01
39020	2007-11-29	raw	2007-01-01
39021	2007-10-15	raw	2007-01-01
39022	2007-09-20	raw	2007-01-01
39023	2007-04-19	raw	2007-01-01
39024	2007-06-14	raw	2007-01-01
39025	2007-02-22	raw	2007-01-01
39026	2007-03-29	raw	2007-01-01
39027	2007-04-26	raw	2007-01-01
39028	2007-05-24	raw	2007-01-01
39029	2007-06-28	raw	2007-01-01
39030	2007-11-15	raw	2007-01-01
39031	2007-03-09	raw	2007-01-01
39032	2007-12-20	raw	2007-01-01
39033	2007-11-27	raw	2007-01-01
39034	2007-12-06	raw	2007-01-01
39035	2007-08-06	raw	2007-01-01
39036	2007-12-01	raw	2007-01-01
39037	2007-11-20	raw	2007-01-01
39038	2007-11-05	raw	2007-01-01
39039	2007-11-20	raw	2007-01-01
39040	2007-12-06	raw	2007-01-01
39041	2007-11-12	raw	2007-01-01
39042	2007-06-25	raw	2007-01-01
39043	2007-06-25	raw	2007-01-01
39044	2007-02-01	raw	2007-01-01
39045	2007-08-23	raw	2007-01-01
39046	2007-11-29	raw	2007-01-01
39047	2007-06-21	raw	2007-01-01
39048	2007-07-26	raw	2007-01-01
39049	2007-11-02	raw	2007-01-01
39050	2007-03-08	raw	2007-01-01
39051	2007-03-15	raw	2007-01-01
39052	2007-10-07	raw	2007-01-01
39053	2007-11-15	wikidata:Q3283488	2007-01-01
39054	2007-06-07	raw	2007-01-01
39055	2007-10-08	raw	2007-01-01
39056	2007-10-12	raw	2007-01-01
39057	2007-05-24	raw	2007-01-01
39058	2007-08-27	raw	2007-01-01
39059	2007-11-06	raw	2007-01-01
39060	2007-01-22	raw	2007-01-01
39061	2007-08-29	raw	2007-01-01
39062	2007-07-26	raw	2007-01-01
39063	2007-10-25	raw	2007-01-01
39064	2007-10-23	raw	2007-01-01
39065	2007-10-23	raw	2007-01-01
39066	2007-10-23	raw	2007-01-01
39067	2007-03-15	raw	2007-01-01
39068	2007-12-13	raw	2007-01-01
39069	2007-09-14	raw	2007-01-01
39070	2007-08-31	raw	2007-01-01
39071	2007-12-19	raw	2007-01-01
39072	2007-09-18	raw	2007-01-01
39073	2007-10-26	raw	2007-01-01
39074	2007-10-26	raw	2007-01-01
39075	2007-01-23	raw	2007-01-01
39076	2007-05-24	raw	2007-01-01
39078	2007-05-24	raw	2007-01-01
39079	2007-06-21	raw	2007-01-01
39080	2007-09-27	raw	2007-01-01
39081	2007-11-29	raw	2007-01-01
39082	2007-07-19	raw	2007-01-01
39083	2007-07-19	raw	2007-01-01
39084	2007-02-01	raw	2007-01-01
39085	2007-11-13	raw	2007-01-01
39086	2007-02-08	raw	2007-01-01
39087	2007-09-18	raw	2007-01-01
39088	2007-09-27	raw	2007-01-01
39089	2007-12-27	raw	2007-01-01
39090	2007-12-27	raw	2007-01-01
39091	2007-11-20	raw	2007-01-01
39092	2007-09-17	raw	2007-01-01
39093	2007-11-22	raw	2007-01-01
39094	2007-12-06	raw	2007-01-01
39095	2007-12-06	raw	2007-01-01
39096	2007-06-07	raw	2007-01-01
39097	2007-11-29	raw	2007-01-01
39098	2007-07-12	raw	2007-01-01
39099	2007-06-08	raw	2007-01-01
39100	2007-09-20	raw	2007-01-01
39101	2007-06-28	raw	2007-01-01
39102	2007-03-29	raw	2007-01-01
39103	2007-10-25	raw	2007-01-01
39104	2007-05-24	raw	2007-01-01
39105	2007-02-22	raw	2007-01-01
39106	2007-08-31	raw	2007-01-01
39107	2007-09-06	raw	2007-01-01
39108	2007-08-02	raw	2007-01-01
39109	2007-12-04	raw	2007-01-01
39110	2007-06-28	raw	2007-01-01
39111	2007-12-13	raw	2007-01-01
39112	2007-03-15	raw	2007-01-01
39113	2007-03-15	raw	2007-01-01
39114	2007-07-26	raw	2007-01-01
39115	2007-07-19	raw	2007-01-01
39116	2007-11-22	raw	2007-01-01
39117	2007-10-11	raw	2007-01-01
39118	2007-12-20	raw	2007-01-01
39119	2007-05-24	raw	2007-01-01
39120	2007-03-15	raw	2007-01-01
39121	2007-07-05	raw	2007-01-01
39122	2007-09-20	raw	2007-01-01
39123	2007-07-19	raw	2007-01-01
39124	2007-12-07	raw	2007-01-01
39125	2007-11-16	raw	2007-01-01
39126	2007-11-06	raw	2007-01-01
39128	2007-08-22	raw	2007-01-01
39129	2007-04-19	raw	2007-01-01
39130	2007-10-09	raw	2007-01-01
39131	2007-03-15	raw	2007-01-01
39132	2007-12-20	raw	2007-01-01
39133	2007-11-29	raw	2007-01-01
39134	2007-02-08	raw	2007-01-01
39135	2007-02-06	raw	2007-01-01
39136	2007-12-18	raw	2007-01-01
39138	2007-03-25	raw	2007-01-01
39139	2007-11-22	raw	2007-01-01
39140	2007-12-17	raw	2007-01-01
39141	2007-08-09	raw	2007-01-01
39142	2007-08-14	raw	2007-01-01
39143	2007-12-21	raw	2007-01-01
39144	2007-10-16	raw	2007-01-01
39145	2007-09-13	raw	2007-01-01
39146	2007-06-15	raw	2007-01-01
39147	2007-09-13	raw	2007-01-01
39148	2007-03-19	wikidata:Q3843602	2007-01-01
39149	2007-03-19	raw	2007-01-01
39150	2007-10-10	raw	2007-01-01
39151	2007-07-26	raw	2007-01-01
39152	2007-11-08	raw	2007-01-01
39153	2007-05-22	raw	2007-01-01
39154	2007-10-25	raw	2007-01-01
39157	2007-11-22	raw	2007-01-01
39158	2007-11-22	raw	2007-01-01
39159	2007-07-12	raw	2007-01-01
39160	2007-02-20	raw	2007-01-01
39161	2007-01-05	raw	2007-01-01
39162	2007-07-26	raw	2007-01-01
39163	2007-09-27	raw	2007-01-01
39164	2007-06-14	raw	2007-01-01
39165	2007-05-17	raw	2007-01-01
39166	2007-04-26	raw	2007-01-01
39167	2007-11-29	raw	2007-01-01
39168	2007-11-13	raw	2007-01-01
39169	2007-12-28	raw	2007-01-01
39170	2007-07-13	raw	2007-01-01
39171	2007-09-19	raw	2007-01-01
39172	2007-11-23	raw	2007-01-01
39173	2007-11-06	raw	2007-01-01
39174	2007-11-23	raw	2007-01-01
39175	2007-11-23	raw	2007-01-01
39176	2007-03-29	raw	2007-01-01
39177	2007-09-13	raw	2007-01-01
39178	2007-11-06	raw	2007-01-01
39179	2007-11-23	raw	2007-01-01
39180	2007-11-06	raw	2007-01-01
39181	2007-09-18	raw	2007-01-01
39182	2007-12-07	raw	2007-01-01
39183	2007-06-21	raw	2007-01-01
39184	2007-12-03	raw	2007-01-01
39185	2007-09-18	raw	2007-01-01
39186	2007-09-18	raw	2007-01-01
39187	2007-09-18	raw	2007-01-01
39188	2007-04-26	raw	2007-01-01
39189	2007-10-30	raw	2007-01-01
39190	2007-04-26	raw	2007-01-01
39191	2007-10-23	raw	2007-01-01
39192	2007-11-13	raw	2007-01-01
39193	2007-03-22	raw	2007-01-01
39194	2007-12-06	raw	2007-01-01
39195	2007-06-26	raw	2007-01-01
39196	2007-11-06	raw	2007-01-01
39197	2007-08-09	raw	2007-01-01
39198	2007-02-02	raw	2007-01-01
39199	2007-10-23	raw	2007-01-01
39200	2007-10-23	raw	2007-01-01
39201	2007-04-19	raw	2007-01-01
39202	2007-11-22	raw	2007-01-01
39203	2007-02-22	raw	2007-01-01
39204	2007-03-08	raw	2007-01-01
39205	2007-12-20	raw	2007-01-01
39206	2007-01-18	raw	2007-01-01
39207	2007-12-20	raw	2007-01-01
39208	2007-08-30	raw	2007-01-01
39209	2007-08-30	raw	2007-01-01
39210	2007-08-16	raw	2007-01-01
39211	2007-06-07	raw	2007-01-01
39212	2007-12-13	raw	2007-01-01
39213	2007-08-20	raw	2007-01-01
39214	2007-11-13	raw	2007-01-01
39215	2007-09-24	raw	2007-01-01
39216	2007-10-11	raw	2007-01-01
39217	2007-11-06	raw	2007-01-01
39218	2007-02-02	raw	2007-01-01
39220	2007-08-07	raw	2007-01-01
39221	2007-09-14	raw	2007-01-01
39222	2007-01-13	raw	2007-01-01
39223	2007-08-28	raw	2007-01-01
39224	2007-11-23	raw	2007-01-01
39226	2007-10-16	raw	2007-01-01
39227	2007-11-09	raw	2007-01-01
39228	2007-10-12	raw	2007-01-01
39229	2007-11-09	raw	2007-01-01
39231	2007-11-14	raw	2007-01-01
39232	2007-08-23	raw	2007-01-01
39233	2007-04-26	raw	2007-01-01
39234	2007-01-25	raw	2007-01-01
39235	2007-09-27	raw	2007-01-01
39236	2007-11-02	raw	2007-01-01
39237	2007-04-26	raw	2007-01-01
39238	2007-05-11	raw	2007-01-01
39239	2007-03-26	raw	2007-01-01
39240	2007-09-13	raw	2007-01-01
39241	2007-09-13	raw	2007-01-01
39242	2007-05-18	raw	2007-01-01
39243	2007-12-20	raw	2007-01-01
39246	2007-10-26	raw	2007-01-01
39247	2007-12-06	raw	2007-01-01
39248	2007-10-23	raw	2007-01-01
39249	2007-08-24	raw	2007-01-01
39250	2007-10-17	raw	2007-01-01
39251	2007-10-25	raw	2007-01-01
39252	2007-10-25	raw	2007-01-01
39253	2007-11-25	raw	2007-01-01
39254	2007-08-29	raw	2007-01-01
39255	2007-02-15	raw	2007-01-01
39256	2007-11-29	raw	2007-01-01
39257	2007-07-05	raw	2007-01-01
39258	2007-09-18	raw	2007-01-01
39260	2007-03-27	raw	2007-01-01
39261	2007-07-12	raw	2007-01-01
39262	2007-03-16	raw	2007-01-01
39263	2007-03-08	raw	2007-01-01
39264	2007-03-08	raw	2007-01-01
39265	2007-03-08	raw	2007-01-01
39266	2007-03-29	raw	2007-01-01
39267	2007-03-29	raw	2007-01-01
39268	2007-11-06	raw	2007-01-01
39269	2007-07-12	raw	2007-01-01
39270	2007-09-28	raw	2007-01-01
39271	2007-01-05	raw	2007-01-01
39272	2007-06-26	raw	2007-01-01
39273	2007-03-06	raw	2007-01-01
39274	2007-11-13	raw	2007-01-01
39275	2007-10-12	raw	2007-01-01
39276	2007-11-15	raw	2007-01-01
39278	2007-01-11	raw	2007-01-01
39279	2007-06-28	raw	2007-01-01
39280	2007-08-09	raw	2007-01-01
39281	2007-11-30	raw	2007-01-01
39282	2007-08-09	raw	2007-01-01
39283	2007-05-10	raw	2007-01-01
39284	2007-07-12	raw	2007-01-01
39285	2007-11-01	raw	2007-01-01
39286	2007-04-19	raw	2007-01-01
39287	2007-01-25	raw	2007-01-01
39288	2007-11-22	raw	2007-01-01
39289	2007-10-18	raw	2007-01-01
39290	2007-11-19	raw	2007-01-01
39291	2007-09-14	raw	2007-01-01
39292	2007-10-19	raw	2007-01-01
39293	2007-10-25	raw	2007-01-01
39294	2007-03-29	raw	2007-01-01
39295	2007-04-19	raw	2007-01-01
39296	2007-05-24	raw	2007-01-01
39297	2007-11-10	raw	2007-01-01
39298	2007-05-15	raw	2007-01-01
39299	2007-02-22	raw	2007-01-01
39300	2007-05-31	raw	2007-01-01
39301	2007-07-26	raw	2007-01-01
39302	2007-08-02	raw	2007-01-01
39303	2007-04-26	raw	2007-01-01
39304	2007-09-19	raw	2007-01-01
39305	2007-11-16	raw	2007-01-01
39306	2007-11-15	raw	2007-01-01
39307	2007-10-26	raw	2007-01-01
39308	2007-09-14	raw	2007-01-01
39309	2007-07-12	raw	2007-01-01
39310	2007-10-26	raw	2007-01-01
39311	2007-03-06	raw	2007-01-01
39312	2007-09-24	raw	2007-01-01
39313	2007-10-02	raw	2007-01-01
39314	2007-10-23	raw	2007-01-01
39315	2007-10-23	raw	2007-01-01
39316	2007-03-20	raw	2007-01-01
39317	2007-11-09	raw	2007-01-01
39318	2007-05-16	raw	2007-01-01
39319	2007-10-25	raw	2007-01-01
39320	2007-08-30	raw	2007-01-01
39321	2007-10-30	raw	2007-01-01
39322	2007-07-13	raw	2007-01-01
39323	2007-03-01	raw	2007-01-01
39324	2007-05-30	raw	2007-01-01
39326	2007-06-07	raw	2007-01-01
39327	2007-10-25	raw	2007-01-01
39328	2007-03-20	raw	2007-01-01
39329	2007-03-20	raw	2007-01-01
39330	2007-07-26	raw	2007-01-01
39331	2007-04-12	raw	2007-01-01
39332	2007-12-06	raw	2007-01-01
39333	2007-09-27	raw	2007-01-01
39334	2007-03-29	raw	2007-01-01
39335	2007-09-20	raw	2007-01-01
39336	2007-11-02	raw	2007-01-01
39337	2007-10-25	raw	2007-01-01
39338	2007-12-20	raw	2007-01-01
39339	2007-10-15	raw	2007-01-01
39340	2007-10-15	raw	2007-01-01
39341	2007-10-16	raw	2007-01-01
39342	2007-10-09	raw	2007-01-01
39343	2007-10-25	raw	2007-01-01
39344	2007-11-30	raw	2007-01-01
39345	2007-08-30	raw	2007-01-01
39346	2007-11-29	raw	2007-01-01
39347	2007-05-31	raw	2007-01-01
39348	2007-10-25	raw	2007-01-01
39349	2007-10-03	raw	2007-01-01
39350	2007-10-02	raw	2007-01-01
39351	2007-06-23	raw	2007-01-01
39352	2007-11-29	raw	2007-01-01
39353	2007-05-29	raw	2007-01-01
39354	2007-02-09	raw	2007-01-01
39355	2007-12-20	raw	2007-01-01
39356	2007-06-28	raw	2007-01-01
39357	2007-08-09	raw	2007-01-01
39358	2007-10-25	raw	2007-01-01
39359	2007-08-03	raw	2007-01-01
39360	2007-10-30	raw	2007-01-01
39361	2007-10-22	raw	2007-01-01
39362	2007-12-20	raw	2007-01-01
39363	2007-10-18	raw	2007-01-01
39364	2007-12-20	raw	2007-01-01
39365	2007-08-28	raw	2007-01-01
39366	2007-07-27	raw	2007-01-01
39367	2007-09-20	raw	2007-01-01
39368	2007-03-15	raw	2007-01-01
39369	2007-09-06	raw	2007-01-01
39370	2007-10-09	raw	2007-01-01
39371	2007-08-28	raw	2007-01-01
39372	2007-06-12	raw	2007-01-01
39373	2007-04-11	raw	2007-01-01
39374	2007-03-15	raw	2007-01-01
39375	2007-10-15	raw	2007-01-01
39376	2007-10-26	raw	2007-01-01
39377	2007-12-03	raw	2007-01-01
39378	2007-10-12	raw	2007-01-01
39379	2007-10-12	raw	2007-01-01
39380	2007-10-18	raw	2007-01-01
39381	2007-06-15	raw	2007-01-01
39382	2007-05-24	raw	2007-01-01
39383	2007-05-16	raw	2007-01-01
39384	2007-06-25	raw	2007-01-01
39385	2007-08-09	raw	2007-01-01
39386	2007-06-19	raw	2007-01-01
39387	2007-06-19	raw	2007-01-01
39388	2007-07-05	raw	2007-01-01
39389	2007-07-05	raw	2007-01-01
39390	2007-08-30	raw	2007-01-01
39391	2007-06-28	raw	2007-01-01
39392	2007-11-12	raw	2007-01-01
39393	2007-07-24	raw	2007-01-01
39394	2007-01-26	raw	2007-01-01
39396	2007-11-22	raw	2007-01-01
39397	2007-02-22	raw	2007-01-01
39398	2007-03-01	raw	2007-01-01
39399	2007-09-20	raw	2007-01-01
39400	2007-04-27	raw	2007-01-01
39401	2007-11-09	raw	2007-01-01
39402	2007-12-20	raw	2007-01-01
39403	2007-12-20	raw	2007-01-01
39404	2007-11-22	raw	2007-01-01
39405	2007-08-09	raw	2007-01-01
39406	2007-12-06	raw	2007-01-01
39407	2007-01-18	raw	2007-01-01
39408	2007-04-12	raw	2007-01-01
39409	2007-11-02	raw	2007-01-01
39410	2007-08-02	raw	2007-01-01
39411	2007-02-08	raw	2007-01-01
39412	2007-03-12	raw	2007-01-01
39413	2007-10-12	raw	2007-01-01
39414	2007-10-18	raw	2007-01-01
39416	2007-11-16	raw	2007-01-01
39417	2007-11-06	raw	2007-01-01
39418	2007-10-26	raw	2007-01-01
39419	2007-08-31	raw	2007-01-01
39420	2007-11-29	raw	2007-01-01
39421	2007-11-08	raw	2007-01-01
39422	2007-03-15	raw	2007-01-01
39423	2007-11-29	raw	2007-01-01
39424	2007-05-17	raw	2007-01-01
39425	2007-05-17	raw	2007-01-01
39426	2007-09-11	raw	2007-01-01
39427	2007-04-20	raw	2007-01-01
39428	2007-07-19	raw	2007-01-01
39429	2007-08-02	raw	2007-01-01
39431	2007-09-11	raw	2007-01-01
39432	2007-10-23	raw	2007-01-01
39433	2007-11-19	raw	2007-01-01
39481	2001-12-14	raw	2001-01-01
39656	2007-03-27	raw	2007-01-01
39729	2007-05-04	raw	2007-01-01
39730	2007-05-04	raw	2007-01-01
39757	2007-05-02	raw	2007-01-01
39773	2007-05-22	raw	2007-01-01
39958	2007-11-05	raw	2007-01-01
39959	2007-11-01	raw	2007-01-01
40264	2005-07-28	raw	2005-01-01
40592	2008-10-31	raw	2008-01-01
40593	2008-04-30	raw	2008-01-01
40594	2008-07-03	raw	2008-01-01
40595	2008-10-23	raw	2008-01-01
40596	2008-10-16	raw	2008-01-01
40597	2008-11-28	raw	2008-01-01
40598	2008-12-01	raw	2008-01-01
40599	2008-05-29	raw	2008-01-01
40600	2008-05-15	raw	2008-01-01
40601	2008-06-05	raw	2008-01-01
40602	2008-07-07	raw	2008-01-01
40607	2008-01-21	raw	2008-01-01
40608	2008-05-08	raw	2008-01-01
40609	2008-11-24	raw	2008-01-01
40610	2008-07-30	raw	2008-01-01
40611	2008-11-06	raw	2008-01-01
40612	2008-02-08	raw	2008-01-01
40613	2008-12-25	raw	2008-01-01
40614	2008-04-24	raw	2008-01-01
40615	2008-11-13	raw	2008-01-01
40616	2008-09-19	raw	2008-01-01
40617	2008-11-11	raw	2008-01-01
40618	2008-11-07	raw	2008-01-01
40619	2008-06-23	raw	2008-01-01
40620	2008-10-28	raw	2008-01-01
40621	2008-09-17	raw	2008-01-01
40624	2008-05-01	raw	2008-01-01
40625	2008-03-14	raw	2008-01-01
40626	2008-10-20	raw	2008-01-01
40627	2008-10-10	raw	2008-01-01
40628	2008-12-25	raw	2008-01-01
40629	2008-02-05	raw	2008-01-01
40630	2008-06-27	raw	2008-01-01
40631	2008-02-29	raw	2008-01-01
40632	2008-08-22	regional:eu	2008-01-01
40633	2008-11-01	raw	2008-01-01
40634	2008-10-17	raw	2008-01-01
40635	2008-10-16	raw	2008-01-01
40636	2008-11-28	raw	2008-01-01
40637	2008-09-23	raw	2008-01-01
40638	2008-10-20	raw	2008-01-01
40639	2008-03-25	raw	2008-01-01
40640	2008-10-21	raw	2008-01-01
40641	2008-11-27	raw	2008-01-01
40642	2008-03-20	raw	2008-01-01
40643	2008-03-19	raw	2008-01-01
40644	2008-09-23	raw	2008-01-01
40645	2008-10-21	raw	2008-01-01
40646	2008-02-15	raw	2008-01-01
40647	2008-10-14	raw	2008-01-01
40648	2008-03-27	raw	2008-01-01
40649	2008-09-26	raw	2008-01-01
40650	2008-10-28	raw	2008-01-01
40651	2008-12-10	raw	2008-01-01
40652	2008-03-04	raw	2008-01-01
40653	2008-11-07	raw	2008-01-01
40654	2008-10-29	raw	2008-01-01
40655	2008-12-04	raw	2008-01-01
40656	2008-06-26	raw	2008-01-01
40657	2008-09-04	raw	2008-01-01
40658	2008-09-26	raw	2008-01-01
40659	2008-06-26	raw	2008-01-01
40660	2008-12-04	raw	2008-01-01
40661	2008-06-16	raw	2008-01-01
40662	2008-01-08	raw	2008-01-01
40663	2008-09-22	raw	2008-01-01
40664	2008-09-22	raw	2008-01-01
40665	2008-04-11	raw	2008-01-01
40666	2008-10-09	raw	2008-01-01
40667	2008-10-30	raw	2008-01-01
40668	2008-09-09	raw	2008-01-01
40669	2008-02-15	raw	2008-01-01
40670	2008-06-26	raw	2008-01-01
40671	2008-12-09	raw	2008-01-01
40672	2008-06-24	raw	2008-01-01
40673	2008-11-10	raw	2008-01-01
40674	2008-12-22	raw	2008-01-01
40675	2008-07-08	raw	2008-01-01
40676	2008-09-26	raw	2008-01-01
40677	2008-10-21	raw	2008-01-01
40678	2008-04-28	raw	2008-01-01
40679	2008-04-28	raw	2008-01-01
40680	2008-12-15	raw	2008-01-01
40681	2008-06-09	raw	2008-01-01
40682	2008-10-15	raw	2008-01-01
40683	2008-03-20	raw	2008-01-01
40684	2008-09-04	raw	2008-01-01
40685	2008-03-04	raw	2008-01-01
40686	2008-01-10	raw	2008-01-01
40687	2008-12-11	raw	2008-01-01
40688	2008-09-25	raw	2008-01-01
40689	2008-04-03	raw	2008-01-01
40690	2008-02-28	raw	2008-01-01
40691	2008-11-20	raw	2008-01-01
40692	2008-11-25	raw	2008-01-01
40693	2008-10-30	raw	2008-01-01
40694	2008-10-17	raw	2008-01-01
40695	2008-10-17	raw	2008-01-01
40696	2008-11-25	raw	2008-01-01
40697	2008-08-07	raw	2008-01-01
40698	2008-06-06	raw	2008-01-01
40699	2008-11-28	raw	2008-01-01
40700	2008-02-15	raw	2008-01-01
40701	2008-05-30	raw	2008-01-01
40702	2008-01-15	raw	2008-01-01
40703	2008-04-15	raw	2008-01-01
40704	2008-11-19	raw	2008-01-01
40705	2008-11-18	raw	2008-01-01
40706	2008-10-29	raw	2008-01-01
40707	2008-11-28	raw	2008-01-01
40708	2008-10-10	raw	2008-01-01
40709	2008-05-30	raw	2008-01-01
40710	2008-05-05	raw	2008-01-01
40711	2008-10-16	raw	2008-01-01
40712	2008-07-10	raw	2008-01-01
40713	2008-02-28	raw	2008-01-01
40714	2008-02-28	raw	2008-01-01
40715	2008-11-13	raw	2008-01-01
40716	2008-08-07	raw	2008-01-01
40717	2008-04-24	raw	2008-01-01
40718	2008-06-05	raw	2008-01-01
40719	2008-10-12	raw	2008-01-01
40720	2008-04-24	raw	2008-01-01
40721	2008-11-14	raw	2008-01-01
40722	2008-12-10	raw	2008-01-01
40723	2008-10-17	raw	2008-01-01
40724	2008-09-02	raw	2008-01-01
40725	2008-02-14	raw	2008-01-01
40726	2008-02-14	raw	2008-01-01
40727	2008-06-26	raw	2008-01-01
40728	2008-07-17	raw	2008-01-01
40730	2008-06-26	raw	2008-01-01
40731	2008-09-22	raw	2008-01-01
40732	2008-05-13	raw	2008-01-01
40733	2008-03-18	raw	2008-01-01
40734	2008-05-08	raw	2008-01-01
40735	2008-02-14	raw	2008-01-01
40736	2008-06-26	raw	2008-01-01
40737	2008-10-21	raw	2008-01-01
40738	2008-04-15	raw	2008-01-01
40739	2008-10-21	raw	2008-01-01
40740	2008-06-24	raw	2008-01-01
40741	2008-07-29	raw	2008-01-01
40742	2008-07-31	raw	2008-01-01
40743	2008-11-14	raw	2008-01-01
40744	2008-07-11	raw	2008-01-01
40745	2008-10-03	raw	2008-01-01
40746	2008-03-06	raw	2008-01-01
40747	2008-04-01	raw	2008-01-01
40748	2008-10-30	raw	2008-01-01
40749	2008-10-10	raw	2008-01-01
40750	2008-09-18	raw	2008-01-01
40751	2008-04-11	raw	2008-01-01
40752	2008-07-17	raw	2008-01-01
40753	2008-03-19	raw	2008-01-01
40754	2008-09-15	raw	2008-01-01
40755	2008-04-24	raw	2008-01-01
40756	2008-06-03	raw	2008-01-01
40757	2008-11-04	raw	2008-01-01
40758	2008-10-28	raw	2008-01-01
40760	2008-08-29	raw	2008-01-01
40761	2008-09-22	raw	2008-01-01
40762	2008-07-01	raw	2008-01-01
40763	2008-03-13	raw	2008-01-01
40764	2008-05-15	raw	2008-01-01
40765	2008-03-13	raw	2008-01-01
40766	2008-12-18	raw	2008-01-01
40767	2008-12-11	raw	2008-01-01
40768	2008-11-28	raw	2008-01-01
40769	2008-11-13	raw	2008-01-01
40770	2008-04-01	raw	2008-01-01
40771	2008-05-01	raw	2008-01-01
40773	2008-11-28	raw	2008-01-01
40774	2008-12-03	raw	2008-01-01
40775	2008-10-21	raw	2008-01-01
40776	2008-10-21	raw	2008-01-01
40777	2008-10-21	raw	2008-01-01
40778	2008-11-14	raw	2008-01-01
40779	2008-11-07	raw	2008-01-01
40780	2008-09-19	raw	2008-01-01
40781	2008-02-21	raw	2008-01-01
40782	2008-01-24	raw	2008-01-01
40783	2008-10-03	raw	2008-01-01
40784	2008-02-18	raw	2008-01-01
40785	2008-04-11	raw	2008-01-01
40786	2008-11-17	raw	2008-01-01
40787	2008-07-04	raw	2008-01-01
40788	2008-08-07	raw	2008-01-01
40789	2008-02-29	raw	2008-01-01
40790	2008-03-06	raw	2008-01-01
40791	2008-10-31	raw	2008-01-01
40792	2008-04-17	raw	2008-01-01
40793	2008-11-28	raw	2008-01-01
40794	2008-08-26	raw	2008-01-01
40795	2008-05-29	raw	2008-01-01
40797	2008-11-13	raw	2008-01-01
40798	2008-09-25	raw	2008-01-01
40799	2008-05-08	raw	2008-01-01
40800	2008-07-17	raw	2008-01-01
40801	2008-07-17	raw	2008-01-01
40802	2008-08-07	raw	2008-01-01
40803	2008-10-16	raw	2008-01-01
40804	2008-09-05	raw	2008-01-01
40805	2008-08-29	raw	2008-01-01
40807	2008-07-10	raw	2008-01-01
40808	2008-06-09	raw	2008-01-01
40809	2008-03-28	raw	2008-01-01
40810	2008-05-22	raw	2008-01-01
40811	2008-10-27	raw	2008-01-01
40812	2008-03-18	raw	2008-01-01
40813	2008-07-30	raw	2008-01-01
40814	2008-12-04	raw	2008-01-01
40815	2008-12-05	raw	2008-01-01
40816	2008-10-14	raw	2008-01-01
40817	2008-06-24	raw	2008-01-01
40818	2008-10-24	raw	2008-01-01
40819	2008-06-22	raw	2008-01-01
40820	2008-11-14	raw	2008-01-01
40821	2008-11-04	raw	2008-01-01
40822	2008-12-04	raw	2008-01-01
40823	2008-07-10	raw	2008-01-01
40824	2008-08-28	raw	2008-01-01
40825	2008-06-26	raw	2008-01-01
40826	2008-12-02	raw	2008-01-01
40827	2008-02-14	raw	2008-01-01
40828	2008-12-25	raw	2008-01-01
40829	2008-08-21	raw	2008-01-01
40830	2008-12-18	raw	2008-01-01
40831	2008-02-21	raw	2008-01-01
40832	2008-03-14	raw	2008-01-01
40833	2008-03-14	raw	2008-01-01
40834	2008-09-09	raw	2008-01-01
40835	2008-07-17	raw	2008-01-01
40836	2008-10-14	raw	2008-01-01
40837	2008-11-27	raw	2008-01-01
40838	2008-12-04	raw	2008-01-01
40839	2008-06-26	raw	2008-01-01
40840	2008-11-27	raw	2008-01-01
40841	2008-05-22	raw	2008-01-01
40842	2008-07-31	raw	2008-01-01
40843	2008-02-21	raw	2008-01-01
40844	2008-06-12	raw	2008-01-01
40845	2008-12-04	raw	2008-01-01
40846	2008-02-14	raw	2008-01-01
40847	2008-03-05	raw	2008-01-01
40848	2008-04-24	raw	2008-01-01
40849	2008-09-30	raw	2008-01-01
40850	2008-09-11	raw	2008-01-01
40851	2008-11-28	raw	2008-01-01
40852	2008-01-31	raw	2008-01-01
40853	2008-03-28	raw	2008-01-01
40854	2008-09-11	raw	2008-01-01
40855	2008-11-13	raw	2008-01-01
40856	2008-09-19	raw	2008-01-01
40857	2008-11-18	raw	2008-01-01
40858	2008-09-19	raw	2008-01-01
40859	2008-11-04	raw	2008-01-01
40860	2008-07-10	raw	2008-01-01
40861	2008-11-18	raw	2008-01-01
40862	2008-06-17	raw	2008-01-01
40863	2008-08-12	raw	2008-01-01
40864	2008-11-04	raw	2008-01-01
40865	2008-08-22	raw	2008-01-01
40866	2008-02-14	raw	2008-01-01
40867	2008-12-05	raw	2008-01-01
40868	2008-03-11	raw	2008-01-01
40869	2008-06-10	raw	2008-01-01
40870	2008-10-21	raw	2008-01-01
40871	2008-05-02	raw	2008-01-01
40872	2008-12-04	raw	2008-01-01
40873	2008-01-08	raw	2008-01-01
40874	2008-10-28	raw	2008-01-01
40875	2008-11-21	raw	2008-01-01
40876	2008-11-21	raw	2008-01-01
40877	2008-11-21	raw	2008-01-01
40878	2008-11-21	raw	2008-01-01
40879	2008-06-26	raw	2008-01-01
40880	2008-04-04	raw	2008-01-01
40881	2008-03-06	raw	2008-01-01
40882	2008-06-26	raw	2008-01-01
40883	2008-08-28	raw	2008-01-01
40884	2008-01-24	raw	2008-01-01
40885	2008-06-27	raw	2008-01-01
40886	2008-11-13	raw	2008-01-01
40887	2008-12-05	raw	2008-01-01
40889	2008-03-19	raw	2008-01-01
40890	2008-11-27	raw	2008-01-01
40891	2008-04-24	raw	2008-01-01
40892	2008-12-03	raw	2008-01-01
40893	2008-11-27	raw	2008-01-01
40894	2008-07-24	raw	2008-01-01
40895	2008-05-01	raw	2008-01-01
40896	2008-03-27	raw	2008-01-01
40897	2008-07-24	raw	2008-01-01
40898	2008-12-04	raw	2008-01-01
40899	2008-10-09	raw	2008-01-01
40900	2008-01-24	raw	2008-01-01
40901	2008-11-27	raw	2008-01-01
40902	2008-02-21	raw	2008-01-01
40903	2008-05-01	raw	2008-01-01
40904	2008-03-20	raw	2008-01-01
40905	2008-10-23	raw	2008-01-01
40906	2008-10-01	raw	2008-01-01
40907	2008-03-27	raw	2008-01-01
40908	2008-07-24	raw	2008-01-01
40909	2008-10-23	raw	2008-01-01
40910	2008-12-20	raw	2008-01-01
40911	2008-07-24	raw	2008-01-01
40913	2008-09-25	raw	2008-01-01
40914	2008-10-30	raw	2008-01-01
40915	2008-02-14	raw	2008-01-01
40916	2008-11-06	raw	2008-01-01
40917	2008-12-25	raw	2008-01-01
40918	2008-07-24	raw	2008-01-01
40919	2008-09-25	raw	2008-01-01
40920	2008-11-08	raw	2008-01-01
40921	2008-06-26	raw	2008-01-01
40922	2008-05-29	raw	2008-01-01
40923	2008-07-24	raw	2008-01-01
40924	2008-02-07	raw	2008-01-01
40925	2008-10-14	raw	2008-01-01
40926	2008-06-20	raw	2008-01-01
40927	2008-11-14	raw	2008-01-01
40928	2008-12-09	raw	2008-01-01
40929	2008-09-23	raw	2008-01-01
40930	2008-06-03	raw	2008-01-01
40931	2008-12-05	raw	2008-01-01
40932	2008-12-05	raw	2008-01-01
40933	2008-03-03	raw	2008-01-01
40934	2008-09-16	raw	2008-01-01
40935	2008-08-05	raw	2008-01-01
40936	2008-10-28	raw	2008-01-01
40937	2008-10-14	raw	2008-01-01
40938	2008-10-04	raw	2008-01-01
40939	2008-10-14	raw	2008-01-01
40940	2008-09-08	raw	2008-01-01
40941	2008-06-06	raw	2008-01-01
40942	2008-11-14	raw	2008-01-01
40943	2008-09-25	raw	2008-01-01
40944	2008-05-15	raw	2008-01-01
40945	2008-01-31	raw	2008-01-01
40946	2008-03-27	raw	2008-01-01
40947	2008-11-21	raw	2008-01-01
40948	2008-03-24	raw	2008-01-01
40949	2008-08-25	raw	2008-01-01
40950	2008-07-24	raw	2008-01-01
40951	2008-08-12	raw	2008-01-01
40952	2008-12-25	raw	2008-01-01
40953	2008-11-13	raw	2008-01-01
40954	2008-05-15	raw	2008-01-01
40956	2008-04-17	raw	2008-01-01
40957	2008-06-12	raw	2008-01-01
40958	2008-07-31	raw	2008-01-01
40959	2008-04-14	raw	2008-01-01
40960	2008-07-31	raw	2008-01-01
40961	2008-09-23	raw	2008-01-01
40962	2008-01-17	raw	2008-01-01
40963	2008-08-18	raw	2008-01-01
40964	2008-02-11	raw	2008-01-01
40965	2008-02-03	raw	2008-01-01
40966	2008-12-12	raw	2008-01-01
40967	2008-09-09	raw	2008-01-01
40968	2008-04-24	raw	2008-01-01
40969	2008-10-24	raw	2008-01-01
40970	2008-11-13	raw	2008-01-01
40971	2008-11-13	raw	2008-01-01
40974	2008-04-03	raw	2008-01-01
40975	2008-07-17	raw	2008-01-01
40976	2008-07-24	raw	2008-01-01
40977	2008-01-15	raw	2008-01-01
40978	2008-06-06	raw	2008-01-01
40979	2008-03-27	raw	2008-01-01
40980	2008-03-27	raw	2008-01-01
40981	2008-03-18	raw	2008-01-01
40982	2008-07-17	raw	2008-01-01
40983	2008-08-07	raw	2008-01-01
40984	2008-02-14	raw	2008-01-01
40985	2008-07-31	raw	2008-01-01
40986	2008-07-24	raw	2008-01-01
40987	2008-12-18	raw	2008-01-01
40988	2008-10-28	raw	2008-01-01
40989	2008-10-31	raw	2008-01-01
40990	2008-08-07	raw	2008-01-01
40991	2008-04-24	raw	2008-01-01
40992	2008-03-20	raw	2008-01-01
40994	2008-12-04	raw	2008-01-01
40995	2008-10-23	raw	2008-01-01
40996	2008-11-27	raw	2008-01-01
40997	2008-11-27	raw	2008-01-01
40998	2008-11-28	raw	2008-01-01
40999	2008-04-22	raw	2008-01-01
41000	2008-12-04	raw	2008-01-01
41001	2008-03-14	raw	2008-01-01
41002	2008-01-31	raw	2008-01-01
41003	2008-10-11	raw	2008-01-01
41004	2008-12-05	raw	2008-01-01
41005	2008-10-28	raw	2008-01-01
41006	2008-11-04	raw	2008-01-01
41008	2008-08-26	raw	2008-01-01
41009	2008-11-14	raw	2008-01-01
41010	2008-06-10	raw	2008-01-01
41011	2008-11-21	raw	2008-01-01
41012	2008-09-23	raw	2008-01-01
41013	2008-09-22	raw	2008-01-01
41014	2008-09-26	raw	2008-01-01
41016	2008-07-10	raw	2008-01-01
41017	2008-09-23	raw	2008-01-01
41018	2008-09-16	raw	2008-01-01
41019	2008-11-11	raw	2008-01-01
41020	2008-11-14	raw	2008-01-01
41021	2008-06-12	raw	2008-01-01
41022	2008-10-28	raw	2008-01-01
41023	2008-09-08	raw	2008-01-01
41024	2008-05-01	raw	2008-01-01
41025	2008-12-19	raw	2008-01-01
41026	2008-12-24	raw	2008-01-01
41027	2008-08-26	raw	2008-01-01
41028	2008-09-16	raw	2008-01-01
41029	2008-12-18	raw	2008-01-01
41030	2008-07-03	raw	2008-01-01
41031	2008-05-15	raw	2008-01-01
41032	2008-07-23	raw	2008-01-01
41033	2008-03-11	raw	2008-01-01
41034	2008-02-14	raw	2008-01-01
41035	2008-07-10	raw	2008-01-01
41036	2008-04-24	raw	2008-01-01
41037	2008-07-31	raw	2008-01-01
41038	2008-10-16	raw	2008-01-01
41039	2008-11-17	raw	2008-01-01
41040	2008-11-21	raw	2008-01-01
41041	2008-11-25	raw	2008-01-01
41042	2008-04-24	raw	2008-01-01
41043	2008-04-24	raw	2008-01-01
41044	2008-04-24	raw	2008-01-01
41045	2008-07-22	raw	2008-01-01
41046	2008-11-13	raw	2008-01-01
41047	2008-03-20	raw	2008-01-01
41048	2008-03-04	raw	2008-01-01
41049	2008-10-28	raw	2008-01-01
41050	2008-07-24	raw	2008-01-01
41051	2008-07-31	raw	2008-01-01
41052	2008-11-06	raw	2008-01-01
41053	2008-12-18	raw	2008-01-01
41054	2008-05-22	raw	2008-01-01
41055	2008-06-26	raw	2008-01-01
41056	2008-06-26	raw	2008-01-01
41057	2008-04-24	raw	2008-01-01
41058	2008-04-10	raw	2008-01-01
41059	2008-06-12	raw	2008-01-01
41060	2008-12-07	raw	2008-01-01
41061	2008-02-14	raw	2008-01-01
41062	2008-09-18	raw	2008-01-01
41063	2008-04-24	raw	2008-01-01
41064	2008-10-20	raw	2008-01-01
41065	2008-08-29	raw	2008-01-01
41066	2008-12-11	raw	2008-01-01
41067	2008-11-28	raw	2008-01-01
41068	2008-06-30	raw	2008-01-01
41069	2008-02-07	raw	2008-01-01
41070	2008-10-22	raw	2008-01-01
41071	2008-07-23	raw	2008-01-01
41072	2008-05-22	raw	2008-01-01
41073	2008-11-18	raw	2008-01-01
41074	2008-10-11	raw	2008-01-01
41075	2008-10-11	raw	2008-01-01
41076	2008-02-26	raw	2008-01-01
41077	2008-03-04	raw	2008-01-01
41078	2008-11-18	raw	2008-01-01
41079	2008-06-17	raw	2008-01-01
41080	2008-11-04	raw	2008-01-01
41081	2008-11-18	raw	2008-01-01
41082	2008-12-25	raw	2008-01-01
41083	2008-11-06	raw	2008-01-01
41084	2008-09-23	raw	2008-01-01
41085	2008-09-12	raw	2008-01-01
41087	2008-11-13	raw	2008-01-01
41089	2008-10-10	raw	2008-01-01
41090	2008-04-11	raw	2008-01-01
41091	2008-10-31	raw	2008-01-01
41092	2008-03-19	raw	2008-01-01
41093	2008-09-13	raw	2008-01-01
41094	2008-03-20	raw	2008-01-01
41095	2008-10-07	raw	2008-01-01
41096	2008-11-03	raw	2008-01-01
41097	2008-04-24	raw	2008-01-01
41098	2008-02-21	raw	2008-01-01
41099	2008-03-14	raw	2008-01-01
41100	2008-02-11	raw	2008-01-01
41101	2008-12-04	raw	2008-01-01
41102	2008-08-18	raw	2008-01-01
41103	2008-03-26	raw	2008-01-01
41104	2008-09-25	raw	2008-01-01
41105	2008-12-02	raw	2008-01-01
41106	2008-05-29	raw	2008-01-01
41107	2008-09-25	raw	2008-01-01
41108	2008-04-25	raw	2008-01-01
41109	2008-05-22	raw	2008-01-01
41110	2008-03-31	raw	2008-01-01
41111	2008-11-28	raw	2008-01-01
41112	2008-11-27	raw	2008-01-01
41113	2008-02-05	raw	2008-01-01
41114	2008-07-31	raw	2008-01-01
41115	2008-07-31	raw	2008-01-01
41116	2008-06-09	raw	2008-01-01
41117	2008-04-17	raw	2008-01-01
41118	2008-04-17	raw	2008-01-01
41119	2008-04-17	raw	2008-01-01
41120	2008-08-01	raw	2008-01-01
41121	2008-06-13	raw	2008-01-01
41122	2008-09-12	raw	2008-01-01
41123	2008-05-29	raw	2008-01-01
41124	2008-12-18	raw	2008-01-01
41125	2008-09-09	raw	2008-01-01
41126	2008-11-18	raw	2008-01-01
41127	2008-02-07	raw	2008-01-01
41128	2008-11-04	raw	2008-01-01
41129	2008-10-09	raw	2008-01-01
41130	2008-09-30	raw	2008-01-01
41131	2008-09-16	raw	2008-01-01
41132	2008-08-28	raw	2008-01-01
41133	2008-12-11	raw	2008-01-01
41134	2008-12-11	raw	2008-01-01
41135	2008-07-31	raw	2008-01-01
41136	2008-08-07	raw	2008-01-01
41137	2008-07-31	raw	2008-01-01
41138	2008-11-13	raw	2008-01-01
41139	2008-07-03	raw	2008-01-01
41140	2008-08-22	raw	2008-01-01
41141	2008-10-28	raw	2008-01-01
41142	2008-08-05	raw	2008-01-01
41143	2008-10-14	raw	2008-01-01
41144	2008-10-20	raw	2008-01-01
41145	2008-08-07	raw	2008-01-01
41146	2008-03-20	raw	2008-01-01
41147	2008-10-28	raw	2008-01-01
41148	2008-01-03	raw	2008-01-01
41149	2008-10-23	raw	2008-01-01
41150	2008-11-20	raw	2008-01-01
41151	2008-03-27	raw	2008-01-01
41152	2008-11-04	raw	2008-01-01
41153	2008-08-28	raw	2008-01-01
41154	2008-09-25	raw	2008-01-01
41155	2008-08-07	raw	2008-01-01
41156	2008-05-23	raw	2008-01-01
41157	2008-03-18	raw	2008-01-01
41158	2008-11-16	raw	2008-01-01
41159	2008-09-23	raw	2008-01-01
41160	2008-08-27	raw	2008-01-01
41161	2008-08-08	raw	2008-01-01
41162	2008-07-31	raw	2008-01-01
41163	2008-08-28	raw	2008-01-01
41164	2008-04-10	raw	2008-01-01
41165	2008-03-13	raw	2008-01-01
41166	2008-11-06	raw	2008-01-01
41167	2008-07-08	raw	2008-01-01
41168	2008-08-21	raw	2008-01-01
41169	2008-03-19	raw	2008-01-01
41171	2008-10-28	raw	2008-01-01
41172	2008-11-19	raw	2008-01-01
41173	2008-10-07	raw	2008-01-01
41174	2008-04-24	raw	2008-01-01
41175	2008-10-28	raw	2008-01-01
41176	2008-10-23	raw	2008-01-01
41177	2008-10-28	raw	2008-01-01
41178	2008-10-14	raw	2008-01-01
41179	2008-10-09	raw	2008-01-01
41180	2008-09-25	raw	2008-01-01
41181	2008-04-11	raw	2008-01-01
41182	2008-02-28	raw	2008-01-01
41183	2008-09-26	raw	2008-01-01
41184	2008-06-10	raw	2008-01-01
41185	2008-10-23	raw	2008-01-01
41186	2008-12-11	raw	2008-01-01
41187	2008-12-18	raw	2008-01-01
41188	2008-02-21	raw	2008-01-01
41189	2008-06-19	raw	2008-01-01
41190	2008-10-07	raw	2008-01-01
41191	2008-05-06	raw	2008-01-01
41192	2008-10-24	raw	2008-01-01
41193	2008-03-05	raw	2008-01-01
41194	2008-10-20	raw	2008-01-01
41195	2008-09-04	raw	2008-01-01
41196	2008-07-24	raw	2008-01-01
41197	2008-11-11	raw	2008-01-01
41198	2008-09-16	raw	2008-01-01
41199	2008-07-29	raw	2008-01-01
41200	2008-06-06	raw	2008-01-01
41201	2008-05-16	raw	2008-01-01
41202	2008-10-23	raw	2008-01-01
41203	2008-09-12	raw	2008-01-01
41205	2008-05-29	raw	2008-01-01
41206	2008-12-18	raw	2008-01-01
41207	2008-04-24	raw	2008-01-01
41208	2008-08-07	raw	2008-01-01
41209	2008-03-19	raw	2008-01-01
41210	2008-05-26	raw	2008-01-01
41211	2008-05-29	raw	2008-01-01
41212	2008-10-10	raw	2008-01-01
41213	2008-11-21	raw	2008-01-01
41214	2008-07-25	raw	2008-01-01
41215	2008-11-25	raw	2008-01-01
41216	2008-01-22	raw	2008-01-01
41217	2008-08-28	raw	2008-01-01
41218	2008-11-13	raw	2008-01-01
41219	2008-10-13	raw	2008-01-01
41220	2008-12-11	raw	2008-01-01
41221	2008-11-27	raw	2008-01-01
41222	2008-02-14	raw	2008-01-01
41223	2008-04-24	raw	2008-01-01
41224	2008-12-25	raw	2008-01-01
41225	2008-10-07	raw	2008-01-01
41226	2008-11-17	raw	2008-01-01
41227	2008-03-28	raw	2008-01-01
41228	2008-07-16	raw	2008-01-01
41230	2008-01-24	raw	2008-01-01
41231	2008-10-09	raw	2008-01-01
41232	2008-10-09	raw	2008-01-01
41233	2008-03-27	raw	2008-01-01
41234	2008-07-10	raw	2008-01-01
41235	2008-08-13	raw	2008-01-01
41236	2008-01-31	raw	2008-01-01
41237	2008-11-27	raw	2008-01-01
41238	2008-03-13	raw	2008-01-01
41239	2008-05-22	raw	2008-01-01
41240	2008-03-27	raw	2008-01-01
41241	2008-09-25	raw	2008-01-01
41242	2008-08-28	raw	2008-01-01
41243	2008-03-27	raw	2008-01-01
41244	2008-07-10	raw	2008-01-01
41245	2008-03-13	raw	2008-01-01
41246	2008-06-05	raw	2008-01-01
41247	2008-03-11	raw	2008-01-01
41248	2008-10-21	raw	2008-01-01
41249	2008-07-10	raw	2008-01-01
41250	2008-12-05	raw	2008-01-01
41251	2008-11-27	raw	2008-01-01
41252	2008-04-30	raw	2008-01-01
41253	2008-09-09	raw	2008-01-01
41254	2008-06-26	raw	2008-01-01
41255	2008-08-26	raw	2008-01-01
41256	2008-02-05	raw	2008-01-01
41257	2008-04-18	raw	2008-01-01
41258	2008-12-02	raw	2008-01-01
41259	2008-06-26	raw	2008-01-01
41260	2008-04-25	raw	2008-01-01
41261	2008-12-25	raw	2008-01-01
41262	2008-08-15	raw	2008-01-01
41263	2008-01-31	raw	2008-01-01
41264	2008-09-11	raw	2008-01-01
41265	2008-09-19	raw	2008-01-01
41266	2008-03-19	raw	2008-01-01
41267	2008-10-21	raw	2008-01-01
41268	2008-08-28	raw	2008-01-01
41269	2008-02-14	raw	2008-01-01
41270	2008-09-18	raw	2008-01-01
41271	2008-08-21	raw	2008-01-01
41272	2008-02-21	raw	2008-01-01
41273	2008-11-04	raw	2008-01-01
41274	2008-11-18	raw	2008-01-01
41275	2008-11-20	raw	2008-01-01
41276	2008-11-18	raw	2008-01-01
41277	2008-10-31	raw	2008-01-01
41278	2008-06-23	raw	2008-01-01
41279	2008-05-16	raw	2008-01-01
41280	2008-09-30	raw	2008-01-01
41281	2008-11-13	raw	2008-01-01
41282	2008-04-03	raw	2008-01-01
41283	2008-01-17	raw	2008-01-01
41284	2008-05-29	raw	2008-01-01
41285	2008-11-03	raw	2008-01-01
41286	2008-12-18	raw	2008-01-01
41287	2008-04-29	raw	2008-01-01
41288	2008-11-14	raw	2008-01-01
41289	2008-10-21	raw	2008-01-01
41290	2008-07-01	raw	2008-01-01
41291	2008-05-22	raw	2008-01-01
41292	2008-11-20	raw	2008-01-01
41293	2008-11-20	raw	2008-01-01
41294	2008-10-28	raw	2008-01-01
41295	2008-11-04	raw	2008-01-01
41296	2008-07-24	raw	2008-01-01
41297	2008-05-30	raw	2008-01-01
41298	2008-04-12	raw	2008-01-01
41299	2008-11-04	raw	2008-01-01
41300	2008-01-31	raw	2008-01-01
41301	2008-08-28	raw	2008-01-01
41302	2008-09-25	raw	2008-01-01
41303	2008-04-25	raw	2008-01-01
41304	2008-07-15	raw	2008-01-01
41305	2008-10-02	raw	2008-01-01
41306	2008-09-16	raw	2008-01-01
41307	2008-08-21	raw	2008-01-01
41308	2008-08-28	raw	2008-01-01
41309	2008-11-01	raw	2008-01-01
41310	2008-09-22	raw	2008-01-01
41311	2008-03-27	raw	2008-01-01
41312	2008-10-30	raw	2008-01-01
41313	2008-09-05	raw	2008-01-01
41314	2008-11-07	raw	2008-01-01
41315	2008-06-17	raw	2008-01-01
41316	2008-08-07	raw	2008-01-01
41317	2008-11-07	raw	2008-01-01
41318	2008-10-02	raw	2008-01-01
41319	2008-10-21	raw	2008-01-01
41320	2008-11-28	raw	2008-01-01
41321	2008-07-31	raw	2008-01-01
41322	2008-11-25	raw	2008-01-01
41323	2008-03-07	raw	2008-01-01
41324	2008-10-27	raw	2008-01-01
41325	2008-07-08	raw	2008-01-01
41326	2008-12-02	raw	2008-01-01
41327	2008-08-12	raw	2008-01-01
41328	2008-09-26	raw	2008-01-01
41329	2008-07-14	raw	2008-01-01
41331	2008-10-11	raw	2008-01-01
41332	2008-04-24	raw	2008-01-01
41333	2008-10-30	raw	2008-01-01
41334	2008-03-20	raw	2008-01-01
41335	2008-03-20	raw	2008-01-01
41336	2008-04-24	raw	2008-01-01
41337	2008-10-31	raw	2008-01-01
41338	2008-10-31	raw	2008-01-01
41339	2008-09-04	raw	2008-01-01
41340	2008-05-29	raw	2008-01-01
41341	2008-12-22	raw	2008-01-01
41342	2008-02-04	raw	2008-01-01
41343	2008-10-20	raw	2008-01-01
41344	2008-10-03	raw	2008-01-01
41345	2008-02-08	raw	2008-01-01
41346	2008-10-10	raw	2008-01-01
41347	2008-08-15	raw	2008-01-01
41448	2007-04-12	raw	2007-01-01
41652	2008-05-15	raw	2008-01-01
41836	2008-07-15	raw	2008-01-01
41874	2008-07-22	raw	2008-01-01
42010	2008-09-22	raw	2008-01-01
42524	2008-11-18	raw	2008-01-01
42532	2009-06-30	raw	2009-01-01
42533	2009-10-27	raw	2009-01-01
42534	2009-12-03	raw	2009-01-01
42535	2009-12-03	raw	2009-01-01
42536	2009-10-30	raw	2009-01-01
42537	2009-03-05	raw	2009-01-01
42538	2009-08-07	raw	2009-01-01
42539	2009-05-28	raw	2009-01-01
42540	2009-04-03	raw	2009-01-01
42541	2009-07-02	raw	2009-01-01
42542	2009-05-28	raw	2009-01-01
42543	2009-12-10	raw	2009-01-01
42544	2009-11-12	raw	2009-01-01
42545	2009-03-05	raw	2009-01-01
42546	2009-03-26	raw	2009-01-01
42547	2009-11-19	raw	2009-01-01
42548	2009-08-06	raw	2009-01-01
42549	2009-10-01	raw	2009-01-01
42550	2009-05-14	raw	2009-01-01
42551	2009-05-15	raw	2009-01-01
42552	2009-10-16	raw	2009-01-01
42553	2009-08-17	raw	2009-01-01
42554	2009-10-14	raw	2009-01-01
42555	2009-10-14	raw	2009-01-01
42556	2009-10-06	raw	2009-01-01
42557	2009-03-13	raw	2009-01-01
42558	2009-09-15	raw	2009-01-01
42559	2009-04-23	raw	2009-01-01
42560	2009-12-17	raw	2009-01-01
42561	2009-09-03	raw	2009-01-01
42562	2009-07-14	raw	2009-01-01
42563	2009-06-17	raw	2009-01-01
42564	2009-03-02	raw	2009-01-01
42565	2009-10-06	raw	2009-01-01
42566	2009-09-10	raw	2009-01-01
42567	2009-10-26	raw	2009-01-01
42568	2009-03-05	raw	2009-01-01
42569	2009-06-18	raw	2009-01-01
42570	2009-03-01	raw	2009-01-01
42571	2009-11-17	raw	2009-01-01
42572	2009-10-29	raw	2009-01-01
42573	2009-10-20	raw	2009-01-01
42574	2009-07-03	raw	2009-01-01
42575	2009-09-22	raw	2009-01-01
42576	2009-03-12	raw	2009-01-01
42577	2009-09-17	raw	2009-01-01
42578	2009-09-21	raw	2009-01-01
42579	2009-02-20	raw	2009-01-01
42580	2009-07-21	raw	2009-01-01
42581	2009-03-26	raw	2009-01-01
42582	2009-10-20	raw	2009-01-01
42583	2009-10-23	raw	2009-01-01
42584	2009-11-03	raw	2009-01-01
42585	2009-11-03	raw	2009-01-01
42586	2009-09-29	raw	2009-01-01
42587	2009-10-27	raw	2009-01-01
42588	2009-03-13	raw	2009-01-01
42589	2009-12-03	raw	2009-01-01
42590	2009-03-13	raw	2009-01-01
42591	2009-01-21	wikidata:Q2902138	2009-01-01
42592	2009-06-16	raw	2009-01-01
42593	2009-01-09	raw	2009-01-01
42595	2009-06-09	raw	2009-01-01
42596	2009-08-06	raw	2009-01-01
42597	2009-09-18	raw	2009-01-01
42598	2009-08-06	raw	2009-01-01
42599	2009-10-08	raw	2009-01-01
42600	2009-11-30	raw	2009-01-01
42601	2009-03-14	raw	2009-01-01
42602	2009-03-24	raw	2009-01-01
42603	2009-04-22	raw	2009-01-01
42604	2009-02-05	raw	2009-01-01
42605	2009-03-25	raw	2009-01-01
42606	2009-07-07	raw	2009-01-01
42607	2009-10-27	raw	2009-01-01
42608	2009-10-13	raw	2009-01-01
42609	2009-11-10	raw	2009-01-01
42610	2009-11-09	raw	2009-01-01
42611	2009-03-19	raw	2009-01-01
42612	2009-05-28	raw	2009-01-01
42613	2009-05-18	raw	2009-01-01
42614	2009-05-15	raw	2009-01-01
42615	2009-11-10	raw	2009-01-01
42616	2009-09-01	raw	2009-01-01
42617	2009-10-20	raw	2009-01-01
42618	2009-10-20	raw	2009-01-01
42619	2009-10-20	raw	2009-01-01
42620	2009-02-05	raw	2009-01-01
42621	2009-09-15	raw	2009-01-01
42622	2009-03-19	raw	2009-01-01
42623	2009-02-19	raw	2009-01-01
42624	2009-05-28	raw	2009-01-01
42625	2009-11-02	raw	2009-01-01
42626	2009-08-07	raw	2009-01-01
42627	2009-07-23	raw	2009-01-01
42628	2009-05-28	raw	2009-01-01
42629	2009-10-23	raw	2009-01-01
42630	2009-09-11	raw	2009-01-01
42631	2009-07-13	raw	2009-01-01
42632	2009-02-27	raw	2009-01-01
42633	2009-10-20	raw	2009-01-01
42634	2009-01-27	raw	2009-01-01
42639	2009-12-29	raw	2009-01-01
42640	2009-11-06	raw	2009-01-01
42641	2009-12-03	raw	2009-01-01
42642	2009-06-11	raw	2009-01-01
42643	2009-06-11	raw	2009-01-01
42644	2009-06-11	raw	2009-01-01
42645	2009-12-03	raw	2009-01-01
42646	2009-12-03	raw	2009-01-01
42647	2009-03-19	raw	2009-01-01
42648	2009-08-21	raw	2009-01-01
42649	2009-01-15	raw	2009-01-01
42650	2009-09-07	raw	2009-01-01
42651	2009-10-29	raw	2009-01-01
42652	2009-05-22	raw	2009-01-01
42653	2009-05-28	raw	2009-01-01
42654	2009-12-17	raw	2009-01-01
42655	2009-03-19	raw	2009-01-01
42656	2009-11-12	raw	2009-01-01
42657	2009-10-13	raw	2009-01-01
42658	2009-05-26	raw	2009-01-01
42659	2009-05-11	raw	2009-01-01
42660	2009-02-05	raw	2009-01-01
42661	2009-06-26	raw	2009-01-01
42662	2009-11-04	raw	2009-01-01
42663	2009-03-12	raw	2009-01-01
42664	2009-09-18	raw	2009-01-01
42665	2009-07-21	raw	2009-01-01
42666	2009-09-08	raw	2009-01-01
42667	2009-03-27	raw	2009-01-01
42668	2009-03-27	raw	2009-01-01
42669	2009-06-29	raw	2009-01-01
42670	2009-03-27	raw	2009-01-01
42671	2009-03-27	raw	2009-01-01
42672	2009-11-24	raw	2009-01-01
42673	2009-10-27	raw	2009-01-01
42674	2009-12-03	raw	2009-01-01
42675	2009-10-12	raw	2009-01-01
42676	2009-05-26	raw	2009-01-01
42677	2009-04-09	raw	2009-01-01
42678	2009-06-16	raw	2009-01-01
42679	2009-10-13	raw	2009-01-01
42680	2009-07-30	raw	2009-01-01
42681	2009-10-30	raw	2009-01-01
42682	2009-03-13	raw	2009-01-01
42683	2009-03-27	raw	2009-01-01
42684	2009-11-19	raw	2009-01-01
42685	2009-04-29	raw	2009-01-01
42686	2009-02-26	raw	2009-01-01
42688	2009-07-11	raw	2009-01-01
42689	2009-11-21	raw	2009-01-01
42690	2009-11-06	raw	2009-01-01
42691	2009-05-12	raw	2009-01-01
42692	2009-10-08	raw	2009-01-01
42693	2009-03-02	raw	2009-01-01
42694	2009-09-29	raw	2009-01-01
42695	2009-03-09	raw	2009-01-01
42696	2009-10-23	raw	2009-01-01
42697	2009-05-12	raw	2009-01-01
42698	2009-03-17	raw	2009-01-01
42699	2009-03-10	raw	2009-01-01
42700	2009-03-17	raw	2009-01-01
42701	2009-06-09	raw	2009-01-01
42702	2009-09-28	raw	2009-01-01
42703	2009-04-29	raw	2009-01-01
42704	2009-12-04	raw	2009-01-01
42705	2009-05-28	raw	2009-01-01
42706	2009-05-25	raw	2009-01-01
42707	2009-04-09	raw	2009-01-01
42708	2009-05-14	raw	2009-01-01
42709	2009-10-22	raw	2009-01-01
42710	2009-02-27	raw	2009-01-01
42711	2009-08-31	raw	2009-01-01
42712	2009-04-07	raw	2009-01-01
42713	2009-04-14	raw	2009-01-01
42714	2009-10-01	raw	2009-01-01
42715	2009-09-21	raw	2009-01-01
42716	2009-10-10	raw	2009-01-01
42717	2009-09-29	raw	2009-01-01
42718	2009-10-23	raw	2009-01-01
42719	2009-03-25	raw	2009-01-01
42720	2009-03-13	raw	2009-01-01
42721	2009-07-17	raw	2009-01-01
42722	2009-11-23	raw	2009-01-01
42723	2009-01-29	raw	2009-01-01
42724	2009-10-29	raw	2009-01-01
42726	2009-05-20	raw	2009-01-01
42727	2009-05-14	raw	2009-01-01
42729	2009-03-29	raw	2009-01-01
42730	2009-06-26	raw	2009-01-01
42731	2009-11-24	raw	2009-01-01
42732	2009-11-19	raw	2009-01-01
42733	2009-10-29	raw	2009-01-01
42734	2009-07-10	raw	2009-01-01
42735	2009-06-25	raw	2009-01-01
42736	2009-04-23	raw	2009-01-01
42737	2009-12-17	raw	2009-01-01
42738	2009-07-21	raw	2009-01-01
42739	2009-08-24	raw	2009-01-01
42740	2009-03-26	raw	2009-01-01
42741	2009-07-01	raw	2009-01-01
42742	2009-10-08	raw	2009-01-01
42743	2009-02-26	raw	2009-01-01
42744	2009-03-19	raw	2009-01-01
42745	2009-04-15	raw	2009-01-01
42746	2009-06-16	raw	2009-01-01
42747	2009-04-03	raw	2009-01-01
42748	2009-07-23	raw	2009-01-01
42749	2009-11-05	raw	2009-01-01
42750	2009-11-26	raw	2009-01-01
42751	2009-08-28	raw	2009-01-01
42752	2009-06-18	raw	2009-01-01
42753	2009-03-17	raw	2009-01-01
42754	2009-10-22	raw	2009-01-01
42755	2009-03-04	raw	2009-01-01
42756	2009-10-02	raw	2009-01-01
42757	2009-06-09	raw	2009-01-01
42758	2009-03-12	raw	2009-01-01
42759	2009-03-26	raw	2009-01-01
42760	2009-12-01	raw	2009-01-01
42761	2009-10-06	raw	2009-01-01
42762	2009-06-06	raw	2009-01-01
42763	2009-06-30	raw	2009-01-01
42764	2009-08-07	raw	2009-01-01
42765	2009-10-26	raw	2009-01-01
42766	2009-05-12	raw	2009-01-01
42767	2009-07-09	raw	2009-01-01
42768	2009-06-11	raw	2009-01-01
42770	2009-09-18	raw	2009-01-01
42771	2009-07-30	raw	2009-01-01
42772	2009-03-17	raw	2009-01-01
42775	2009-02-12	raw	2009-01-01
42776	2009-11-03	raw	2009-01-01
42777	2009-05-28	raw	2009-01-01
42779	2009-01-29	raw	2009-01-01
42780	2009-06-30	raw	2009-01-01
42781	2009-03-27	raw	2009-01-01
42782	2009-08-07	raw	2009-01-01
42783	2009-11-12	raw	2009-01-01
42784	2009-05-12	raw	2009-01-01
42785	2009-01-06	raw	2009-01-01
42786	2009-08-06	raw	2009-01-01
42787	2009-06-16	raw	2009-01-01
42788	2009-05-20	raw	2009-01-01
42789	2009-04-27	raw	2009-01-01
42790	2009-11-20	raw	2009-01-01
42791	2009-09-03	raw	2009-01-01
42792	2009-06-26	raw	2009-01-01
42793	2009-08-25	raw	2009-01-01
42794	2009-10-27	raw	2009-01-01
42795	2009-11-03	raw	2009-01-01
42796	2009-06-02	raw	2009-01-01
42797	2009-01-27	raw	2009-01-01
42798	2009-09-08	raw	2009-01-01
42799	2009-03-31	raw	2009-01-01
42800	2009-10-20	raw	2009-01-01
42801	2009-05-05	raw	2009-01-01
42802	2009-09-28	raw	2009-01-01
42803	2009-09-29	raw	2009-01-01
42804	2009-08-11	raw	2009-01-01
42805	2009-10-13	raw	2009-01-01
42806	2009-08-25	raw	2009-01-01
42807	2009-10-06	raw	2009-01-01
42808	2009-10-01	raw	2009-01-01
42809	2009-10-01	raw	2009-01-01
42810	2009-06-09	raw	2009-01-01
42811	2009-06-11	raw	2009-01-01
42812	2009-01-12	raw	2009-01-01
42813	2009-03-26	raw	2009-01-01
42814	2009-01-22	raw	2009-01-01
42815	2009-08-06	raw	2009-01-01
42816	2009-11-18	raw	2009-01-01
42817	2009-08-06	raw	2009-01-01
42818	2009-09-08	raw	2009-01-01
42819	2009-10-20	raw	2009-01-01
42820	2009-11-17	raw	2009-01-01
42821	2009-12-01	raw	2009-01-01
42822	2009-09-22	raw	2009-01-01
42823	2009-03-27	raw	2009-01-01
42824	2009-11-23	raw	2009-01-01
42825	2009-04-30	raw	2009-01-01
42826	2009-12-17	raw	2009-01-01
42827	2009-04-09	raw	2009-01-01
42828	2009-12-03	raw	2009-01-01
42829	2009-01-27	raw	2009-01-01
42830	2009-11-10	raw	2009-01-01
42831	2009-08-07	raw	2009-01-01
42832	2009-03-09	raw	2009-01-01
42833	2009-11-17	raw	2009-01-01
42834	2009-12-03	raw	2009-01-01
42835	2009-04-16	raw	2009-01-01
42836	2009-07-23	raw	2009-01-01
42837	2009-12-17	raw	2009-01-01
42838	2009-07-23	raw	2009-01-01
42839	2009-03-26	raw	2009-01-01
42840	2009-07-06	raw	2009-01-01
42841	2009-02-26	raw	2009-01-01
42842	2009-10-15	raw	2009-01-01
42843	2009-03-05	raw	2009-01-01
42844	2009-09-17	raw	2009-01-01
42845	2009-05-30	raw	2009-01-01
42846	2009-07-17	raw	2009-01-01
42847	2009-05-08	raw	2009-01-01
42848	2009-06-04	raw	2009-01-01
42849	2009-10-09	raw	2009-01-01
42850	2009-07-23	raw	2009-01-01
42851	2009-12-17	raw	2009-01-01
42852	2009-07-16	raw	2009-01-01
42853	2009-10-22	raw	2009-01-01
42854	2009-03-19	raw	2009-01-01
42855	2009-12-10	raw	2009-01-01
42857	2009-05-11	raw	2009-01-01
42859	2009-04-23	raw	2009-01-01
42860	2009-12-29	raw	2009-01-01
42861	2009-12-27	raw	2009-01-01
42862	2009-02-06	raw	2009-01-01
42863	2009-06-09	raw	2009-01-01
42864	2009-11-17	raw	2009-01-01
42865	2009-11-03	raw	2009-01-01
42866	2009-02-27	raw	2009-01-01
42867	2009-12-22	raw	2009-01-01
42868	2009-04-02	raw	2009-01-01
42869	2009-06-23	raw	2009-01-01
42870	2009-09-03	raw	2009-01-01
42871	2009-10-20	raw	2009-01-01
42872	2009-10-20	raw	2009-01-01
42873	2009-10-20	raw	2009-01-01
42874	2009-03-03	raw	2009-01-01
42875	2009-08-20	raw	2009-01-01
42876	2009-07-10	raw	2009-01-01
42877	2009-02-20	raw	2009-01-01
42878	2009-03-31	raw	2009-01-01
42879	2009-04-09	raw	2009-01-01
42880	2009-09-03	raw	2009-01-01
42881	2009-11-05	raw	2009-01-01
42882	2009-12-10	raw	2009-01-01
42885	2009-12-01	raw	2009-01-01
42886	2009-04-16	raw	2009-01-01
42887	2009-02-19	raw	2009-01-01
42888	2009-11-30	raw	2009-01-01
42890	2009-09-16	raw	2009-01-01
42891	2009-03-03	raw	2009-01-01
42892	2009-10-23	raw	2009-01-01
42893	2009-02-11	raw	2009-01-01
42894	2009-10-13	raw	2009-01-01
42895	2009-08-18	raw	2009-01-01
42896	2009-10-20	raw	2009-01-01
42897	2009-09-15	raw	2009-01-01
42899	2009-09-25	raw	2009-01-01
42900	2009-02-05	raw	2009-01-01
42901	2009-02-05	raw	2009-01-01
42902	2009-09-17	raw	2009-01-01
42903	2009-03-26	raw	2009-01-01
42904	2009-10-01	raw	2009-01-01
42905	2009-04-23	raw	2009-01-01
42907	2009-06-09	raw	2009-01-01
42908	2009-12-01	raw	2009-01-01
42909	2009-03-20	raw	2009-01-01
42910	2009-02-19	raw	2009-01-01
42911	2009-04-24	raw	2009-01-01
42912	2009-02-13	raw	2009-01-01
42913	2009-02-13	raw	2009-01-01
42914	2009-02-13	raw	2009-01-01
42915	2009-02-13	raw	2009-01-01
42916	2009-02-13	raw	2009-01-01
42917	2009-09-08	raw	2009-01-01
42918	2009-12-17	raw	2009-01-01
42919	2009-04-30	raw	2009-01-01
42920	2009-07-02	raw	2009-01-01
42921	2009-01-22	raw	2009-01-01
42922	2009-06-26	raw	2009-01-01
42923	2009-06-26	raw	2009-01-01
42924	2009-03-23	raw	2009-01-01
42925	2009-12-10	raw	2009-01-01
42926	2009-03-02	raw	2009-01-01
42927	2009-08-11	raw	2009-01-01
42928	2009-01-22	raw	2009-01-01
42929	2009-11-19	raw	2009-01-01
42930	2009-01-13	raw	2009-01-01
42931	2009-09-17	raw	2009-01-01
42932	2009-07-23	raw	2009-01-01
42933	2009-11-11	raw	2009-01-01
42934	2009-11-17	raw	2009-01-01
42935	2009-09-14	raw	2009-01-01
42936	2009-08-05	raw	2009-01-01
42938	2009-03-10	raw	2009-01-01
42939	2009-09-25	raw	2009-01-01
42940	2009-07-31	raw	2009-01-01
42941	2009-11-17	raw	2009-01-01
42942	2009-02-27	raw	2009-01-01
42943	2009-09-15	raw	2009-01-01
42944	2009-09-15	raw	2009-01-01
42945	2009-09-15	raw	2009-01-01
42946	2009-09-25	raw	2009-01-01
42947	2009-03-10	raw	2009-01-01
42948	2009-06-08	raw	2009-01-01
42949	2009-04-01	raw	2009-01-01
42950	2009-06-26	raw	2009-01-01
42951	2009-08-27	raw	2009-01-01
42952	2009-12-24	raw	2009-01-01
42953	2009-04-29	raw	2009-01-01
42954	2009-11-02	raw	2009-01-01
42955	2009-08-06	raw	2009-01-01
42956	2009-02-26	raw	2009-01-01
42957	2009-01-22	raw	2009-01-01
42958	2009-11-03	raw	2009-01-01
42959	2009-12-09	raw	2009-01-01
42960	2009-11-03	raw	2009-01-01
42961	2009-12-10	raw	2009-01-01
42962	2009-10-16	raw	2009-01-01
42963	2009-03-26	raw	2009-01-01
42964	2009-06-18	raw	2009-01-01
42965	2009-04-30	raw	2009-01-01
42966	2009-11-26	raw	2009-01-01
42967	2009-07-15	raw	2009-01-01
42968	2009-12-03	raw	2009-01-01
42969	2009-01-23	raw	2009-01-01
42970	2009-08-06	raw	2009-01-01
42971	2009-09-17	raw	2009-01-01
42972	2009-05-21	raw	2009-01-01
42973	2009-09-22	raw	2009-01-01
42974	2009-03-19	raw	2009-01-01
42975	2009-06-23	raw	2009-01-01
42976	2009-05-29	raw	2009-01-01
42977	2009-05-26	raw	2009-01-01
42978	2009-02-13	raw	2009-01-01
42979	2009-02-13	raw	2009-01-01
42980	2009-02-13	raw	2009-01-01
42981	2009-02-13	raw	2009-01-01
42982	2009-02-13	raw	2009-01-01
42983	2009-08-11	raw	2009-01-01
42984	2009-01-05	raw	2009-01-01
42985	2009-02-25	raw	2009-01-01
42986	2009-01-13	raw	2009-01-01
42987	2009-12-10	raw	2009-01-01
42988	2009-07-23	raw	2009-01-01
42989	2009-06-09	raw	2009-01-01
42990	2009-11-17	raw	2009-01-01
42991	2009-11-17	raw	2009-01-01
42992	2009-01-27	raw	2009-01-01
42993	2009-11-10	raw	2009-01-01
42994	2009-10-13	raw	2009-01-01
42995	2009-02-03	raw	2009-01-01
42996	2009-03-12	raw	2009-01-01
42997	2009-03-24	raw	2009-01-01
42998	2009-02-19	raw	2009-01-01
42999	2009-09-28	raw	2009-01-01
43001	2009-11-17	raw	2009-01-01
43002	2009-11-13	raw	2009-01-01
43003	2009-12-17	raw	2009-01-01
43004	2009-10-19	raw	2009-01-01
43005	2009-09-12	raw	2009-01-01
43006	2009-04-18	raw	2009-01-01
43007	2009-09-12	raw	2009-01-01
43009	2009-11-20	raw	2009-01-01
43010	2009-06-30	raw	2009-01-01
43011	2009-12-24	raw	2009-01-01
43012	2009-07-17	raw	2009-01-01
43013	2009-12-17	raw	2009-01-01
43014	2009-12-03	raw	2009-01-01
43015	2009-06-09	raw	2009-01-01
43016	2009-06-09	raw	2009-01-01
43017	2009-04-24	raw	2009-01-01
43018	2009-10-27	raw	2009-01-01
43019	2009-09-14	raw	2009-01-01
43022	2009-04-02	raw	2009-01-01
43023	2009-05-21	raw	2009-01-01
43024	2009-11-26	raw	2009-01-01
43025	2009-06-01	raw	2009-01-01
43026	2009-07-30	raw	2009-01-01
43027	2009-03-03	raw	2009-01-01
43028	2009-05-05	raw	2009-01-01
43029	2009-02-24	raw	2009-01-01
43032	2009-06-15	raw	2009-01-01
43033	2009-04-27	raw	2009-01-01
43034	2009-06-15	raw	2009-01-01
43035	2009-09-30	raw	2009-01-01
43036	2009-10-15	raw	2009-01-01
43037	2009-01-29	raw	2009-01-01
43038	2009-11-01	raw	2009-01-01
43039	2009-12-15	raw	2009-01-01
43040	2009-08-14	raw	2009-01-01
43041	2009-06-25	raw	2009-01-01
43042	2009-12-03	raw	2009-01-01
43043	2009-11-03	raw	2009-01-01
43044	2009-12-03	raw	2009-01-01
43045	2009-10-19	raw	2009-01-01
43046	2009-11-10	raw	2009-01-01
43047	2009-08-07	raw	2009-01-01
43048	2009-05-21	raw	2009-01-01
43049	2009-11-12	raw	2009-01-01
43050	2009-05-12	raw	2009-01-01
43051	2009-06-30	raw	2009-01-01
43052	2009-10-22	raw	2009-01-01
43053	2009-09-17	raw	2009-01-01
43054	2009-11-03	raw	2009-01-01
43055	2009-12-03	raw	2009-01-01
43056	2009-07-30	raw	2009-01-01
43057	2009-02-12	raw	2009-01-01
43058	2009-11-05	raw	2009-01-01
43059	2009-12-08	raw	2009-01-01
43060	2009-03-13	raw	2009-01-01
43061	2009-02-19	raw	2009-01-01
43062	2009-07-15	raw	2009-01-01
43063	2009-09-22	raw	2009-01-01
43064	2009-03-20	raw	2009-01-01
43065	2009-03-17	raw	2009-01-01
43066	2009-09-15	raw	2009-01-01
43067	2009-05-08	raw	2009-01-01
43068	2009-07-29	raw	2009-01-01
43069	2009-04-13	raw	2009-01-01
43070	2009-08-06	raw	2009-01-01
43071	2009-09-23	raw	2009-01-01
43072	2009-07-02	raw	2009-01-01
43073	2009-03-19	raw	2009-01-01
43074	2009-01-15	raw	2009-01-01
43075	2009-10-08	raw	2009-01-01
43076	2009-12-03	raw	2009-01-01
43077	2009-02-19	raw	2009-01-01
43078	2009-07-11	raw	2009-01-01
43079	2009-10-15	raw	2009-01-01
43080	2009-02-26	raw	2009-01-01
43081	2009-08-06	raw	2009-01-01
43082	2009-09-17	raw	2009-01-01
43083	2009-12-03	raw	2009-01-01
43084	2009-01-21	raw	2009-01-01
43085	2009-10-27	raw	2009-01-01
43086	2009-05-21	raw	2009-01-01
43087	2009-09-03	raw	2009-01-01
43088	2009-09-29	raw	2009-01-01
43089	2009-09-29	raw	2009-01-01
43090	2009-09-29	raw	2009-01-01
43091	2009-04-03	raw	2009-01-01
43092	2009-10-15	raw	2009-01-01
43093	2009-06-03	raw	2009-01-01
43095	2009-05-21	raw	2009-01-01
43096	2009-05-26	raw	2009-01-01
43097	2009-03-26	raw	2009-01-01
43098	2009-06-30	raw	2009-01-01
43099	2009-03-03	raw	2009-01-01
43100	2009-10-26	raw	2009-01-01
43101	2009-03-25	raw	2009-01-01
43102	2009-10-06	raw	2009-01-01
43103	2009-10-12	raw	2009-01-01
43104	2009-11-03	raw	2009-01-01
43105	2009-09-15	raw	2009-01-01
43106	2009-05-27	raw	2009-01-01
43107	2009-05-27	raw	2009-01-01
43109	2009-11-26	raw	2009-01-01
43110	2009-11-10	raw	2009-01-01
43111	2009-11-10	raw	2009-01-01
43112	2009-08-21	raw	2009-01-01
43113	2009-03-05	raw	2009-01-01
43114	2009-11-05	raw	2009-01-01
43115	2009-04-09	raw	2009-01-01
43116	2009-02-25	raw	2009-01-01
43117	2009-08-27	raw	2009-01-01
43118	2009-04-02	raw	2009-01-01
43119	2009-12-18	raw	2009-01-01
43120	2009-04-06	raw	2009-01-01
43121	2009-07-23	raw	2009-01-01
43122	2009-05-28	raw	2009-01-01
43123	2009-10-29	raw	2009-01-01
43124	2009-10-27	raw	2009-01-01
43125	2009-06-25	raw	2009-01-01
43126	2009-05-28	raw	2009-01-01
43127	2009-06-18	raw	2009-01-01
43128	2009-06-18	raw	2009-01-01
43129	2009-10-08	raw	2009-01-01
43130	2009-10-08	raw	2009-01-01
43131	2009-01-29	raw	2009-01-01
43132	2009-11-13	raw	2009-01-01
43133	2009-03-19	raw	2009-01-01
43134	2009-11-09	raw	2009-01-01
43135	2009-02-18	raw	2009-01-01
43136	2009-03-26	raw	2009-01-01
43137	2009-03-05	raw	2009-01-01
43138	2009-01-22	raw	2009-01-01
43139	2009-10-23	raw	2009-01-01
43140	2009-07-07	raw	2009-01-01
43141	2009-01-27	raw	2009-01-01
43142	2009-08-25	raw	2009-01-01
43143	2009-04-02	raw	2009-01-01
43144	2009-09-01	raw	2009-01-01
43145	2009-02-19	raw	2009-01-01
43146	2009-03-12	raw	2009-01-01
43147	2009-07-28	raw	2009-01-01
43148	2009-09-17	raw	2009-01-01
43149	2009-06-18	raw	2009-01-01
43150	2009-12-07	raw	2009-01-01
43151	2009-01-09	raw	2009-01-01
43152	2009-03-13	raw	2009-01-01
43153	2009-09-22	raw	2009-01-01
43154	2009-05-21	raw	2009-01-01
43155	2009-10-20	raw	2009-01-01
43156	2009-11-08	raw	2009-01-01
43157	2009-03-05	raw	2009-01-01
43158	2009-02-06	raw	2009-01-01
43159	2009-02-19	raw	2009-01-01
43160	2009-08-06	raw	2009-01-01
43162	2009-12-19	raw	2009-01-01
43163	2009-03-12	raw	2009-01-01
43164	2009-06-18	raw	2009-01-01
43165	2009-06-04	raw	2009-01-01
43166	2009-03-24	raw	2009-01-01
43167	2009-10-23	raw	2009-01-01
43168	2009-03-26	raw	2009-01-01
43169	2009-06-23	raw	2009-01-01
43170	2009-06-23	raw	2009-01-01
43171	2009-07-02	raw	2009-01-01
43172	2009-08-06	raw	2009-01-01
43173	2009-02-10	raw	2009-01-01
43174	2009-11-12	raw	2009-01-01
43175	2009-02-26	raw	2009-01-01
43176	2009-06-30	raw	2009-01-01
43177	2009-10-29	raw	2009-01-01
43178	2009-01-29	raw	2009-01-01
43179	2009-10-20	raw	2009-01-01
43180	2009-04-29	raw	2009-01-01
43181	2009-09-30	raw	2009-01-01
43182	2009-11-13	raw	2009-01-01
43183	2009-01-20	raw	2009-01-01
43184	2009-08-10	raw	2009-01-01
43185	2009-10-13	raw	2009-01-01
43186	2009-09-22	raw	2009-01-01
43187	2009-09-18	raw	2009-01-01
43188	2009-03-26	raw	2009-01-01
43189	2009-02-12	raw	2009-01-01
43190	2009-11-24	raw	2009-01-01
43191	2009-09-01	raw	2009-01-01
43192	2009-11-03	raw	2009-01-01
43193	2009-11-19	raw	2009-01-01
43194	2009-08-25	raw	2009-01-01
43195	2009-03-16	raw	2009-01-01
43196	2009-11-05	raw	2009-01-01
43197	2009-02-06	raw	2009-01-01
43198	2009-04-23	raw	2009-01-01
43199	2009-12-03	raw	2009-01-01
43200	2009-05-19	raw	2009-01-01
43201	2009-06-25	raw	2009-01-01
43202	2009-05-21	raw	2009-01-01
43203	2009-05-21	raw	2009-01-01
43204	2009-06-15	raw	2009-01-01
43205	2009-09-04	raw	2009-01-01
43206	2009-10-23	raw	2009-01-01
43432	2009-03-24	raw	2009-01-01
43477	2009-04-07	raw	2009-01-01
43523	2009-05-01	raw	2009-01-01
43584	2009-05-05	raw	2009-01-01
43678	1994-09-01	wikidata:Q3275126	1994-01-01
43742	2009-06-30	raw	2009-01-01
43819	2009-07-28	raw	2009-01-01
44305	2009-11-03	raw	2009-01-01
44489	2009-11-17	raw	2009-01-01
44513	2009-12-01	raw	2009-01-01
44523	2010-09-14	raw	2010-01-01
44524	2010-04-23	raw	2010-01-01
44525	2010-11-16	raw	2010-01-01
44526	2010-03-08	raw	2010-01-01
44527	2010-03-02	raw	2010-01-01
44528	2010-12-09	raw	2010-01-01
44529	2010-03-02	raw	2010-01-01
44530	2010-09-14	raw	2010-01-01
44531	2010-06-07	raw	2010-01-01
44534	2010-08-13	raw	2010-01-01
44535	2010-11-02	raw	2010-01-01
44537	2010-09-24	raw	2010-01-01
44538	2010-07-06	raw	2010-01-01
44539	2010-11-02	raw	2010-01-01
44541	2010-10-20	raw	2010-01-01
44542	2010-05-25	raw	2010-01-01
44543	2010-03-23	raw	2010-01-01
44544	2010-11-16	raw	2010-01-01
44545	2010-09-07	raw	2010-01-01
44546	2010-08-05	raw	2010-01-01
44547	2010-03-02	raw	2010-01-01
44548	2010-04-20	raw	2010-01-01
44549	2010-03-31	raw	2010-01-01
44550	2010-01-18	raw	2010-01-01
44551	2010-10-05	raw	2010-01-01
44552	2010-01-29	raw	2010-01-01
44553	2010-02-02	raw	2010-01-01
44554	2010-02-09	raw	2010-01-01
44555	2010-07-15	raw	2010-01-01
44556	2010-10-24	raw	2010-01-01
44557	2010-09-10	raw	2010-01-01
44558	2010-03-23	raw	2010-01-01
44559	2010-05-18	raw	2010-01-01
44560	2010-11-23	raw	2010-01-01
44561	2010-10-19	raw	2010-01-01
44562	2010-10-09	raw	2010-01-01
44563	2010-11-30	raw	2010-01-01
44564	2010-11-09	raw	2010-01-01
44565	2010-08-03	raw	2010-01-01
44566	2010-03-16	raw	2010-01-01
44567	2010-10-20	raw	2010-01-01
44568	2010-07-20	raw	2010-01-01
44569	2010-11-23	raw	2010-01-01
44570	2010-03-23	raw	2010-01-01
44571	2010-11-15	raw	2010-01-01
44572	2010-03-03	raw	2010-01-01
44573	2010-08-05	raw	2010-01-01
44574	2010-11-08	raw	2010-01-01
44575	2010-07-13	raw	2010-01-01
44576	2010-11-08	raw	2010-01-01
44577	2010-02-25	raw	2010-01-01
44578	2010-04-29	raw	2010-01-01
44579	2010-10-22	raw	2010-01-01
44580	2010-10-26	raw	2010-01-01
44581	2010-01-26	raw	2010-01-01
44582	2010-12-02	raw	2010-01-01
44583	2010-03-18	raw	2010-01-01
44584	2010-06-22	raw	2010-01-01
44585	2010-02-16	raw	2010-01-01
44586	2010-11-12	raw	2010-01-01
44587	2010-06-25	raw	2010-01-01
44588	2010-11-25	raw	2010-01-01
44589	2010-08-13	raw	2010-01-01
44590	2010-04-23	raw	2010-01-01
44591	2010-01-12	raw	2010-01-01
44592	2010-02-09	raw	2010-01-01
44593	2010-04-08	raw	2010-01-01
44594	2010-02-18	raw	2010-01-01
44595	2010-09-13	raw	2010-01-01
44596	2010-09-13	raw	2010-01-01
44597	2010-10-05	raw	2010-01-01
44598	2010-04-15	raw	2010-01-01
44599	2010-04-15	raw	2010-01-01
44600	2010-05-04	raw	2010-01-01
44601	2010-07-22	raw	2010-01-01
44602	2010-11-11	raw	2010-01-01
44603	2010-07-06	raw	2010-01-01
44604	2010-09-24	raw	2010-01-01
44605	2010-10-29	raw	2010-01-01
44606	2010-11-09	raw	2010-01-01
44607	2010-07-01	raw	2010-01-01
44608	2010-11-15	raw	2010-01-01
44609	2010-05-25	raw	2010-01-01
44610	2010-11-23	raw	2010-01-01
44611	2010-06-15	raw	2010-01-01
44612	2010-11-04	raw	2010-01-01
44613	2010-11-12	raw	2010-01-01
44614	2010-08-03	raw	2010-01-01
44615	2010-02-11	raw	2010-01-01
44616	2010-04-28	raw	2010-01-01
44617	2010-01-28	raw	2010-01-01
44618	2010-11-02	raw	2010-01-01
44619	2010-05-18	raw	2010-01-01
44620	2010-01-04	raw	2010-01-01
44621	2010-12-29	raw	2010-01-01
44622	2010-07-01	raw	2010-01-01
44623	2010-11-24	raw	2010-01-01
44625	2010-04-01	raw	2010-01-01
44626	2010-10-08	raw	2010-01-01
44627	2010-06-18	raw	2010-01-01
44628	2010-09-14	raw	2010-01-01
44629	2010-09-24	raw	2010-01-01
44630	2010-10-19	raw	2010-01-01
44632	2010-01-15	raw	2010-01-01
44633	2010-06-15	raw	2010-01-01
44634	2010-08-27	raw	2010-01-01
44635	2010-05-21	raw	2010-01-01
44636	2010-09-21	raw	2010-01-01
44637	2010-04-23	raw	2010-01-01
44638	2010-11-18	raw	2010-01-01
44639	2010-08-13	raw	2010-01-01
44640	2010-02-25	raw	2010-01-01
44641	2010-12-09	raw	2010-01-01
44642	2010-08-10	raw	2010-01-01
44643	2010-06-25	raw	2010-01-01
44644	2010-02-25	raw	2010-01-01
44645	2010-01-28	raw	2010-01-01
44646	2010-02-26	raw	2010-01-01
44647	2010-10-26	raw	2010-01-01
44648	2010-02-25	raw	2010-01-01
44649	2010-06-02	raw	2010-01-01
44651	2010-06-19	raw	2010-01-01
44652	2010-10-14	raw	2010-01-01
44653	2010-10-19	raw	2010-01-01
44654	2010-11-25	raw	2010-01-01
44655	2010-12-10	raw	2010-01-01
44656	2010-10-28	raw	2010-01-01
44657	2010-11-02	raw	2010-01-01
44658	2010-08-27	raw	2010-01-01
44659	2010-06-05	raw	2010-01-01
44660	2010-08-24	raw	2010-01-01
44661	2010-10-15	raw	2010-01-01
44662	2010-02-25	raw	2010-01-01
44663	2010-07-08	raw	2010-01-01
44664	2010-08-05	raw	2010-01-01
44665	2010-10-15	raw	2010-01-01
44666	2010-02-23	raw	2010-01-01
44667	2010-09-13	raw	2010-01-01
44668	2010-03-16	raw	2010-01-01
44669	2010-11-10	raw	2010-01-01
44670	2010-08-20	raw	2010-01-01
44671	2010-02-25	raw	2010-01-01
44672	2010-06-03	raw	2010-01-01
44673	2010-10-07	raw	2010-01-01
44674	2010-03-26	raw	2010-01-01
44675	2010-11-05	raw	2010-01-01
44676	2010-09-02	raw	2010-01-01
44677	2010-09-18	raw	2010-01-01
44678	2010-11-23	raw	2010-01-01
44679	2010-12-03	raw	2010-01-01
44680	2010-03-23	raw	2010-01-01
44681	2010-04-01	raw	2010-01-01
44682	2010-02-04	raw	2010-01-01
44683	2010-10-18	raw	2010-01-01
44684	2010-06-18	raw	2010-01-01
44685	2010-05-18	raw	2010-01-01
44686	2010-11-05	raw	2010-01-01
44687	2010-11-03	raw	2010-01-01
44688	2010-01-26	raw	2010-01-01
44689	2010-10-26	raw	2010-01-01
44690	2010-02-11	raw	2010-01-01
44691	2010-07-01	raw	2010-01-01
44692	2010-07-01	raw	2010-01-01
44693	2010-12-16	raw	2010-01-01
44694	2010-11-02	raw	2010-01-01
44695	2010-04-22	raw	2010-01-01
44696	2010-10-16	raw	2010-01-01
44697	2010-09-23	raw	2010-01-01
44698	2010-11-02	raw	2010-01-01
44699	2010-05-04	raw	2010-01-01
44700	2010-11-02	raw	2010-01-01
44701	2010-10-05	raw	2010-01-01
44702	2010-08-05	raw	2010-01-01
44703	2010-04-23	raw	2010-01-01
44704	2010-10-12	raw	2010-01-01
44705	2010-02-05	raw	2010-01-01
44706	2010-03-02	raw	2010-01-01
44707	2010-03-04	raw	2010-01-01
44708	2010-03-30	raw	2010-01-01
44709	2010-01-20	raw	2010-01-01
44710	2010-07-02	raw	2010-01-01
44711	2010-07-29	raw	2010-01-01
44712	2010-04-29	raw	2010-01-01
44713	2010-07-22	raw	2010-01-01
44714	2010-03-18	raw	2010-01-01
44715	2010-12-02	raw	2010-01-01
44716	2010-03-04	raw	2010-01-01
44717	2010-07-15	raw	2010-01-01
44718	2010-06-22	raw	2010-01-01
44719	2010-10-07	raw	2010-01-01
44720	2010-11-04	raw	2010-01-01
44721	2010-04-29	raw	2010-01-01
44722	2010-04-22	raw	2010-01-01
44723	2010-10-14	raw	2010-01-01
44725	2010-04-01	raw	2010-01-01
44728	2010-07-30	raw	2010-01-01
44729	2010-01-14	raw	2010-01-01
44730	2010-12-14	raw	2010-01-01
44731	2010-10-31	raw	2010-01-01
44732	2010-05-28	raw	2010-01-01
44733	2010-11-11	raw	2010-01-01
44738	2010-07-20	raw	2010-01-01
44739	2010-07-29	raw	2010-01-01
44740	2010-06-18	raw	2010-01-01
44741	2010-05-25	raw	2010-01-01
44742	2010-06-18	raw	2010-01-01
44743	2010-12-02	raw	2010-01-01
44744	2010-12-19	raw	2010-01-01
44745	2010-10-11	raw	2010-01-01
44746	2010-04-23	raw	2010-01-01
44747	2010-10-05	raw	2010-01-01
44748	2010-10-05	raw	2010-01-01
44749	2010-10-05	raw	2010-01-01
44750	2010-01-28	raw	2010-01-01
44751	2010-07-15	raw	2010-01-01
44752	2010-10-15	raw	2010-01-01
44753	2010-06-24	raw	2010-01-01
44754	2010-02-25	raw	2010-01-01
44755	2010-02-11	raw	2010-01-01
44756	2010-06-17	raw	2010-01-01
44758	2010-10-14	raw	2010-01-01
44759	2010-06-25	raw	2010-01-01
44760	2010-03-02	raw	2010-01-01
44761	2010-08-05	raw	2010-01-01
44762	2010-04-15	raw	2010-01-01
44763	2010-04-15	raw	2010-01-01
44764	2010-09-30	raw	2010-01-01
44765	2010-11-14	raw	2010-01-01
44766	2010-11-16	raw	2010-01-01
44767	2010-11-30	raw	2010-01-01
44770	2010-10-20	raw	2010-01-01
44771	2010-05-27	raw	2010-01-01
44772	2010-05-27	raw	2010-01-01
44773	2010-10-26	raw	2010-01-01
44774	2010-06-08	raw	2010-01-01
44776	2010-12-02	raw	2010-01-01
44777	2010-07-29	raw	2010-01-01
44778	2010-11-23	raw	2010-01-01
44779	2010-09-21	raw	2010-01-01
44781	2010-09-30	raw	2010-01-01
44782	2010-03-26	raw	2010-01-01
44783	2010-02-10	raw	2010-01-01
44784	2010-03-25	raw	2010-01-01
44785	2010-11-25	raw	2010-01-01
44786	2010-11-02	raw	2010-01-01
44787	2010-03-18	raw	2010-01-01
44788	2010-07-01	raw	2010-01-01
44789	2010-12-02	raw	2010-01-01
44790	2010-10-26	raw	2010-01-01
44791	2010-05-25	raw	2010-01-01
44792	2010-11-09	raw	2010-01-01
44793	2010-11-18	raw	2010-01-01
44794	2010-10-26	raw	2010-01-01
44795	2010-10-12	raw	2010-01-01
44796	2010-02-10	raw	2010-01-01
44797	2010-03-23	raw	2010-01-01
44798	2010-03-23	raw	2010-01-01
44799	2010-09-28	raw	2010-01-01
44800	2010-11-26	raw	2010-01-01
44801	2010-02-10	raw	2010-01-01
44802	2010-04-22	raw	2010-01-01
44803	2010-10-08	raw	2010-01-01
44804	2010-03-18	raw	2010-01-01
44805	2010-09-21	raw	2010-01-01
44806	2010-10-26	raw	2010-01-01
44807	2010-04-01	raw	2010-01-01
44808	2010-09-02	raw	2010-01-01
44809	2010-02-18	raw	2010-01-01
44810	2010-08-28	raw	2010-01-01
44811	2010-12-02	raw	2010-01-01
44812	2010-07-06	raw	2010-01-01
44813	2010-09-09	raw	2010-01-01
44814	2010-06-28	raw	2010-01-01
44815	2010-09-17	raw	2010-01-01
44816	2010-07-13	raw	2010-01-01
44817	2010-12-02	raw	2010-01-01
44818	2010-03-26	raw	2010-01-01
44819	2010-04-01	raw	2010-01-01
44820	2010-10-05	raw	2010-01-01
44821	2010-10-05	raw	2010-01-01
44822	2010-10-26	raw	2010-01-01
44823	2010-10-27	raw	2010-01-01
44824	2010-10-24	raw	2010-01-01
44825	2010-11-02	raw	2010-01-01
44826	2010-12-02	raw	2010-01-01
44827	2010-09-14	raw	2010-01-01
44828	2010-03-25	raw	2010-01-01
44829	2010-11-14	raw	2010-01-01
44830	2010-11-26	raw	2010-01-01
44831	2010-09-17	raw	2010-01-01
44832	2010-09-24	raw	2010-01-01
44834	2010-09-18	raw	2010-01-01
44835	2010-03-06	raw	2010-01-01
44836	2010-09-18	raw	2010-01-01
44837	2010-08-19	raw	2010-01-01
44838	2010-12-10	raw	2010-01-01
44839	2010-12-10	raw	2010-01-01
44840	2010-11-25	raw	2010-01-01
44841	2010-05-10	raw	2010-01-01
44842	2010-09-03	raw	2010-01-01
44843	2010-03-25	raw	2010-01-01
44844	2010-03-25	raw	2010-01-01
44845	2010-12-09	raw	2010-01-01
44846	2010-01-28	raw	2010-01-01
44847	2010-11-09	raw	2010-01-01
44848	2010-05-17	raw	2010-01-01
44849	2010-06-16	raw	2010-01-01
44850	2010-06-23	raw	2010-01-01
44851	2010-09-10	raw	2010-01-01
44852	2010-02-11	raw	2010-01-01
44853	2010-07-22	raw	2010-01-01
44854	2010-03-11	raw	2010-01-01
44855	2010-11-03	raw	2010-01-01
44856	2010-09-28	raw	2010-01-01
44857	2010-09-28	raw	2010-01-01
44858	2010-10-01	raw	2010-01-01
44859	2010-11-25	raw	2010-01-01
44860	2010-05-28	raw	2010-01-01
44861	2010-10-28	raw	2010-01-01
44862	2010-09-03	raw	2010-01-01
44863	2010-05-27	raw	2010-01-01
44864	2010-10-12	raw	2010-01-01
44865	2010-06-17	raw	2010-01-01
44866	2010-03-23	raw	2010-01-01
44867	2010-11-09	raw	2010-01-01
44868	2010-05-07	raw	2010-01-01
44869	2010-12-02	raw	2010-01-01
44870	2010-05-27	raw	2010-01-01
44871	2010-07-26	raw	2010-01-01
44872	2010-01-28	raw	2010-01-01
44873	2010-06-08	raw	2010-01-01
44874	2010-02-09	raw	2010-01-01
44875	2010-09-14	raw	2010-01-01
44876	2010-09-28	raw	2010-01-01
44877	2010-03-25	raw	2010-01-01
44878	2010-08-27	raw	2010-01-01
44879	2010-03-25	raw	2010-01-01
44880	2010-05-27	raw	2010-01-01
44881	2010-03-18	raw	2010-01-01
44882	2010-03-18	raw	2010-01-01
44883	2010-03-18	raw	2010-01-01
44884	2010-10-19	raw	2010-01-01
44885	2010-10-19	raw	2010-01-01
44886	2010-09-23	raw	2010-01-01
44887	2010-11-30	raw	2010-01-01
44888	2010-06-25	raw	2010-01-01
44889	2010-01-28	raw	2010-01-01
44890	2010-02-25	raw	2010-01-01
44891	2010-11-23	raw	2010-01-01
44892	2010-10-19	raw	2010-01-01
44893	2010-11-11	raw	2010-01-01
44894	2010-10-28	raw	2010-01-01
44895	2010-10-15	raw	2010-01-01
44896	2010-11-11	raw	2010-01-01
44897	2010-03-02	raw	2010-01-01
44898	2010-11-11	raw	2010-01-01
44899	2010-03-16	raw	2010-01-01
44900	2010-09-07	raw	2010-01-01
44901	2010-03-02	raw	2010-01-01
44902	2010-10-05	raw	2010-01-01
44903	2010-10-26	raw	2010-01-01
44904	2010-10-21	raw	2010-01-01
44905	2010-11-09	raw	2010-01-01
44906	2010-07-29	raw	2010-01-01
44907	2010-02-25	raw	2010-01-01
44908	2010-11-25	raw	2010-01-01
44909	2010-05-27	raw	2010-01-01
44910	2010-10-12	raw	2010-01-01
44911	2010-03-26	raw	2010-01-01
44913	2010-03-31	raw	2010-01-01
44914	2010-06-29	raw	2010-01-01
44915	2010-12-07	raw	2010-01-01
44916	2010-07-22	raw	2010-01-01
44917	2010-07-01	raw	2010-01-01
44918	2010-11-19	raw	2010-01-01
44919	2010-04-14	raw	2010-01-01
44920	2010-04-14	raw	2010-01-01
44921	2010-04-14	raw	2010-01-01
44922	2010-04-14	raw	2010-01-01
44923	2010-11-11	raw	2010-01-01
44924	2010-11-05	raw	2010-01-01
44925	2010-06-17	raw	2010-01-01
44926	2010-09-30	raw	2010-01-01
44927	2010-10-07	raw	2010-01-01
44928	2010-06-23	raw	2010-01-01
44929	2010-02-11	raw	2010-01-01
44930	2010-05-25	raw	2010-01-01
44931	2010-08-25	raw	2010-01-01
44932	2010-09-26	raw	2010-01-01
44933	2010-03-09	raw	2010-01-01
44934	2010-06-29	raw	2010-01-01
44935	2010-09-14	raw	2010-01-01
44936	2010-12-03	raw	2010-01-01
44937	2010-10-26	raw	2010-01-01
44938	2010-07-13	raw	2010-01-01
44939	2010-06-11	raw	2010-01-01
44940	2010-08-20	raw	2010-01-01
44941	2010-06-24	raw	2010-01-01
44942	2010-10-14	raw	2010-01-01
44943	2010-11-11	raw	2010-01-01
44944	2010-11-05	raw	2010-01-01
44946	2010-12-03	raw	2010-01-01
44947	2010-09-24	raw	2010-01-01
44948	2010-06-22	raw	2010-01-01
44949	2010-06-22	raw	2010-01-01
44950	2010-05-13	raw	2010-01-01
44951	2010-11-26	raw	2010-01-01
44952	2010-09-12	raw	2010-01-01
44953	2010-02-25	raw	2010-01-01
44954	2010-04-21	raw	2010-01-01
44955	2010-06-29	raw	2010-01-01
44956	2010-10-08	raw	2010-01-01
44957	2010-04-27	raw	2010-01-01
44958	2010-12-03	raw	2010-01-01
44959	2010-11-02	raw	2010-01-01
44960	2010-10-05	raw	2010-01-01
44961	2010-02-25	raw	2010-01-01
44962	2010-08-17	raw	2010-01-01
44963	2010-11-26	raw	2010-01-01
44964	2010-02-26	raw	2010-01-01
44965	2010-06-22	raw	2010-01-01
44966	2010-05-26	raw	2010-01-01
44967	2010-10-08	raw	2010-01-01
44968	2010-07-29	raw	2010-01-01
44969	2010-11-16	raw	2010-01-01
44970	2010-03-26	raw	2010-01-01
44971	2010-06-18	raw	2010-01-01
44972	2010-12-07	raw	2010-01-01
44973	2010-11-12	raw	2010-01-01
44974	2010-02-18	raw	2010-01-01
44975	2010-05-27	raw	2010-01-01
44976	2010-10-28	raw	2010-01-01
44977	2010-09-01	raw	2010-01-01
44978	2010-03-21	raw	2010-01-01
44979	2010-10-12	raw	2010-01-01
44980	2010-10-12	raw	2010-01-01
44981	2010-11-16	raw	2010-01-01
44982	2010-09-30	raw	2010-01-01
45062	2010-02-11	raw	2010-01-01
45312	2010-04-29	raw	2010-01-01
45652	2010-08-31	raw	2010-01-01
45730	2010-09-10	raw	2010-01-01
45751	2010-09-14	raw	2010-01-01
45865	2010-10-26	raw	2010-01-01
46121	2010-11-16	raw	2010-01-01
46256	2011-04-08	raw	2011-01-01
46257	2011-08-26	raw	2011-01-01
46258	2011-05-12	raw	2011-01-01
46259	2011-08-12	raw	2011-01-01
46260	2011-03-30	raw	2011-01-01
46261	2011-06-30	raw	2011-01-01
46262	2011-08-04	raw	2011-01-01
46263	2011-09-29	raw	2011-01-01
46264	2011-08-04	raw	2011-01-01
46265	2011-05-31	raw	2011-01-01
46266	2011-11-17	raw	2011-01-01
46267	2011-11-17	raw	2011-01-01
46268	2011-03-08	raw	2011-01-01
46269	2011-09-23	raw	2011-01-01
46270	2011-12-15	raw	2011-01-01
46271	2011-09-20	raw	2011-01-01
46272	2011-03-10	raw	2011-01-01
46273	2011-11-15	raw	2011-01-01
46274	2011-10-18	raw	2011-01-01
46275	2011-03-15	raw	2011-01-01
46277	2011-07-14	raw	2011-01-01
46278	2011-06-29	raw	2011-01-01
46279	2011-03-04	raw	2011-01-01
46280	2011-05-24	raw	2011-01-01
46281	2011-11-08	raw	2011-01-01
46282	2011-07-14	raw	2011-01-01
46283	2011-07-14	raw	2011-01-01
46284	2011-05-11	raw	2011-01-01
46285	2011-11-18	raw	2011-01-01
46286	2011-09-09	raw	2011-01-01
46287	2011-09-27	raw	2011-01-01
46288	2011-03-01	raw	2011-01-01
46291	2011-07-14	raw	2011-01-01
46292	2011-04-14	raw	2011-01-01
46293	2011-11-08	raw	2011-01-01
46294	2011-02-22	raw	2011-01-01
46295	2011-02-10	raw	2011-01-01
46296	2011-03-01	raw	2011-01-01
46297	2011-03-03	raw	2011-01-01
46298	2011-03-03	raw	2011-01-01
46299	2011-11-01	raw	2011-01-01
46300	2011-11-01	raw	2011-01-01
46301	2011-11-01	raw	2011-01-01
46302	2011-02-03	raw	2011-01-01
46303	2011-03-31	raw	2011-01-01
46304	2011-10-03	raw	2011-01-01
46305	2011-05-24	raw	2011-01-01
46306	2011-10-25	raw	2011-01-01
46307	2011-11-15	raw	2011-01-01
46308	2011-10-03	raw	2011-01-01
46309	2011-04-08	raw	2011-01-01
46310	2011-12-16	raw	2011-01-01
46311	2011-01-20	raw	2011-01-01
46312	2011-03-18	raw	2011-01-01
46313	2011-06-10	raw	2011-01-01
46315	2011-11-24	raw	2011-01-01
46316	2011-11-10	raw	2011-01-01
46317	2011-11-04	raw	2011-01-01
46318	2011-07-05	raw	2011-01-01
46319	2011-01-21	raw	2011-01-01
46320	2011-11-01	raw	2011-01-01
46322	2011-06-07	raw	2011-01-01
46323	2011-11-18	raw	2011-01-01
46324	2011-02-03	raw	2011-01-01
46325	2011-04-28	raw	2011-01-01
46326	2011-02-17	raw	2011-01-01
46327	2011-11-08	raw	2011-01-01
46328	2011-03-18	raw	2011-01-01
46329	2011-07-01	raw	2011-01-01
46330	2011-03-18	raw	2011-01-01
46331	2011-09-07	raw	2011-01-01
46332	2011-12-20	raw	2011-01-01
46333	2011-12-20	raw	2011-01-01
46334	2011-10-25	raw	2011-01-01
46335	2011-06-17	raw	2011-01-01
46336	2011-11-25	raw	2011-01-01
46337	2011-07-05	raw	2011-01-01
46338	2011-08-26	raw	2011-01-01
46339	2011-11-25	raw	2011-01-01
46340	2011-03-25	raw	2011-01-01
46341	2011-06-17	raw	2011-01-01
46342	2011-06-28	raw	2011-01-01
46343	2011-11-24	raw	2011-01-01
46344	2011-02-06	raw	2011-01-01
46345	2011-03-29	raw	2011-01-01
46346	2011-03-15	raw	2011-01-01
46347	2011-03-25	raw	2011-01-01
46348	2011-11-29	raw	2011-01-01
46349	2011-02-08	raw	2011-01-01
46350	2011-03-16	raw	2011-01-01
46351	2011-09-06	raw	2011-01-01
46352	2011-04-22	raw	2011-01-01
46353	2011-09-23	raw	2011-01-01
46356	2011-04-08	raw	2011-01-01
46357	2011-01-20	raw	2011-01-01
46358	2011-11-17	raw	2011-01-01
46359	2011-09-04	raw	2011-01-01
46360	2011-09-04	raw	2011-01-01
46361	2011-04-07	raw	2011-01-01
46362	2011-08-04	raw	2011-01-01
46363	2011-04-28	raw	2011-01-01
46364	2011-11-06	raw	2011-01-01
46365	2011-04-21	raw	2011-01-01
46366	2011-04-12	raw	2011-01-01
46367	2011-11-11	raw	2011-01-01
46368	2011-05-10	raw	2011-01-01
46369	2011-03-22	raw	2011-01-01
46370	2011-08-11	raw	2011-01-01
46371	2011-12-26	raw	2011-01-01
46372	2011-12-17	raw	2011-01-01
46373	2011-06-17	raw	2011-01-01
46374	2011-01-27	raw	2011-01-01
46375	2011-07-15	raw	2011-01-01
46376	2011-02-08	raw	2011-01-01
46377	2011-09-16	raw	2011-01-01
46378	2011-03-08	raw	2011-01-01
46379	2011-12-14	raw	2011-01-01
46380	2011-07-30	raw	2011-01-01
46381	2011-08-12	raw	2011-01-01
46382	2011-04-21	raw	2011-01-01
46383	2011-12-08	raw	2011-01-01
46384	2011-01-07	raw	2011-01-01
46385	2011-11-17	raw	2011-01-01
46386	2011-10-25	raw	2011-01-01
46387	2011-03-22	raw	2011-01-01
46388	2011-11-06	raw	2011-01-01
46389	2011-05-16	raw	2011-01-01
46390	2011-04-15	raw	2011-01-01
46391	2011-08-21	raw	2011-01-01
46392	2011-06-16	raw	2011-01-01
46393	2011-06-30	raw	2011-01-01
46394	2011-03-26	raw	2011-01-01
46395	2011-03-28	raw	2011-01-01
46396	2011-11-01	raw	2011-01-01
46397	2011-09-13	raw	2011-01-01
46398	2011-06-15	raw	2011-01-01
46399	2011-07-21	raw	2011-01-01
46400	2011-11-23	raw	2011-01-01
46401	2011-11-17	raw	2011-01-01
46402	2011-11-23	raw	2011-01-01
46403	2011-04-04	raw	2011-01-01
46404	2011-04-21	raw	2011-01-01
46406	2011-09-18	raw	2011-01-01
46407	2011-08-18	raw	2011-01-01
46408	2011-01-25	raw	2011-01-01
46409	2011-05-24	raw	2011-01-01
46410	2011-03-25	raw	2011-01-01
46411	2011-03-08	raw	2011-01-01
46412	2011-10-18	raw	2011-01-01
46413	2011-02-08	raw	2011-01-01
46414	2011-10-25	raw	2011-01-01
46415	2011-03-29	raw	2011-01-01
46422	2011-01-18	raw	2011-01-01
46423	2011-09-22	raw	2011-01-01
46424	2011-08-05	raw	2011-01-01
46425	2011-12-01	raw	2011-01-01
46426	2011-11-22	raw	2011-01-01
46427	2011-03-17	raw	2011-01-01
46428	2011-07-14	raw	2011-01-01
46429	2011-12-16	raw	2011-01-01
46430	2011-10-27	raw	2011-01-01
46431	2011-12-15	raw	2011-01-01
46432	2011-10-12	raw	2011-01-01
46433	2011-02-25	raw	2011-01-01
46434	2011-11-30	raw	2011-01-01
46435	2011-02-22	raw	2011-01-01
46436	2011-05-26	raw	2011-01-01
46437	2011-04-07	raw	2011-01-01
46438	2011-10-26	raw	2011-01-01
46439	2011-01-06	raw	2011-01-01
46440	2011-03-16	raw	2011-01-01
46441	2011-11-08	raw	2011-01-01
46442	2011-08-02	raw	2011-01-01
46443	2011-06-16	raw	2011-01-01
46444	2011-07-28	raw	2011-01-01
46448	2011-01-27	raw	2011-01-01
46449	2011-08-25	raw	2011-01-01
46450	2011-10-04	raw	2011-01-01
46451	2011-11-08	raw	2011-01-01
46452	2011-08-12	raw	2011-01-01
46453	2011-04-12	raw	2011-01-01
46454	2011-10-25	raw	2011-01-01
46455	2011-08-25	raw	2011-01-01
46456	2011-02-22	raw	2011-01-01
46457	2011-11-10	raw	2011-01-01
46458	2011-11-01	raw	2011-01-01
46459	2011-08-26	raw	2011-01-01
46460	2011-10-25	raw	2011-01-01
46461	2011-07-19	raw	2011-01-01
46462	2011-04-28	raw	2011-01-01
46463	2011-08-19	raw	2011-01-01
46465	2011-03-03	raw	2011-01-01
46466	2011-12-10	raw	2011-01-01
46468	2011-04-21	raw	2011-01-01
46469	2011-06-14	raw	2011-01-01
46470	2011-06-14	raw	2011-01-01
46471	2011-12-13	raw	2011-01-01
46472	2011-05-26	raw	2011-01-01
46473	2011-11-08	raw	2011-01-01
46474	2011-12-08	raw	2011-01-01
46475	2011-09-01	raw	2011-01-01
46476	2011-09-07	raw	2011-01-01
46477	2011-11-15	raw	2011-01-01
46478	2011-11-08	raw	2011-01-01
46479	2011-08-19	raw	2011-01-01
46480	2011-11-11	raw	2011-01-01
46481	2011-10-11	raw	2011-01-01
46482	2011-09-27	raw	2011-01-01
46483	2011-02-08	raw	2011-01-01
46484	2011-08-29	raw	2011-01-01
46485	2011-05-05	raw	2011-01-01
46486	2011-02-24	raw	2011-01-01
46487	2011-11-01	raw	2011-01-01
46488	2011-09-27	raw	2011-01-01
46489	2011-03-29	raw	2011-01-01
46490	2011-01-20	raw	2011-01-01
46491	2011-02-08	raw	2011-01-01
46492	2011-11-01	raw	2011-01-01
46493	2011-06-07	raw	2011-01-01
46494	2011-06-07	raw	2011-01-01
46526	2008-03-20	raw	2008-01-01
47061	2011-07-12	raw	2011-01-01
47115	2011-08-02	raw	2011-01-01
47750	2011-11-15	raw	2011-01-01
47790	2012-11-02	raw	2012-01-01
47792	2012-04-30	raw	2012-01-01
47793	2012-11-20	raw	2012-01-01
47794	2012-08-02	raw	2012-01-01
47795	2012-04-20	raw	2012-01-01
47796	2012-11-13	raw	2012-01-01
47797	2012-07-10	raw	2012-01-01
47798	2012-10-30	raw	2012-01-01
47799	2012-11-06	raw	2012-01-01
47800	2012-11-11	raw	2012-01-01
47801	2012-06-26	raw	2012-01-01
47804	2012-08-07	raw	2012-01-01
47805	2012-05-19	raw	2012-01-01
47806	2012-09-09	raw	2012-01-01
47807	2012-10-26	raw	2012-01-01
47808	2012-03-08	raw	2012-01-01
47809	2012-08-16	raw	2012-01-01
47810	2012-03-28	raw	2012-01-01
47811	2012-04-26	raw	2012-01-01
47812	2012-01-13	raw	2012-01-01
47813	2012-07-11	raw	2012-01-01
47814	2012-09-18	raw	2012-01-01
47817	2012-06-29	raw	2012-01-01
47818	2012-10-19	raw	2012-01-01
47819	2012-02-17	raw	2012-01-01
47820	2012-09-07	raw	2012-01-01
47821	2012-07-06	raw	2012-01-01
47822	2012-11-06	raw	2012-01-01
47823	2012-07-24	raw	2012-01-01
47824	2012-06-26	raw	2012-01-01
47825	2012-03-02	raw	2012-01-01
47826	2012-11-30	raw	2012-01-01
47827	2012-06-29	raw	2012-01-01
47828	2012-04-06	raw	2012-01-01
47830	2012-05-22	raw	2012-01-01
47831	2012-03-02	raw	2012-01-01
47832	2012-10-30	raw	2012-01-01
47833	2012-06-19	raw	2012-01-01
47834	2012-10-30	raw	2012-01-01
47835	2012-05-25	raw	2012-01-01
47836	2012-08-09	raw	2012-01-01
47837	2012-05-25	raw	2012-01-01
47838	2012-03-06	raw	2012-01-01
47839	2012-04-19	raw	2012-01-01
47840	2012-10-26	raw	2012-01-01
47841	2012-11-13	raw	2012-01-01
47842	2012-10-26	raw	2012-01-01
47843	2012-05-03	raw	2012-01-01
47844	2012-04-03	raw	2012-01-01
47845	2012-04-06	raw	2012-01-01
47846	2012-03-22	raw	2012-01-01
47847	2012-03-22	raw	2012-01-01
47848	2012-03-22	raw	2012-01-01
47849	2012-11-13	raw	2012-01-01
47850	2012-05-05	raw	2012-01-01
47851	2012-06-23	raw	2012-01-01
47852	2012-03-17	raw	2012-01-01
47853	2012-06-23	raw	2012-01-01
47854	2012-11-06	raw	2012-01-01
47855	2012-11-30	raw	2012-01-01
47856	2012-07-13	raw	2012-01-01
47857	2012-07-15	raw	2012-01-01
47858	2012-05-25	raw	2012-01-01
47859	2012-03-13	raw	2012-01-01
47860	2012-06-26	raw	2012-01-01
47861	2012-10-30	raw	2012-01-01
47862	2012-06-29	raw	2012-01-01
47863	2012-10-30	raw	2012-01-01
47864	2012-06-29	raw	2012-01-01
47865	2012-09-27	raw	2012-01-01
47866	2012-10-24	raw	2012-01-01
47867	2012-10-30	raw	2012-01-01
47868	2012-11-13	raw	2012-01-01
47869	2012-08-02	raw	2012-01-01
47870	2012-10-30	raw	2012-01-01
47871	2012-03-13	raw	2012-01-01
47872	2012-05-11	raw	2012-01-01
47873	2012-02-21	raw	2012-01-01
47874	2012-06-12	raw	2012-01-01
48349	2012-06-05	raw	2012-01-01
49041	2012-11-20	raw	2012-01-01
49199	2013-11-12	raw	2013-01-01
49200	2013-11-19	raw	2013-01-01
49201	2013-10-29	raw	2013-01-01
49202	2013-03-19	raw	2013-01-01
49204	2013-01-25	raw	2013-01-01
49205	2013-03-29	raw	2013-01-01
49206	2013-11-15	raw	2013-01-01
49207	2013-09-13	raw	2013-01-01
49208	2013-03-01	raw	2013-01-01
49209	2013-08-31	raw	2013-01-01
49210	2013-07-13	raw	2013-01-01
49211	2013-10-29	raw	2013-01-01
49212	2013-10-11	raw	2013-01-01
49213	2013-06-28	raw	2013-01-01
49214	2013-04-19	raw	2013-01-01
49215	2013-07-16	raw	2013-01-01
49216	2013-08-13	raw	2013-01-01
49217	2013-04-19	raw	2013-01-01
49219	2013-10-22	raw	2013-01-01
49220	2013-07-23	raw	2013-01-01
49779	2013-07-16	raw	2013-01-01
49854	2013-08-06	raw	2013-01-01
50046	2013-09-24	raw	2013-01-01
50530	2014-09-26	raw	2014-01-01
50531	2014-04-08	raw	2014-01-01
50532	2014-02-18	raw	2014-01-01
50533	2014-10-17	raw	2014-01-01
50731	2005-10-16	regional:jp	2005-01-01
51693	2014-10-28	raw	2014-01-01
57642	2019-03-26	wikidata:Q102426517	2019-01-01
58395	2002-09-20	raw	2002-01-01
60369	2022-03-10	wikidata:Q106513296	2022-01-01
60370	2022-10-13	wikidata:Q110103693	2022-01-01
60375	2022-06-06	wikidata:Q112996242	2022-01-01
60376	2022-07-07	wikidata:Q113952338	2022-01-01
60377	2022-10-14	wikidata:Q64577198	2022-01-01
60380	2022-01-20	wikidata:Q110628141	2022-01-01
60384	2022-03-10	wikidata:Q110929484	2022-01-01
60386	2022-03-04	wikidata:Q111152365	2022-01-01
60626	2023-01-31	wikidata:Q108579526	2023-01-01
